ORDERNUMBER,QUANTITYORDERED,PRICEEACH,ORDERLINENUMBER,SALES,ORDERDATE,DAYS_SINCE_LASTORDER,STATUS,PRODUCTLINE,MSRP,PRODUCTCODE,CUSTOMERNAME,PHONE,ADDRESSLINE,CITY,POSTALCODE,COUNTRY,CONTACTLASTNAME,CONTACTFIRSTNAME,DEALSIZE
10107.0,30.0,95.7,2.0,2871.0,2018-02-24,828.0,5,1,95.0,S10_1678,Land of Toys Inc.,2125557818,897 Long Airport Avenue,NYC,10022,USA,Yu,Kwai,2
10121.0,34.0,81.35,5.0,2765.0,2018-05-07,757.0,5,1,95.0,S10_1678,Reims Collectables,26.47.1555,59 rue de l'Abbaye,Reims,51100,France,Henriot,Paul,2
10134.0,41.0,94.74,2.0,3884.0,2018-07-01,703.0,5,1,95.0,S10_1678,Lyon Souveniers,+33 1 46 62 7555,27 rue du Colonel Pierre Avia,Paris,75508,France,Da Cunha,Daniel,1
10145.0,45.0,83.26,6.0,3746.0,2018-08-25,649.0,5,1,95.0,S10_1678,Toys4GrownUps.com,6265557265,78934 Hillside Dr.,Pasadena,90003,USA,Young,Julie,1
10168.0,36.0,96.66,1.0,3479.0,2018-10-28,586.0,5,1,95.0,S10_1678,Technics Stores Inc.,6505556809,9408 Furth Circle,Burlingame,94217,USA,Hirano,Juri,1
10180.0,29.0,86.13,9.0,2497.0,2018-11-11,573.0,5,1,95.0,S10_1678,Daedalus Designs Imports,20.16.1555,"184, chausse de Tournai",Lille,59000,France,Rance,Martine,2
10188.0,48.0,114.84,1.0,5512.0,2018-11-18,567.0,5,1,95.0,S10_1678,Herkku Gifts,+47 2267 3215,"Drammen 121, PR 744 Sentrum",Bergen,N 5804,Norway,Oeztan,Veysel,1
10211.0,41.0,114.84,14.0,4708.0,2019-01-15,510.0,5,1,95.0,S10_1678,Auto Canal Petit,(1) 47.55.6555,"25, rue Lauriston",Paris,75016,France,Perrier,Dominique,1
10223.0,37.0,107.18,1.0,3965.0,2019-02-20,475.0,5,1,95.0,S10_1678,"Australian Collectors, Co.",03 9520 4555,636 St Kilda Road,Melbourne,3004,Australia,Ferguson,Peter,1
10237.0,23.0,101.44,7.0,2333.0,2019-04-05,432.0,5,1,95.0,S10_1678,Vitachrome Inc.,2125551500,2678 Kingston Rd.,NYC,10022,USA,Frick,Michael,2
10251.0,28.0,113.88,2.0,3188.0,2019-05-18,390.0,5,1,95.0,S10_1678,Tekni Collectables Inc.,2015559350,7476 Moss Rd.,Newark,94019,USA,Brown,William,1
10263.0,34.0,108.14,2.0,3676.0,2019-06-28,350.0,5,1,95.0,S10_1678,Gift Depot Inc.,2035552570,25593 South Bay Ln.,Bridgewater,97562,USA,King,Julie,1
10275.0,45.0,92.83,1.0,4177.0,2019-07-23,326.0,5,1,95.0,S10_1678,La Rochelle Gifts,40.67.8555,"67, rue des Cinquante Otages",Nantes,44000,France,Labrune,Janine,1
10285.0,36.0,113.88,6.0,4099.0,2019-08-27,292.0,5,1,95.0,S10_1678,Marta's Replicas Co.,6175558555,39323 Spinnaker Dr.,Cambridge,51247,USA,Hernandez,Marta,1
10299.0,23.0,112.93,9.0,2597.0,2019-09-30,259.0,5,1,95.0,S10_1678,"Toys of Finland, Co.",90-224 8555,Keskuskatu 45,Helsinki,21240,Finland,Karttunen,Matti,2
10309.0,41.0,107.18,5.0,4394.0,2019-10-15,245.0,5,1,95.0,S10_1678,Baane Mini Imports,07-98 9555,Erling Skakkes gate 78,Stavern,4110,Norway,Bergulfsen,Jonas,1
10318.0,46.0,94.74,1.0,4358.0,2019-11-02,228.0,5,1,95.0,S10_1678,Diecast Classics Inc.,2155551555,7586 Pompton St.,Allentown,70267,USA,Yu,Kyung,1
10329.0,42.0,104.67,1.0,4396.0,2019-11-15,216.0,5,1,95.0,S10_1678,Land of Toys Inc.,2125557818,897 Long Airport Avenue,NYC,10022,USA,Yu,Kwai,1
10341.0,41.0,188.73,9.0,7737.0,2019-11-24,208.0,5,1,95.0,S10_1678,Salzburg Collectables,6562-9555,Geislweg 14,Salzburg,5020,Austria,Pipps,Georg,0
10361.0,20.0,72.55,13.0,1451.0,2019-12-17,186.0,5,1,95.0,S10_1678,Souveniers And Things Co.,+61 2 9495 8555,"Monitor Money Building, 815 Pacific Hwy",Chatswood,2067,Australia,Huxley,Adrian,2
10375.0,21.0,34.91,12.0,733.0,2020-02-03,139.0,5,1,95.0,S10_1678,La Rochelle Gifts,40.67.8555,"67, rue des Cinquante Otages",Nantes,44000,France,Labrune,Janine,2
10388.0,42.0,76.36,4.0,3207.0,2020-03-03,111.0,5,1,95.0,S10_1678,FunGiftIdeas.com,5085552555,1785 First Street,New Bedford,50553,USA,Benitez,Violeta,1
10403.0,24.0,101.44,7.0,2434.0,2020-04-08,76.0,5,1,95.0,S10_1678,"UK Collectables, Ltd.",(171) 555-2282,Berkeley Gardens 12  Brewery,Liverpool,WX1 6LT,UK,Devon,Elizabeth,2
10417.0,66.0,113.88,2.0,7516.0,2020-05-13,42.0,1,1,95.0,S10_1678,Euro Shopping Channel,(91) 555 94 44,"C/ Moralzarzal, 86",Madrid,28034,Spain,Freyre,Diego,0
10103.0,26.0,207.87,11.0,5404.0,2018-01-29,878.0,5,0,208.0,S10_1949,Baane Mini Imports,07-98 9555,Erling Skakkes gate 78,Stavern,4110,Norway,Bergulfsen,Jonas,1
10112.0,29.0,214.6325,1.0,7209.0,2018-03-24,825.0,5,0,208.0,S10_1949,"Volvo Model Replicas, Co",0921-12 3555,Berguvsvgen  8,Lule,S-958 22,Sweden,Berglund,Christina,0
10126.0,38.0,192.87,11.0,7329.0,2018-05-28,761.0,5,0,208.0,S10_1949,"Corrida Auto Replicas, Ltd",(91) 555 22 82,"C/ Araquil, 67",Madrid,28023,Spain,Sommer,Mart¡n,0
10140.0,37.0,199.3,11.0,7374.0,2018-07-24,705.0,5,0,208.0,S10_1949,Technics Stores Inc.,6505556809,9408 Furth Circle,Burlingame,94217,USA,Hirano,Juri,0
10150.0,45.0,214.6325,8.0,7951.5,2018-09-19,649.0,5,0,208.0,S10_1949,"Dragon Souveniers, Ltd.",+65 221 7555,"Bronz Sok., Bronz Apt. 3/6 Tesvikiye",Singapore,79903,Singapore,Natividad,Eric,0
10163.0,21.0,214.6325,1.0,4860.0,2018-10-20,619.0,5,0,208.0,S10_1949,Classic Legends Inc.,2125558493,5905 Pompton St.,NYC,10022,USA,Hernandez,Maria,1
10174.0,34.0,214.6325,4.0,7951.5,2018-11-06,603.0,5,0,208.0,S10_1949,"Australian Gift Network, Co",61-7-3844-6555,31 Duncan St. West End,South Brisbane,4101,Australia,Calaghan,Tony,0
10183.0,23.0,214.6325,8.0,5372.0,2018-11-13,597.0,5,0,208.0,S10_1949,"Classic Gift Ideas, Inc",2155554695,782 First Street,Philadelphia,71270,USA,Cervantes,Francisca,1
10194.0,42.0,173.58,11.0,7290.0,2018-11-25,586.0,5,0,208.0,S10_1949,"Saveley & Henriot, Co.",78.32.5555,"2, rue du Commerce",Lyon,69004,France,Saveley,Mary,0
10206.0,47.0,192.87,6.0,7951.5,2018-12-05,577.0,5,0,208.0,S10_1949,Canadian Gift Exchange Network,(604) 555-3392,1900 Oak St.,Vancouver,V3F 2K1,Canada,Tannamuri,Yoshi,0
10215.0,35.0,173.58,3.0,6075.0,2019-01-29,523.0,5,0,208.0,S10_1949,West Coast Collectables Co.,3105553722,3675 Furth Circle,Burbank,94019,USA,Thompson,Steve,1
10228.0,29.0,214.6325,2.0,6463.0,2019-03-10,484.0,5,0,208.0,S10_1949,Cambridge Collectables Co.,6175555555,4658 Baden Av.,Cambridge,51247,USA,Tseng,Kyung,1
10245.0,34.0,180.01,9.0,6120.0,2019-05-04,430.0,5,0,208.0,S10_1949,Super Scale Inc.,2035559545,567 North Pendale Street,New Haven,97823,USA,Murphy,Leslie,1
10258.0,32.0,214.6325,6.0,7680.0,2019-06-15,389.0,5,0,208.0,S10_1949,"Tokyo Collectables, Ltd",+81 3 3584 0555,2-2-8 Roppongi,Minato-ku,106-0032,Japan,Shimamura,Akiko,0
10270.0,21.0,214.6325,9.0,4905.0,2019-07-19,356.0,5,0,208.0,S10_1949,Souveniers And Things Co.,+61 2 9495 8555,"Monitor Money Building, 815 Pacific Hwy",Chatswood,2067,Australia,Huxley,Adrian,1
10280.0,34.0,214.6325,2.0,7951.5,2019-08-17,328.0,5,0,208.0,S10_1949,Amica Models & Co.,011-4988555,Via Monte Bianco 34,Torino,10100,Italy,Accorti,Paolo,0
10291.0,37.0,192.87,11.0,7136.0,2019-09-08,307.0,5,0,208.0,S10_1949,Scandinavian Gift Ideas,0695-34 6555,?kergatan 24,Boras,S-844 67,Sweden,Larsson,Maria,0
10304.0,47.0,214.6325,6.0,7951.5,2019-10-11,275.0,5,0,208.0,S10_1949,Auto Assoc. & Cie.,30.59.8555,"67, avenue de l'Europe",Versailles,78000,France,Tonini,Daniel,0
10312.0,48.0,214.6325,3.0,7951.5,2019-10-21,266.0,5,0,208.0,S10_1949,Mini Gifts Distributors Ltd.,4155551450,5677 Strong St.,San Rafael,97562,USA,Nelson,Valarie,0
10322.0,40.0,150.01,1.0,6000.0,2019-11-04,253.0,5,0,208.0,S10_1949,Online Diecast Creations Co.,6035558647,2304 Long Airport Avenue,Nashua,62005,USA,Young,Valarie,1
10347.0,30.0,131.49,1.0,3944.0,2019-11-29,229.0,5,0,208.0,S10_1949,"Australian Collectors, Co.",03 9520 4555,636 St Kilda Road,Melbourne,3004,Australia,Ferguson,Peter,1
10357.0,32.0,177.87,10.0,5691.0,2019-12-10,219.0,5,0,208.0,S10_1949,Mini Gifts Distributors Ltd.,4155551450,5677 Strong St.,San Rafael,97562,USA,Nelson,Valarie,1
10369.0,41.0,110.12,2.0,4514.0,2020-01-20,179.0,5,0,208.0,S10_1949,Collectables For Less Inc.,6175558555,7825 Douglas Av.,Brickhaven,58339,USA,Nelson,Allen,1
10391.0,24.0,100.69,4.0,2416.0,2020-03-09,131.0,5,0,208.0,S10_1949,"Anna's Decorations, Ltd",02 9936 8555,201 Miller Street,North Sydney,2060,Australia,O'Hara,Anna,2
10411.0,23.0,180.01,9.0,4140.0,2020-05-01,79.0,5,0,208.0,S10_1949,Quebec Home Shopping Network,(514) 555-8054,43 rue St. Laurent,Montreal,H1J 1C3,Canada,Fresnisre,Jean,1
10424.0,50.0,214.6325,6.0,7951.5,2020-05-31,50.0,2,0,208.0,S10_1949,Euro Shopping Channel,(91) 555 94 44,"C/ Moralzarzal, 86",Madrid,28034,Spain,Freyre,Diego,0
10107.0,39.0,99.91,5.0,3896.0,2018-02-24,878.0,5,1,118.0,S10_2016,Land of Toys Inc.,2125557818,897 Long Airport Avenue,NYC,10022,USA,Yu,Kwai,1
10120.0,29.0,96.34,3.0,2793.0,2018-04-29,815.0,5,1,118.0,S10_2016,"Australian Collectors, Co.",03 9520 4555,636 St Kilda Road,Melbourne,3004,Australia,Ferguson,Peter,2
10134.0,27.0,122.51,5.0,3307.0,2018-07-01,753.0,5,1,118.0,S10_2016,Lyon Souveniers,+33 1 46 62 7555,27 rue du Colonel Pierre Avia,Paris,75508,France,Da Cunha,Daniel,1
10145.0,37.0,140.35,9.0,5192.0,2018-08-25,699.0,5,1,118.0,S10_2016,Toys4GrownUps.com,6265557265,78934 Hillside Dr.,Pasadena,90003,USA,Young,Julie,1
10168.0,27.0,135.59,4.0,3660.0,2018-10-28,636.0,5,1,118.0,S10_2016,Technics Stores Inc.,6505556809,9408 Furth Circle,Burlingame,94217,USA,Hirano,Juri,1
10180.0,42.0,111.8,12.0,4695.0,2018-11-11,623.0,5,1,118.0,S10_2016,Daedalus Designs Imports,20.16.1555,"184, chausse de Tournai",Lille,59000,France,Rance,Martine,1
10188.0,38.0,96.34,4.0,3660.0,2018-11-18,617.0,5,1,118.0,S10_2016,Herkku Gifts,+47 2267 3215,"Drammen 121, PR 744 Sentrum",Bergen,N 5804,Norway,Oeztan,Veysel,1
10210.0,23.0,130.83,2.0,3009.0,2019-01-12,563.0,5,1,118.0,S10_2016,Osaka Souveniers Co.,+81 06 6342 5555,"Dojima Avanza 4F, 1-6-20 Dojima, Kita-ku",Osaka,530-0003,Japan,Kentary,Mory,1
10223.0,47.0,115.37,4.0,5422.0,2019-02-20,525.0,5,1,118.0,S10_2016,"Australian Collectors, Co.",03 9520 4555,636 St Kilda Road,Melbourne,3004,Australia,Ferguson,Peter,1
10236.0,22.0,129.64,1.0,2852.0,2019-04-03,484.0,5,1,118.0,S10_2016,Motor Mint Distributors Inc.,2155559857,11328 Douglas Av.,Philadelphia,71270,USA,Hernandez,Rosa,2
10251.0,44.0,130.83,5.0,5756.0,2019-05-18,440.0,5,1,118.0,S10_2016,Tekni Collectables Inc.,2015559350,7476 Moss Rd.,Newark,94019,USA,Brown,William,1
10263.0,40.0,111.8,5.0,4472.0,2019-06-28,400.0,5,1,118.0,S10_2016,Gift Depot Inc.,2035552570,25593 South Bay Ln.,Bridgewater,97562,USA,King,Julie,1
10275.0,22.0,132.02,4.0,2904.0,2019-07-23,376.0,5,1,118.0,S10_2016,La Rochelle Gifts,40.67.8555,"67, rue des Cinquante Otages",Nantes,44000,France,Labrune,Janine,2
10285.0,47.0,137.97,9.0,6484.0,2019-08-27,342.0,5,1,118.0,S10_2016,Marta's Replicas Co.,6175558555,39323 Spinnaker Dr.,Cambridge,51247,USA,Hernandez,Marta,1
10298.0,39.0,96.34,1.0,3757.0,2019-09-27,312.0,5,1,118.0,S10_2016,Atelier graphique,40.32.2555,"54, rue Royale",Nantes,44000,France,Schmitt,Carine,1
10308.0,34.0,118.94,2.0,4043.0,2019-10-15,295.0,5,1,118.0,S10_2016,Mini Classics,9145554562,3758 North Pendale Street,White Plains,24067,USA,Frick,Steve,1
10318.0,45.0,123.7,4.0,5566.0,2019-11-02,278.0,5,1,118.0,S10_2016,Diecast Classics Inc.,2155551555,7586 Pompton St.,Allentown,70267,USA,Yu,Kyung,1
10329.0,20.0,158.8,2.0,3176.0,2019-11-15,266.0,5,1,118.0,S10_2016,Land of Toys Inc.,2125557818,897 Long Airport Avenue,NYC,10022,USA,Yu,Kwai,1
10339.0,40.0,68.92,4.0,2756.0,2019-11-23,259.0,5,1,118.0,S10_2016,"Tokyo Collectables, Ltd",+81 3 3584 0555,2-2-8 Roppongi,Minato-ku,106-0032,Japan,Shimamura,Akiko,2
10361.0,26.0,51.15,8.0,1329.0,2019-12-17,236.0,5,1,118.0,S10_2016,Souveniers And Things Co.,+61 2 9495 8555,"Monitor Money Building, 815 Pacific Hwy",Chatswood,2067,Australia,Huxley,Adrian,2
10374.0,39.0,135.59,5.0,5288.0,2020-02-02,190.0,5,1,118.0,S10_2016,"Australian Gift Network, Co",61-7-3844-6555,31 Duncan St. West End,South Brisbane,4101,Australia,Calaghan,Tony,1
10388.0,50.0,44.51,5.0,2225.0,2020-03-03,161.0,5,1,118.0,S10_2016,FunGiftIdeas.com,5085552555,1785 First Street,New Bedford,50553,USA,Benitez,Violeta,2
10402.0,45.0,129.64,1.0,5833.0,2020-04-07,127.0,5,1,118.0,S10_2016,Auto Canal Petit,(1) 47.55.6555,"25, rue Lauriston",Paris,75016,France,Perrier,Dominique,1
10417.0,45.0,130.83,5.0,5887.0,2020-05-13,92.0,1,1,118.0,S10_2016,Euro Shopping Channel,(91) 555 94 44,"C/ Moralzarzal, 86",Madrid,28034,Spain,Freyre,Diego,1
10107.0,27.0,214.6325,4.0,6065.0,2018-02-24,902.0,5,1,193.0,S10_4698,Land of Toys Inc.,2125557818,897 Long Airport Avenue,NYC,10022,USA,Yu,Kwai,1
10120.0,46.0,201.41,2.0,7951.5,2018-04-29,839.0,5,1,193.0,S10_4698,"Australian Collectors, Co.",03 9520 4555,636 St Kilda Road,Melbourne,3004,Australia,Ferguson,Peter,0
10134.0,31.0,214.6325,4.0,7023.0,2018-07-01,777.0,5,1,193.0,S10_4698,Lyon Souveniers,+33 1 46 62 7555,27 rue du Colonel Pierre Avia,Paris,75508,France,Da Cunha,Daniel,0
10145.0,33.0,156.86,8.0,5176.0,2018-08-25,723.0,5,1,193.0,S10_4698,Toys4GrownUps.com,6265557265,78934 Hillside Dr.,Pasadena,90003,USA,Young,Julie,1
10168.0,20.0,209.15,3.0,4183.0,2018-10-28,660.0,5,1,193.0,S10_4698,Technics Stores Inc.,6505556809,9408 Furth Circle,Burlingame,94217,USA,Hirano,Juri,1
10180.0,41.0,214.6325,11.0,7951.5,2018-11-11,647.0,5,1,193.0,S10_4698,Daedalus Designs Imports,20.16.1555,"184, chausse de Tournai",Lille,59000,France,Rance,Martine,0
10188.0,45.0,193.66,3.0,7951.5,2018-11-18,641.0,5,1,193.0,S10_4698,Herkku Gifts,+47 2267 3215,"Drammen 121, PR 744 Sentrum",Bergen,N 5804,Norway,Oeztan,Veysel,0
10210.0,34.0,180.1,1.0,6123.0,2019-01-12,587.0,5,1,193.0,S10_4698,Osaka Souveniers Co.,+81 06 6342 5555,"Dojima Avanza 4F, 1-6-20 Dojima, Kita-ku",Osaka,530-0003,Japan,Kentary,Mory,1
10223.0,49.0,199.47,3.0,7951.5,2019-02-20,549.0,5,1,193.0,S10_4698,"Australian Collectors, Co.",03 9520 4555,636 St Kilda Road,Melbourne,3004,Australia,Ferguson,Peter,0
10237.0,39.0,180.1,9.0,7023.0,2019-04-05,506.0,5,1,193.0,S10_4698,Vitachrome Inc.,2125551500,2678 Kingston Rd.,NYC,10022,USA,Frick,Michael,0
10251.0,43.0,164.61,4.0,7078.0,2019-05-18,464.0,5,1,193.0,S10_4698,Tekni Collectables Inc.,2015559350,7476 Moss Rd.,Newark,94019,USA,Brown,William,0
10263.0,41.0,203.34,4.0,7951.5,2019-06-28,424.0,5,1,193.0,S10_4698,Gift Depot Inc.,2035552570,25593 South Bay Ln.,Bridgewater,97562,USA,King,Julie,0
10275.0,36.0,191.72,3.0,6901.0,2019-07-23,400.0,5,1,193.0,S10_4698,La Rochelle Gifts,40.67.8555,"67, rue des Cinquante Otages",Nantes,44000,France,Labrune,Janine,1
10285.0,27.0,201.41,8.0,5438.0,2019-08-27,366.0,5,1,193.0,S10_4698,Marta's Replicas Co.,6175558555,39323 Spinnaker Dr.,Cambridge,51247,USA,Hernandez,Marta,1
10299.0,29.0,214.6325,11.0,6683.0,2019-09-30,333.0,5,1,193.0,S10_4698,"Toys of Finland, Co.",90-224 8555,Keskuskatu 45,Helsinki,21240,Finland,Karttunen,Matti,1
10308.0,20.0,214.6325,1.0,4570.0,2019-10-15,319.0,5,1,193.0,S10_4698,Mini Classics,9145554562,3758 North Pendale Street,White Plains,24067,USA,Frick,Steve,1
10318.0,37.0,207.22,3.0,7667.0,2019-11-02,302.0,5,1,193.0,S10_4698,Diecast Classics Inc.,2155551555,7586 Pompton St.,Allentown,70267,USA,Yu,Kyung,0
10329.0,26.0,214.6325,3.0,5868.0,2019-11-15,290.0,5,1,193.0,S10_4698,Land of Toys Inc.,2125557818,897 Long Airport Avenue,NYC,10022,USA,Yu,Kwai,1
10339.0,39.0,76.67,3.0,2990.0,2019-11-23,283.0,5,1,193.0,S10_4698,"Tokyo Collectables, Ltd",+81 3 3584 0555,2-2-8 Roppongi,Minato-ku,106-0032,Japan,Shimamura,Akiko,2
10362.0,22.0,166.55,4.0,3664.0,2020-01-05,241.0,5,1,193.0,S10_4698,Technics Stores Inc.,6505556809,9408 Furth Circle,Burlingame,94217,USA,Hirano,Juri,1
10374.0,22.0,174.29,1.0,3834.0,2020-02-02,214.0,5,1,193.0,S10_4698,"Australian Gift Network, Co",61-7-3844-6555,31 Duncan St. West End,South Brisbane,4101,Australia,Calaghan,Tony,1
10388.0,21.0,86.77,7.0,1822.0,2020-03-03,185.0,5,1,193.0,S10_4698,FunGiftIdeas.com,5085552555,1785 First Street,New Bedford,50553,USA,Benitez,Violeta,2
10403.0,66.0,180.1,9.0,7951.5,2020-04-08,150.0,5,1,193.0,S10_4698,"UK Collectables, Ltd.",(171) 555-2282,Berkeley Gardens 12  Brewery,Liverpool,WX1 6LT,UK,Devon,Elizabeth,0
10417.0,56.0,164.61,4.0,7951.5,2020-05-13,116.0,1,1,193.0,S10_4698,Euro Shopping Channel,(91) 555 94 44,"C/ Moralzarzal, 86",Madrid,28034,Spain,Freyre,Diego,0
10105.0,50.0,144.16,2.0,7208.0,2018-02-11,939.0,5,0,136.0,S10_4757,Danish Wholesale Imports,31 12 3555,Vinb'ltet 34,Kobenhavn,1734,Denmark,Petersen,Jytte,0
10119.0,46.0,108.8,11.0,5004.0,2018-04-28,864.0,5,0,136.0,S10_4757,Salzburg Collectables,6562-9555,Geislweg 14,Salzburg,5020,Austria,Pipps,Georg,1
10129.0,33.0,133.28,2.0,4398.0,2018-06-12,820.0,5,0,136.0,S10_4757,"Stylish Desk Decors, Co.",(171) 555-0297,35 King George,London,WX3 6FW,UK,Brown,Ann,1
10143.0,49.0,114.24,15.0,5597.0,2018-08-10,762.0,5,0,136.0,S10_4757,Mini Creations Ltd.,5085559555,4575 Hillside Dr.,New Bedford,50553,USA,Tam,Wing C,1
10155.0,32.0,141.44,13.0,4526.0,2018-10-06,706.0,5,0,136.0,S10_4757,"Toys of Finland, Co.",90-224 8555,Keskuskatu 45,Helsinki,21240,Finland,Karttunen,Matti,1
10167.0,44.0,134.64,9.0,5924.0,2018-10-23,690.0,0,0,136.0,S10_4757,Scandinavian Gift Ideas,0695-34 6555,?kergatan 24,Boras,S-844 67,Sweden,Larsson,Maria,1
10178.0,24.0,145.52,12.0,3492.0,2018-11-08,675.0,5,0,136.0,S10_4757,Alpha Cognac,61.77.6555,1 rue Alsace-Lorraine,Toulouse,31000,France,Roulet,Annette,1
10186.0,26.0,148.24,9.0,3854.0,2018-11-14,670.0,5,0,136.0,S10_4757,"Double Decker Gift Stores, Ltd",(171) 555-7555,120 Hanover Sq.,London,WA1 1DP,UK,Hardy,Thomas,1
10197.0,45.0,118.32,6.0,5324.0,2018-11-26,659.0,5,0,136.0,S10_4757,Enaco Distributors,(93) 203 4555,"Rambla de Catalu¤a, 23",Barcelona,8022,Spain,Saavedra,Eduardo,1
10222.0,49.0,122.4,12.0,5997.0,2019-02-19,575.0,5,0,136.0,S10_4757,Collectable Mini Designs Co.,7605558146,361 Furth Circle,San Diego,91217,USA,Thompson,Valarie,1
10248.0,20.0,145.52,3.0,2910.0,2019-05-07,499.0,0,0,136.0,S10_4757,Land of Toys Inc.,2125557818,897 Long Airport Avenue,NYC,10022,USA,Yu,Kwai,2
10261.0,27.0,125.12,1.0,3378.0,2019-06-17,459.0,5,0,136.0,S10_4757,Quebec Home Shopping Network,(514) 555-8054,43 rue St. Laurent,Montreal,H1J 1C3,Canada,Fresnisre,Jean,1
10273.0,30.0,116.96,4.0,3508.0,2019-07-21,426.0,5,0,136.0,S10_4757,Petit Auto,(02) 5554 67,Rue Joseph-Bens 532,Bruxelles,B-1180,Belgium,Dewey,Catherine,1
10283.0,25.0,119.68,6.0,2992.0,2019-08-20,397.0,5,0,136.0,S10_4757,"Royal Canadian Collectables, Ltd.",(604) 555-4555,23 Tsawassen Blvd.,Tsawassen,T2F 8M4,Canada,Lincoln,Elizabeth,2
10295.0,24.0,142.8,1.0,3427.0,2019-09-10,377.0,5,0,136.0,S10_4757,Gifts4AllAges.com,6175559555,8616 Spinnaker Dr.,Boston,51003,USA,Yoshido,Juri,1
10307.0,22.0,122.4,9.0,2692.0,2019-10-14,344.0,5,0,136.0,S10_4757,"Classic Gift Ideas, Inc",2155554695,782 First Street,Philadelphia,71270,USA,Cervantes,Francisca,2
10316.0,33.0,125.12,17.0,4128.0,2019-11-01,327.0,5,0,136.0,S10_4757,giftsbymail.co.uk,(198) 555-8888,Garden House Crowther Way,Cowes,PO31 7PJ,UK,Bennett,Helen,1
10325.0,47.0,64.93,6.0,3051.0,2019-11-05,324.0,5,0,136.0,S10_4757,Baane Mini Imports,07-98 9555,Erling Skakkes gate 78,Stavern,4110,Norway,Bergulfsen,Jonas,1
10337.0,25.0,48.05,8.0,1201.0,2019-11-21,309.0,5,0,136.0,S10_4757,Classic Legends Inc.,2125558493,5905 Pompton St.,NYC,10022,USA,Hernandez,Maria,2
10350.0,26.0,75.47,5.0,1962.0,2019-12-02,299.0,5,0,136.0,S10_4757,Euro Shopping Channel,(91) 555 94 44,"C/ Moralzarzal, 86",Madrid,28034,Spain,Freyre,Diego,2
10359.0,48.0,54.68,6.0,2624.0,2019-12-15,287.0,5,0,136.0,S10_4757,Reims Collectables,26.47.1555,59 rue de l'Abbaye,Reims,51100,France,Henriot,Paul,2
10373.0,39.0,103.75,3.0,4046.0,2020-01-31,241.0,5,0,136.0,S10_4757,"Oulu Toy Supplies, Inc.",981-443655,Torikatu 38,Oulu,90110,Finland,Koskitalo,Pirkko,1
10395.0,32.0,105.33,2.0,3370.0,2020-03-17,196.0,5,0,136.0,S10_4757,Lyon Souveniers,+33 1 46 62 7555,27 rue du Colonel Pierre Avia,Paris,75508,France,Da Cunha,Daniel,1
10400.0,64.0,150.96,9.0,7951.5,2020-04-01,182.0,5,0,136.0,S10_4757,The Sharp Gifts Warehouse,4085553659,3086 Ingle Ln.,San Jose,94217,USA,Frick,Sue,0
10414.0,19.0,145.52,3.0,2764.0,2020-05-06,148.0,3,0,136.0,S10_4757,Gifts4AllAges.com,6175559555,8616 Spinnaker Dr.,Boston,51003,USA,Yoshido,Juri,2
10103.0,42.0,128.53,4.0,5398.0,2018-01-29,977.0,5,0,147.0,S10_4962,Baane Mini Imports,07-98 9555,Erling Skakkes gate 78,Stavern,4110,Norway,Bergulfsen,Jonas,1
10114.0,31.0,138.88,8.0,4305.0,2018-04-01,916.0,5,0,147.0,S10_4962,"La Corne D'abondance, Co.",(1) 42.34.2555,"265, boulevard Charonne",Paris,75012,France,Bertrand,Marie,1
10126.0,22.0,152.17,4.0,3347.0,2018-05-28,860.0,5,0,147.0,S10_4962,"Corrida Auto Replicas, Ltd",(91) 555 22 82,"C/ Araquil, 67",Madrid,28023,Spain,Sommer,Mart¡n,1
10140.0,26.0,122.62,4.0,3188.0,2018-07-24,804.0,5,0,147.0,S10_4962,Technics Stores Inc.,6505556809,9408 Furth Circle,Burlingame,94217,USA,Hirano,Juri,1
10150.0,20.0,159.56,1.0,3191.0,2018-09-19,748.0,5,0,147.0,S10_4962,"Dragon Souveniers, Ltd.",+65 221 7555,"Bronz Sok., Bronz Apt. 3/6 Tesvikiye",Singapore,79903,Singapore,Natividad,Eric,1
10164.0,21.0,168.42,2.0,3536.0,2018-10-21,717.0,4,0,147.0,S10_4962,Mini Auto Werke,7675-3555,Kirchgasse 6,Graz,8010,Austria,Mendel,Roland,1
10175.0,33.0,162.51,9.0,5362.0,2018-11-06,702.0,5,0,147.0,S10_4962,"Stylish Desk Decors, Co.",(171) 555-0297,35 King George,London,WX3 6FW,UK,Brown,Ann,1
10183.0,28.0,122.62,1.0,3433.0,2018-11-13,696.0,5,0,147.0,S10_4962,"Classic Gift Ideas, Inc",2155554695,782 First Street,Philadelphia,71270,USA,Cervantes,Francisca,1
10194.0,26.0,163.99,4.0,4263.0,2018-11-25,685.0,5,0,147.0,S10_4962,"Saveley & Henriot, Co.",78.32.5555,"2, rue du Commerce",Lyon,69004,France,Saveley,Mary,1
10207.0,31.0,131.49,15.0,4076.0,2018-12-09,672.0,5,0,147.0,S10_4962,Diecast Collectables,6175552555,6251 Ingle Ln.,Boston,51003,USA,Franco,Valarie,1
10217.0,48.0,146.26,4.0,7020.0,2019-02-04,616.0,5,0,147.0,S10_4962,Handji Gifts& Co,+65 224 1555,Village Close - 106 Linden Road Sandown,Singapore,69045,Singapore,Victorino,Wendy,0
10229.0,50.0,128.53,9.0,6426.0,2019-03-11,582.0,5,0,147.0,S10_4962,Mini Gifts Distributors Ltd.,4155551450,5677 Strong St.,San Rafael,97562,USA,Nelson,Valarie,1
10245.0,28.0,163.99,2.0,4591.0,2019-05-04,529.0,5,0,147.0,S10_4962,Super Scale Inc.,2035559545,567 North Pendale Street,New Haven,97823,USA,Murphy,Leslie,1
10259.0,26.0,155.13,12.0,4033.0,2019-06-15,488.0,5,0,147.0,S10_4962,Handji Gifts& Co,+65 224 1555,Village Close - 106 Linden Road Sandown,Singapore,69045,Singapore,Victorino,Wendy,1
10270.0,32.0,134.44,2.0,4302.0,2019-07-19,455.0,5,0,147.0,S10_4962,Souveniers And Things Co.,+61 2 9495 8555,"Monitor Money Building, 815 Pacific Hwy",Chatswood,2067,Australia,Huxley,Adrian,1
10281.0,44.0,159.56,9.0,7020.0,2019-08-19,425.0,5,0,147.0,S10_4962,Diecast Classics Inc.,2155551555,7586 Pompton St.,Allentown,70267,USA,Yu,Kyung,0
10291.0,30.0,128.53,4.0,3855.0,2019-09-08,406.0,5,0,147.0,S10_4962,Scandinavian Gift Ideas,0695-34 6555,?kergatan 24,Boras,S-844 67,Sweden,Larsson,Maria,1
10305.0,38.0,175.81,13.0,6680.0,2019-10-13,372.0,5,0,147.0,S10_4962,Marta's Replicas Co.,6175558555,39323 Spinnaker Dr.,Cambridge,51247,USA,Hernandez,Marta,1
10313.0,40.0,166.95,7.0,6678.0,2019-10-22,364.0,5,0,147.0,S10_4962,Canadian Gift Exchange Network,(604) 555-3392,1900 Oak St.,Vancouver,V3F 2K1,Canada,Tannamuri,Yoshi,1
10322.0,46.0,61.99,8.0,2851.0,2019-11-04,352.0,5,0,147.0,S10_4962,Online Diecast Creations Co.,6035558647,2304 Long Airport Avenue,Nashua,62005,USA,Young,Valarie,2
10334.0,26.0,122.62,2.0,3188.0,2019-11-19,338.0,3,0,147.0,S10_4962,"Volvo Model Replicas, Co",0921-12 3555,Berguvsvgen  8,Lule,S-958 22,Sweden,Berglund,Christina,1
10347.0,27.0,164.0,2.0,4428.0,2019-11-29,329.0,5,0,147.0,S10_4962,"Australian Collectors, Co.",03 9520 4555,636 St Kilda Road,Melbourne,3004,Australia,Ferguson,Peter,1
10357.0,43.0,134.44,9.0,5780.0,2019-12-10,319.0,5,0,147.0,S10_4962,Mini Gifts Distributors Ltd.,4155551450,5677 Strong St.,San Rafael,97562,USA,Nelson,Valarie,1
10370.0,35.0,65.63,4.0,2297.0,2020-01-20,279.0,5,0,147.0,S10_4962,"Anna's Decorations, Ltd",02 9936 8555,201 Miller Street,North Sydney,2060,Australia,O'Hara,Anna,2
10391.0,37.0,46.9,7.0,1735.0,2020-03-09,231.0,5,0,147.0,S10_4962,"Anna's Decorations, Ltd",02 9936 8555,201 Miller Street,North Sydney,2060,Australia,O'Hara,Anna,2
10411.0,27.0,163.99,2.0,4427.0,2020-05-01,179.0,5,0,147.0,S10_4962,Quebec Home Shopping Network,(514) 555-8054,43 rue St. Laurent,Montreal,H1J 1C3,Canada,Fresnisre,Jean,1
10425.0,38.0,155.13,12.0,5894.0,2020-05-31,150.0,2,0,147.0,S10_4962,La Rochelle Gifts,40.67.8555,"67, rue des Cinquante Otages",Nantes,44000,France,Labrune,Janine,1
10108.0,33.0,159.55,6.0,5265.0,2018-03-03,971.0,5,0,194.0,S12_1099,Cruz & Sons Co.,+63 2 555 3587,15 McCallum Street - NatWest Center #13-03,Makati City,1227 MM,Philippines,Cruz,Arnold,1
10122.0,42.0,180.95,10.0,7599.0,2018-05-08,906.0,5,0,194.0,S12_1099,Marseille Mini Autos,91.24.4555,"12, rue des Bouchers",Marseille,13008,France,Lebihan,Laurence,0
10135.0,42.0,190.68,7.0,7951.5,2018-07-02,852.0,5,0,194.0,S12_1099,Mini Gifts Distributors Ltd.,4155551450,5677 Strong St.,San Rafael,97562,USA,Nelson,Valarie,0
10147.0,48.0,192.62,7.0,7951.5,2018-09-05,788.0,5,0,194.0,S12_1099,Collectables For Less Inc.,6175558555,7825 Douglas Av.,Brickhaven,58339,USA,Nelson,Allen,0
10169.0,30.0,167.33,2.0,5019.0,2018-11-04,729.0,5,0,194.0,S12_1099,"Anna's Decorations, Ltd",02 9936 8555,201 Miller Street,North Sydney,2060,Australia,O'Hara,Anna,1
10181.0,27.0,200.41,14.0,5411.0,2018-11-12,722.0,5,0,194.0,S12_1099,Herkku Gifts,+47 2267 3215,"Drammen 121, PR 744 Sentrum",Bergen,N 5804,Norway,Oeztan,Veysel,1
10191.0,21.0,182.9,3.0,3840.0,2018-11-20,715.0,5,0,194.0,S12_1099,"Toms Spezialitten, Ltd",0221-5554327,Mehrheimerstr. 369,Koln,50739,Germany,Pfalzheim,Henriette,1
10203.0,20.0,196.52,8.0,3930.0,2018-12-02,704.0,5,0,194.0,S12_1099,Euro Shopping Channel,(91) 555 94 44,"C/ Moralzarzal, 86",Madrid,28034,Spain,Freyre,Diego,1
10211.0,41.0,182.9,2.0,7498.0,2019-01-15,661.0,5,0,194.0,S12_1099,Auto Canal Petit,(1) 47.55.6555,"25, rue Lauriston",Paris,75016,France,Perrier,Dominique,0
10225.0,27.0,167.33,9.0,4517.0,2019-02-22,624.0,5,0,194.0,S12_1099,"Vida Sport, Ltd",0897-034555,Grenzacherweg 237,Gensve,1203,Switzerland,Holz,Michael,1
10238.0,28.0,206.24,3.0,5774.0,2019-04-09,579.0,5,0,194.0,S12_1099,Danish Wholesale Imports,31 12 3555,Vinb'ltet 34,Kobenhavn,1734,Denmark,Petersen,Jytte,1
10253.0,24.0,163.44,13.0,3922.0,2019-06-01,527.0,0,0,194.0,S12_1099,"UK Collectables, Ltd.",(171) 555-2282,Berkeley Gardens 12  Brewery,Liverpool,WX1 6LT,UK,Devon,Elizabeth,1
10266.0,44.0,208.19,14.0,7951.5,2019-07-06,493.0,5,0,194.0,S12_1099,L'ordine Souveniers,0522-556555,Strada Provinciale 124,Reggio Emilia,42100,Italy,Moroni,Maurizio,0
10276.0,50.0,192.62,3.0,7951.5,2019-08-02,467.0,5,0,194.0,S12_1099,Online Mini Collectables,6175557555,7635 Spinnaker Dr.,Brickhaven,58339,USA,Barajas,Miguel,0
10287.0,21.0,163.44,12.0,3432.0,2019-08-30,440.0,5,0,194.0,S12_1099,"Vida Sport, Ltd",0897-034555,Grenzacherweg 237,Gensve,1203,Switzerland,Holz,Michael,1
10300.0,33.0,167.33,5.0,5521.0,2018-10-04,771.0,5,0,194.0,S12_1099,"Blauer See Auto, Co.",+49 69 66 90 2555,Lyonerstr. 34,Frankfurt,60528,Germany,Keitel,Roland,1
10310.0,33.0,210.14,10.0,6934.0,2019-10-16,395.0,5,0,194.0,S12_1099,"Toms Spezialitten, Ltd",0221-5554327,Mehrheimerstr. 369,Koln,50739,Germany,Pfalzheim,Henriette,1
10320.0,31.0,214.6325,3.0,6876.0,2019-11-03,378.0,5,0,194.0,S12_1099,"Volvo Model Replicas, Co",0921-12 3555,Berguvsvgen  8,Lule,S-958 22,Sweden,Berglund,Christina,1
10329.0,41.0,71.47,5.0,2930.0,2019-11-15,367.0,5,0,194.0,S12_1099,Land of Toys Inc.,2125557818,897 Long Airport Avenue,NYC,10022,USA,Yu,Kwai,2
10341.0,45.0,79.65,2.0,3584.0,2019-11-24,359.0,5,0,194.0,S12_1099,Salzburg Collectables,6562-9555,Geislweg 14,Salzburg,5020,Austria,Pipps,Georg,1
10363.0,33.0,85.39,3.0,2817.0,2020-01-06,317.0,5,0,194.0,S12_1099,Suominen Souveniers,+358 9 8045 555,"Software Engineering Center, SEC Oy",Espoo,FIN-02271,Finland,Suominen,Kalle,2
10375.0,45.0,76.0,7.0,3420.0,2020-02-03,290.0,5,0,194.0,S12_1099,La Rochelle Gifts,40.67.8555,"67, rue des Cinquante Otages",Nantes,44000,France,Labrune,Janine,1
10389.0,26.0,99.04,4.0,2575.0,2020-03-03,262.0,5,0,194.0,S12_1099,Scandinavian Gift Ideas,0695-34 6555,?kergatan 24,Boras,S-844 67,Sweden,Larsson,Maria,2
10419.0,12.0,163.44,13.0,1961.0,2020-05-17,188.0,5,0,194.0,S12_1099,Salzburg Collectables,6562-9555,Geislweg 14,Salzburg,5020,Austria,Pipps,Georg,2
10105.0,41.0,211.96,15.0,7951.5,2018-02-11,1015.0,5,0,207.0,S12_1108,Danish Wholesale Imports,31 12 3555,Vinb'ltet 34,Kobenhavn,1734,Denmark,Petersen,Jytte,0
10117.0,33.0,182.86,9.0,6034.0,2018-04-16,952.0,5,0,207.0,S12_1108,"Dragon Souveniers, Ltd.",+65 221 7555,"Bronz Sok., Bronz Apt. 3/6 Tesvikiye",Singapore,79903,Singapore,Natividad,Eric,1
10127.0,46.0,214.6325,2.0,7951.5,2018-06-03,905.0,5,0,207.0,S12_1108,Muscle Machine Inc,2125557413,4092 Furth Circle,NYC,10022,USA,Young,Jeff,0
10142.0,33.0,214.6325,12.0,7951.5,2018-08-08,840.0,5,0,207.0,S12_1108,Mini Gifts Distributors Ltd.,4155551450,5677 Strong St.,San Rafael,97562,USA,Nelson,Valarie,0
10153.0,20.0,214.6325,11.0,4904.0,2018-09-28,790.0,5,0,207.0,S12_1108,Euro Shopping Channel,(91) 555 94 44,"C/ Moralzarzal, 86",Madrid,28034,Spain,Freyre,Diego,1
10165.0,44.0,195.33,3.0,7951.5,2018-10-22,767.0,5,0,207.0,S12_1108,"Dragon Souveniers, Ltd.",+65 221 7555,"Bronz Sok., Bronz Apt. 3/6 Tesvikiye",Singapore,79903,Singapore,Natividad,Eric,0
10176.0,33.0,214.6325,2.0,7474.0,2018-11-06,753.0,5,0,207.0,S12_1108,L'ordine Souveniers,0522-556555,Strada Provinciale 124,Reggio Emilia,42100,Italy,Moroni,Maurizio,0
10185.0,21.0,184.94,13.0,3883.0,2018-11-14,746.0,5,0,207.0,S12_1108,Mini Creations Ltd.,5085559555,4575 Hillside Dr.,New Bedford,50553,USA,Tam,Wing C,1
10196.0,47.0,189.1,5.0,7951.5,2018-11-26,735.0,5,0,207.0,S12_1108,Super Scale Inc.,2035559545,567 North Pendale Street,New Haven,97823,USA,Murphy,Leslie,0
10208.0,46.0,187.02,13.0,7951.5,2019-01-02,699.0,5,0,207.0,S12_1108,"Saveley & Henriot, Co.",78.32.5555,"2, rue du Commerce",Lyon,69004,France,Saveley,Mary,0
10220.0,32.0,214.6325,2.0,7181.0,2019-02-12,659.0,5,0,207.0,S12_1108,"Clover Collections, Co.",+353 1862 1555,25 Maiden Lane,Dublin,2,Ireland,Cassidy,Dean,0
10231.0,42.0,199.49,2.0,7951.5,2019-03-19,625.0,5,0,207.0,S12_1108,CAF Imports,+34 913 728 555,"Merchants House, 27-30 Merchant's Quay",Madrid,28023,Spain,Fernandez,Jesus,0
10247.0,44.0,214.6325,2.0,7951.5,2019-05-05,579.0,5,0,207.0,S12_1108,Suominen Souveniers,+358 9 8045 555,"Software Engineering Center, SEC Oy",Espoo,FIN-02271,Finland,Suominen,Kalle,0
10272.0,35.0,166.24,2.0,5818.0,2019-07-20,504.0,5,0,207.0,S12_1108,Diecast Classics Inc.,2155551555,7586 Pompton St.,Allentown,70267,USA,Yu,Kyung,1
10282.0,41.0,172.47,5.0,7071.0,2019-08-20,474.0,5,0,207.0,S12_1108,Mini Gifts Distributors Ltd.,4155551450,5677 Strong St.,San Rafael,97562,USA,Nelson,Valarie,0
10293.0,46.0,182.86,8.0,7951.5,2019-09-09,455.0,5,0,207.0,S12_1108,Amica Models & Co.,011-4988555,Via Monte Bianco 34,Torino,10100,Italy,Accorti,Paolo,0
10306.0,31.0,211.96,13.0,6570.0,2019-10-14,421.0,5,0,207.0,S12_1108,"AV Stores, Co.",(171) 555-1555,Fauntleroy Circus,Manchester,EC2 5NT,UK,Ashworth,Victoria,1
10314.0,38.0,209.88,5.0,7951.5,2019-10-22,414.0,5,0,207.0,S12_1108,Heintze Collectables,86 21 3555,Smagsloget 45,Aaarhus,8200,Denmark,Ibsen,Palle,0
10325.0,42.0,64.0,8.0,2688.0,2019-11-05,401.0,5,0,207.0,S12_1108,Baane Mini Imports,07-98 9555,Erling Skakkes gate 78,Stavern,4110,Norway,Bergulfsen,Jonas,2
10336.0,33.0,57.22,10.0,1888.0,2019-11-20,387.0,5,0,207.0,S12_1108,"La Corne D'abondance, Co.",(1) 42.34.2555,"265, boulevard Charonne",Paris,75012,France,Bertrand,Marie,2
10348.0,48.0,52.36,8.0,2513.0,2019-11-01,407.0,5,0,207.0,S12_1108,"Corrida Auto Replicas, Ltd",(91) 555 22 82,"C/ Araquil, 67",Madrid,28023,Spain,Sommer,Mart¡n,2
10359.0,42.0,113.44,8.0,4764.0,2019-12-15,364.0,5,0,207.0,S12_1108,Reims Collectables,26.47.1555,59 rue de l'Abbaye,Reims,51100,France,Henriot,Paul,1
10371.0,32.0,111.27,6.0,3560.0,2020-01-23,326.0,5,0,207.0,S12_1108,Mini Gifts Distributors Ltd.,4155551450,5677 Strong St.,San Rafael,97562,USA,Nelson,Valarie,1
10382.0,34.0,112.46,10.0,3823.0,2020-02-17,302.0,5,0,207.0,S12_1108,Mini Gifts Distributors Ltd.,4155551450,5677 Strong St.,San Rafael,97562,USA,Nelson,Valarie,1
10395.0,33.0,69.12,1.0,2280.0,2020-03-17,274.0,5,0,207.0,S12_1108,Lyon Souveniers,+33 1 46 62 7555,27 rue du Colonel Pierre Avia,Paris,75508,France,Da Cunha,Daniel,2
10413.0,36.0,214.6325,2.0,7951.5,2020-05-05,226.0,5,0,207.0,S12_1108,Gift Depot Inc.,2035552570,25593 South Bay Ln.,Bridgewater,97562,USA,King,Julie,0
10103.0,27.0,125.74,8.0,3394.0,2018-01-29,1054.0,5,5,136.0,S12_1666,Baane Mini Imports,07-98 9555,Erling Skakkes gate 78,Stavern,4110,Norway,Bergulfsen,Jonas,1
10113.0,21.0,162.64,2.0,3415.0,2018-03-26,999.0,5,5,136.0,S12_1666,Mini Gifts Distributors Ltd.,4155551450,5677 Strong St.,San Rafael,97562,USA,Nelson,Valarie,1
10126.0,21.0,116.17,8.0,2439.0,2018-05-28,937.0,5,5,136.0,S12_1666,"Corrida Auto Replicas, Ltd",(91) 555 22 82,"C/ Araquil, 67",Madrid,28023,Spain,Sommer,Mart¡n,2
10140.0,38.0,127.1,8.0,4829.0,2018-07-24,881.0,5,5,136.0,S12_1666,Technics Stores Inc.,6505556809,9408 Furth Circle,Burlingame,94217,USA,Hirano,Juri,1
10150.0,30.0,136.67,5.0,4100.0,2018-09-19,825.0,5,5,136.0,S12_1666,"Dragon Souveniers, Ltd.",+65 221 7555,"Bronz Sok., Bronz Apt. 3/6 Tesvikiye",Singapore,79903,Singapore,Natividad,Eric,1
10164.0,49.0,133.94,6.0,6563.0,2018-10-21,794.0,4,5,136.0,S12_1666,Mini Auto Werke,7675-3555,Kirchgasse 6,Graz,8010,Austria,Mendel,Roland,1
10174.0,43.0,158.54,1.0,6817.0,2018-11-06,779.0,5,5,136.0,S12_1666,"Australian Gift Network, Co",61-7-3844-6555,31 Duncan St. West End,South Brisbane,4101,Australia,Calaghan,Tony,1
10183.0,41.0,150.34,5.0,6163.0,2018-11-13,773.0,5,5,136.0,S12_1666,"Classic Gift Ideas, Inc",2155554695,782 First Street,Philadelphia,71270,USA,Cervantes,Francisca,1
10194.0,38.0,129.84,8.0,4933.0,2018-11-25,762.0,5,5,136.0,S12_1666,"Saveley & Henriot, Co.",78.32.5555,"2, rue du Commerce",Lyon,69004,France,Saveley,Mary,1
10206.0,28.0,144.87,3.0,4056.0,2018-12-05,753.0,5,5,136.0,S12_1666,Canadian Gift Exchange Network,(604) 555-3392,1900 Oak St.,Vancouver,V3F 2K1,Canada,Tannamuri,Yoshi,1
10216.0,43.0,133.94,1.0,5759.0,2019-02-02,695.0,5,5,136.0,S12_1666,Auto Assoc. & Cie.,30.59.8555,"67, avenue de l'Europe",Versailles,78000,France,Tonini,Daniel,1
10229.0,25.0,138.04,13.0,3451.0,2019-03-11,659.0,5,5,136.0,S12_1666,Mini Gifts Distributors Ltd.,4155551450,5677 Strong St.,San Rafael,97562,USA,Nelson,Valarie,1
10245.0,38.0,155.8,6.0,5920.0,2019-05-04,606.0,5,5,136.0,S12_1666,Super Scale Inc.,2035559545,567 North Pendale Street,New Haven,97823,USA,Murphy,Leslie,1
10258.0,41.0,162.64,3.0,6668.0,2019-06-15,565.0,5,5,136.0,S12_1666,"Tokyo Collectables, Ltd",+81 3 3584 0555,2-2-8 Roppongi,Minato-ku,106-0032,Japan,Shimamura,Akiko,1
10270.0,28.0,146.24,6.0,4094.0,2019-07-19,532.0,5,5,136.0,S12_1666,Souveniers And Things Co.,+61 2 9495 8555,"Monitor Money Building, 815 Pacific Hwy",Chatswood,2067,Australia,Huxley,Adrian,1
10281.0,25.0,117.54,13.0,2938.0,2019-08-19,502.0,5,5,136.0,S12_1666,Diecast Classics Inc.,2155551555,7586 Pompton St.,Allentown,70267,USA,Yu,Kyung,2
10291.0,41.0,155.8,8.0,6387.0,2019-09-08,483.0,5,5,136.0,S12_1666,Scandinavian Gift Ideas,0695-34 6555,?kergatan 24,Boras,S-844 67,Sweden,Larsson,Maria,1
10304.0,39.0,164.0,3.0,6396.0,2019-10-11,451.0,5,5,136.0,S12_1666,Auto Assoc. & Cie.,30.59.8555,"67, avenue de l'Europe",Versailles,78000,France,Tonini,Daniel,1
10313.0,21.0,127.1,11.0,2669.0,2019-10-22,441.0,5,5,136.0,S12_1666,Canadian Gift Exchange Network,(604) 555-3392,1900 Oak St.,Vancouver,V3F 2K1,Canada,Tannamuri,Yoshi,2
10322.0,27.0,177.19,9.0,4784.0,2019-11-04,429.0,5,5,136.0,S12_1666,Online Diecast Creations Co.,6035558647,2304 Long Airport Avenue,Nashua,62005,USA,Young,Valarie,1
10347.0,29.0,123.67,3.0,3586.0,2019-11-29,405.0,5,5,136.0,S12_1666,"Australian Collectors, Co.",03 9520 4555,636 St Kilda Road,Melbourne,3004,Australia,Ferguson,Peter,1
10357.0,49.0,121.64,8.0,5960.0,2019-12-10,395.0,5,5,136.0,S12_1666,Mini Gifts Distributors Ltd.,4155551450,5677 Strong St.,San Rafael,97562,USA,Nelson,Valarie,1
10370.0,49.0,172.86,8.0,7951.5,2020-01-20,355.0,5,5,136.0,S12_1666,"Anna's Decorations, Ltd",02 9936 8555,201 Miller Street,North Sydney,2060,Australia,O'Hara,Anna,0
10391.0,39.0,63.2,9.0,2464.0,2020-03-09,307.0,5,5,136.0,S12_1666,"Anna's Decorations, Ltd",02 9936 8555,201 Miller Street,North Sydney,2060,Australia,O'Hara,Anna,2
10411.0,40.0,155.8,6.0,6232.0,2020-05-01,255.0,5,5,136.0,S12_1666,Quebec Home Shopping Network,(514) 555-8054,43 rue St. Laurent,Montreal,H1J 1C3,Canada,Fresnisre,Jean,1
10424.0,49.0,162.64,3.0,7951.5,2020-05-31,226.0,2,5,136.0,S12_1666,Euro Shopping Channel,(91) 555 94 44,"C/ Moralzarzal, 86",Madrid,28034,Spain,Freyre,Diego,0
10107.0,21.0,144.6,1.0,3036.0,2018-02-24,1054.0,5,1,150.0,S12_2823,Land of Toys Inc.,2125557818,897 Long Airport Avenue,NYC,10022,USA,Yu,Kwai,1
10121.0,50.0,165.68,4.0,7951.5,2018-05-07,983.0,5,1,150.0,S12_2823,Reims Collectables,26.47.1555,59 rue de l'Abbaye,Reims,51100,France,Henriot,Paul,0
10134.0,20.0,135.56,1.0,2711.0,2018-07-01,929.0,5,1,150.0,S12_2823,Lyon Souveniers,+33 1 46 62 7555,27 rue du Colonel Pierre Avia,Paris,75508,France,Da Cunha,Daniel,2
10145.0,49.0,170.2,5.0,7951.5,2018-08-25,875.0,5,1,150.0,S12_2823,Toys4GrownUps.com,6265557265,78934 Hillside Dr.,Pasadena,90003,USA,Young,Julie,0
10169.0,35.0,132.55,13.0,4639.0,2018-11-04,805.0,5,1,150.0,S12_2823,"Anna's Decorations, Ltd",02 9936 8555,201 Miller Street,North Sydney,2060,Australia,O'Hara,Anna,1
10180.0,40.0,168.69,8.0,6747.0,2018-11-11,799.0,5,1,150.0,S12_2823,Daedalus Designs Imports,20.16.1555,"184, chausse de Tournai",Lille,59000,France,Rance,Martine,1
10189.0,28.0,161.16,1.0,4512.0,2018-11-18,793.0,5,1,150.0,S12_2823,Toys4GrownUps.com,6265557265,78934 Hillside Dr.,Pasadena,90003,USA,Young,Julie,1
10211.0,36.0,132.55,13.0,4771.0,2019-01-15,736.0,5,1,150.0,S12_2823,Auto Canal Petit,(1) 47.55.6555,"25, rue Lauriston",Paris,75016,France,Perrier,Dominique,1
10224.0,43.0,141.58,6.0,6087.0,2019-02-21,700.0,5,1,150.0,S12_2823,Daedalus Designs Imports,20.16.1555,"184, chausse de Tournai",Lille,59000,France,Rance,Martine,1
10237.0,32.0,131.04,6.0,4193.0,2019-04-05,658.0,5,1,150.0,S12_2823,Vitachrome Inc.,2125551500,2678 Kingston Rd.,NYC,10022,USA,Frick,Michael,1
10251.0,46.0,164.18,1.0,7552.0,2019-05-18,616.0,5,1,150.0,S12_2823,Tekni Collectables Inc.,2015559350,7476 Moss Rd.,Newark,94019,USA,Brown,William,0
10263.0,48.0,134.05,1.0,6434.0,2019-06-28,576.0,5,1,150.0,S12_2823,Gift Depot Inc.,2035552570,25593 South Bay Ln.,Bridgewater,97562,USA,King,Julie,1
10276.0,43.0,120.5,14.0,5181.0,2019-08-02,542.0,5,1,150.0,S12_2823,Online Mini Collectables,6175557555,7635 Spinnaker Dr.,Brickhaven,58339,USA,Barajas,Miguel,1
10285.0,49.0,140.08,5.0,6863.0,2019-08-27,518.0,5,1,150.0,S12_2823,Marta's Replicas Co.,6175558555,39323 Spinnaker Dr.,Cambridge,51247,USA,Hernandez,Marta,1
10299.0,24.0,173.21,8.0,4157.0,2019-09-30,485.0,5,1,150.0,S12_2823,"Toys of Finland, Co.",90-224 8555,Keskuskatu 45,Helsinki,21240,Finland,Karttunen,Matti,1
10309.0,26.0,179.24,4.0,4660.0,2019-10-15,471.0,5,1,150.0,S12_2823,Baane Mini Imports,07-98 9555,Erling Skakkes gate 78,Stavern,4110,Norway,Bergulfsen,Jonas,1
10319.0,30.0,137.06,9.0,4111.0,2019-11-03,453.0,5,1,150.0,S12_2823,Microscale Inc.,2125551957,5290 North Pendale Street,NYC,10022,USA,Kuo,Kee,1
10329.0,24.0,147.61,6.0,3542.0,2019-11-15,442.0,5,1,150.0,S12_2823,Land of Toys Inc.,2125557818,897 Long Airport Avenue,NYC,10022,USA,Yu,Kwai,1
10341.0,55.0,147.61,8.0,7951.5,2019-11-24,434.0,5,1,150.0,S12_2823,Salzburg Collectables,6562-9555,Geislweg 14,Salzburg,5020,Austria,Pipps,Georg,0
10362.0,22.0,176.23,1.0,3877.0,2020-01-05,393.0,5,1,150.0,S12_2823,Technics Stores Inc.,6505556809,9408 Furth Circle,Burlingame,94217,USA,Hirano,Juri,1
10375.0,49.0,78.92,13.0,3867.0,2020-02-03,365.0,5,1,150.0,S12_2823,La Rochelle Gifts,40.67.8555,"67, rue des Cinquante Otages",Nantes,44000,France,Labrune,Janine,1
10388.0,44.0,135.26,6.0,5951.0,2020-03-03,337.0,5,1,150.0,S12_2823,FunGiftIdeas.com,5085552555,1785 First Street,New Bedford,50553,USA,Benitez,Violeta,1
10403.0,66.0,131.04,6.0,7951.5,2020-04-08,302.0,5,1,150.0,S12_2823,"UK Collectables, Ltd.",(171) 555-2282,Berkeley Gardens 12  Brewery,Liverpool,WX1 6LT,UK,Devon,Elizabeth,0
10417.0,21.0,164.18,1.0,3447.0,2020-05-13,268.0,1,1,150.0,S12_2823,Euro Shopping Channel,(91) 555 94 44,"C/ Moralzarzal, 86",Madrid,28034,Spain,Freyre,Diego,1
10104.0,34.0,175.25,1.0,5958.0,2018-01-31,1102.0,5,0,151.0,S12_3148,Euro Shopping Channel,(91) 555 94 44,"C/ Moralzarzal, 86",Madrid,28034,Spain,Freyre,Diego,1
10117.0,43.0,137.48,10.0,5911.0,2018-04-16,1028.0,5,0,151.0,S12_3148,"Dragon Souveniers, Ltd.",+65 221 7555,"Bronz Sok., Bronz Apt. 3/6 Tesvikiye",Singapore,79903,Singapore,Natividad,Eric,1
10127.0,46.0,160.14,3.0,7366.0,2018-06-03,981.0,5,0,151.0,S12_3148,Muscle Machine Inc,2125557413,4092 Furth Circle,NYC,10022,USA,Young,Jeff,0
10142.0,33.0,151.08,13.0,4985.0,2018-08-08,916.0,5,0,151.0,S12_3148,Mini Gifts Distributors Ltd.,4155551450,5677 Strong St.,San Rafael,97562,USA,Nelson,Valarie,1
10153.0,42.0,128.42,12.0,5393.0,2018-09-28,866.0,5,0,151.0,S12_3148,Euro Shopping Channel,(91) 555 94 44,"C/ Moralzarzal, 86",Madrid,28034,Spain,Freyre,Diego,1
10165.0,34.0,143.53,4.0,4880.0,2018-10-22,843.0,5,0,151.0,S12_3148,"Dragon Souveniers, Ltd.",+65 221 7555,"Bronz Sok., Bronz Apt. 3/6 Tesvikiye",Singapore,79903,Singapore,Natividad,Eric,1
10176.0,47.0,178.27,3.0,7951.5,2018-11-06,829.0,5,0,151.0,S12_3148,L'ordine Souveniers,0522-556555,Strada Provinciale 124,Reggio Emilia,42100,Italy,Moroni,Maurizio,0
10185.0,33.0,122.37,14.0,4038.0,2018-11-14,822.0,5,0,151.0,S12_3148,Mini Creations Ltd.,5085559555,4575 Hillside Dr.,New Bedford,50553,USA,Tam,Wing C,1
10196.0,24.0,158.63,6.0,3807.0,2018-11-26,811.0,5,0,151.0,S12_3148,Super Scale Inc.,2035559545,567 North Pendale Street,New Haven,97823,USA,Murphy,Leslie,1
10208.0,26.0,120.86,14.0,3142.0,2019-01-02,775.0,5,0,151.0,S12_3148,"Saveley & Henriot, Co.",78.32.5555,"2, rue du Commerce",Lyon,69004,France,Saveley,Mary,1
10220.0,30.0,157.12,3.0,4713.0,2019-02-12,735.0,5,0,151.0,S12_3148,"Clover Collections, Co.",+353 1862 1555,25 Maiden Lane,Dublin,2,Ireland,Cassidy,Dean,1
10230.0,43.0,163.17,1.0,7016.0,2019-03-15,705.0,5,0,151.0,S12_3148,"Blauer See Auto, Co.",+49 69 66 90 2555,Lyonerstr. 34,Frankfurt,60528,Germany,Keitel,Roland,0
10247.0,25.0,175.25,3.0,4381.0,2019-05-05,655.0,5,0,151.0,S12_3148,Suominen Souveniers,+358 9 8045 555,"Software Engineering Center, SEC Oy",Espoo,FIN-02271,Finland,Suominen,Kalle,1
10272.0,27.0,158.63,3.0,4283.0,2019-07-20,580.0,5,0,151.0,S12_3148,Diecast Classics Inc.,2155551555,7586 Pompton St.,Allentown,70267,USA,Yu,Kyung,1
10282.0,27.0,161.66,6.0,4364.0,2019-08-20,550.0,5,0,151.0,S12_3148,Mini Gifts Distributors Ltd.,4155551450,5677 Strong St.,San Rafael,97562,USA,Nelson,Valarie,1
10293.0,24.0,176.76,9.0,4242.0,2019-09-09,531.0,5,0,151.0,S12_3148,Amica Models & Co.,011-4988555,Via Monte Bianco 34,Torino,10100,Italy,Accorti,Paolo,1
10306.0,34.0,146.55,14.0,4982.0,2019-10-14,497.0,5,0,151.0,S12_3148,"AV Stores, Co.",(171) 555-1555,Fauntleroy Circus,Manchester,EC2 5NT,UK,Ashworth,Victoria,1
10314.0,46.0,138.99,6.0,6393.0,2019-10-22,490.0,5,0,151.0,S12_3148,Heintze Collectables,86 21 3555,Smagsloget 45,Aaarhus,8200,Denmark,Ibsen,Palle,1
10324.0,27.0,54.33,1.0,1466.0,2019-11-05,477.0,5,0,151.0,S12_3148,Vitachrome Inc.,2125551500,2678 Kingston Rd.,NYC,10022,USA,Frick,Michael,2
10336.0,33.0,123.01,11.0,4059.0,2019-11-20,463.0,5,0,151.0,S12_3148,"La Corne D'abondance, Co.",(1) 42.34.2555,"265, boulevard Charonne",Paris,75012,France,Bertrand,Marie,1
10348.0,47.0,102.16,4.0,4801.0,2019-11-01,483.0,5,0,151.0,S12_3148,"Corrida Auto Replicas, Ltd",(91) 555 22 82,"C/ Araquil, 67",Madrid,28023,Spain,Sommer,Mart¡n,1
10358.0,49.0,55.34,5.0,2711.0,2019-12-10,445.0,5,0,151.0,S12_3148,Euro Shopping Channel,(91) 555 94 44,"C/ Moralzarzal, 86",Madrid,28034,Spain,Freyre,Diego,2
10372.0,40.0,146.55,4.0,5862.0,2020-01-26,399.0,5,0,151.0,S12_3148,"Tokyo Collectables, Ltd",+81 3 3584 0555,2-2-8 Roppongi,Minato-ku,106-0032,Japan,Shimamura,Akiko,1
10382.0,37.0,110.05,11.0,4071.0,2020-02-17,378.0,5,0,151.0,S12_3148,Mini Gifts Distributors Ltd.,4155551450,5677 Strong St.,San Rafael,97562,USA,Nelson,Valarie,1
10413.0,47.0,175.25,3.0,7951.5,2020-05-05,301.0,5,0,151.0,S12_3148,Gift Depot Inc.,2035552570,25593 South Bay Ln.,Bridgewater,97562,USA,King,Julie,0
10108.0,45.0,136.23,4.0,6130.0,2018-03-03,1096.0,5,0,117.0,S12_3380,Cruz & Sons Co.,+63 2 555 3587,15 McCallum Street - NatWest Center #13-03,Makati City,1227 MM,Philippines,Cruz,Arnold,1
10122.0,37.0,99.82,8.0,3693.0,2018-05-08,1031.0,5,0,117.0,S12_3380,Marseille Mini Autos,91.24.4555,"12, rue des Bouchers",Marseille,13008,France,Lebihan,Laurence,1
10135.0,48.0,125.66,5.0,6031.0,2018-07-02,977.0,5,0,117.0,S12_3380,Mini Gifts Distributors Ltd.,4155551450,5677 Strong St.,San Rafael,97562,USA,Nelson,Valarie,1
10147.0,31.0,112.74,5.0,3494.0,2018-09-05,913.0,5,0,117.0,S12_3380,Collectables For Less Inc.,6175558555,7825 Douglas Av.,Brickhaven,58339,USA,Nelson,Allen,1
10170.0,47.0,116.27,4.0,5464.0,2018-11-04,854.0,5,0,117.0,S12_3380,Mini Auto Werke,7675-3555,Kirchgasse 6,Graz,8010,Austria,Mendel,Roland,1
10181.0,28.0,102.17,12.0,2860.0,2018-11-12,847.0,5,0,117.0,S12_3380,Herkku Gifts,+47 2267 3215,"Drammen 121, PR 744 Sentrum",Bergen,N 5804,Norway,Oeztan,Veysel,2
10191.0,40.0,139.75,1.0,5590.0,2018-11-20,840.0,5,0,117.0,S12_3380,"Toms Spezialitten, Ltd",0221-5554327,Mehrheimerstr. 369,Koln,50739,Germany,Pfalzheim,Henriette,1
10203.0,20.0,112.74,6.0,2254.0,2018-12-02,829.0,5,0,117.0,S12_3380,Euro Shopping Channel,(91) 555 94 44,"C/ Moralzarzal, 86",Madrid,28034,Spain,Freyre,Diego,2
10212.0,39.0,126.84,16.0,4946.0,2019-01-16,785.0,5,0,117.0,S12_3380,Euro Shopping Channel,(91) 555 94 44,"C/ Moralzarzal, 86",Madrid,28034,Spain,Freyre,Diego,1
10225.0,25.0,99.82,7.0,2495.0,2019-02-22,749.0,5,0,117.0,S12_3380,"Vida Sport, Ltd",0897-034555,Grenzacherweg 237,Gensve,1203,Switzerland,Holz,Michael,2
10238.0,29.0,109.22,1.0,3167.0,2019-04-09,704.0,5,0,117.0,S12_3380,Danish Wholesale Imports,31 12 3555,Vinb'ltet 34,Kobenhavn,1734,Denmark,Petersen,Jytte,1
10253.0,22.0,109.22,11.0,2402.0,2019-06-01,652.0,0,0,117.0,S12_3380,"UK Collectables, Ltd.",(171) 555-2282,Berkeley Gardens 12  Brewery,Liverpool,WX1 6LT,UK,Devon,Elizabeth,2
10266.0,22.0,111.57,12.0,2454.0,2019-07-06,618.0,5,0,117.0,S12_3380,L'ordine Souveniers,0522-556555,Strada Provinciale 124,Reggio Emilia,42100,Italy,Moroni,Maurizio,2
10276.0,47.0,116.27,1.0,5464.0,2019-08-02,592.0,5,0,117.0,S12_3380,Online Mini Collectables,6175557555,7635 Spinnaker Dr.,Brickhaven,58339,USA,Barajas,Miguel,1
10287.0,45.0,105.7,10.0,4756.0,2019-08-30,565.0,5,0,117.0,S12_3380,"Vida Sport, Ltd",0897-034555,Grenzacherweg 237,Gensve,1203,Switzerland,Holz,Michael,1
10300.0,29.0,137.4,3.0,3984.0,2018-10-04,896.0,5,0,117.0,S12_3380,"Blauer See Auto, Co.",+49 69 66 90 2555,Lyonerstr. 34,Frankfurt,60528,Germany,Keitel,Roland,1
10310.0,24.0,129.18,8.0,3100.0,2019-10-16,520.0,5,0,117.0,S12_3380,"Toms Spezialitten, Ltd",0221-5554327,Mehrheimerstr. 369,Koln,50739,Germany,Pfalzheim,Henriette,1
10320.0,35.0,138.58,1.0,4850.0,2019-11-03,503.0,5,0,117.0,S12_3380,"Volvo Model Replicas, Co",0921-12 3555,Berguvsvgen  8,Lule,S-958 22,Sweden,Berglund,Christina,1
10329.0,46.0,83.63,13.0,3846.0,2019-11-15,492.0,5,0,117.0,S12_3380,Land of Toys Inc.,2125557818,897 Long Airport Avenue,NYC,10022,USA,Yu,Kwai,1
10341.0,44.0,95.93,1.0,4220.0,2019-11-24,484.0,5,0,117.0,S12_3380,Salzburg Collectables,6562-9555,Geislweg 14,Salzburg,5020,Austria,Pipps,Georg,1
10363.0,34.0,96.73,4.0,3288.0,2020-01-06,442.0,5,0,117.0,S12_3380,Suominen Souveniers,+358 9 8045 555,"Software Engineering Center, SEC Oy",Espoo,FIN-02271,Finland,Suominen,Kalle,1
10376.0,35.0,113.92,1.0,3987.0,2020-02-08,410.0,5,0,117.0,S12_3380,Boards & Toys Co.,3105552373,4097 Douglas Av.,Glendale,92561,USA,Young,Leslie,1
10389.0,25.0,72.38,6.0,1809.0,2020-03-03,387.0,5,0,117.0,S12_3380,Scandinavian Gift Ideas,0695-34 6555,?kergatan 24,Boras,S-844 67,Sweden,Larsson,Maria,2
10419.0,10.0,109.22,11.0,1092.0,2020-05-17,313.0,5,0,117.0,S12_3380,Salzburg Collectables,6562-9555,Geislweg 14,Salzburg,5020,Austria,Pipps,Georg,2
10105.0,29.0,157.45,14.0,4566.0,2018-02-11,1140.0,5,0,173.0,S12_3891,Danish Wholesale Imports,31 12 3555,Vinb'ltet 34,Kobenhavn,1734,Denmark,Petersen,Jytte,1
10117.0,39.0,152.26,8.0,5938.0,2018-04-16,1077.0,5,0,173.0,S12_3891,"Dragon Souveniers, Ltd.",+65 221 7555,"Bronz Sok., Bronz Apt. 3/6 Tesvikiye",Singapore,79903,Singapore,Natividad,Eric,1
10127.0,42.0,193.78,1.0,7951.5,2018-06-03,1030.0,5,0,173.0,S12_3891,Muscle Machine Inc,2125557413,4092 Furth Circle,NYC,10022,USA,Young,Jeff,0
10142.0,46.0,205.89,11.0,7951.5,2018-08-08,965.0,5,0,173.0,S12_3891,Mini Gifts Distributors Ltd.,4155551450,5677 Strong St.,San Rafael,97562,USA,Nelson,Valarie,0
10153.0,49.0,143.61,10.0,7036.0,2018-09-28,915.0,5,0,173.0,S12_3891,Euro Shopping Channel,(91) 555 94 44,"C/ Moralzarzal, 86",Madrid,28034,Spain,Freyre,Diego,0
10165.0,27.0,205.89,2.0,5559.0,2018-10-22,892.0,5,0,173.0,S12_3891,"Dragon Souveniers, Ltd.",+65 221 7555,"Bronz Sok., Bronz Apt. 3/6 Tesvikiye",Singapore,79903,Singapore,Natividad,Eric,1
10176.0,50.0,157.45,1.0,7872.0,2018-11-06,878.0,5,0,173.0,S12_3891,L'ordine Souveniers,0522-556555,Strada Provinciale 124,Reggio Emilia,42100,Italy,Moroni,Maurizio,0
10185.0,43.0,183.4,12.0,7886.0,2018-11-14,871.0,5,0,173.0,S12_3891,Mini Creations Ltd.,5085559555,4575 Hillside Dr.,New Bedford,50553,USA,Tam,Wing C,0
10196.0,38.0,190.32,4.0,7232.0,2018-11-26,860.0,5,0,173.0,S12_3891,Super Scale Inc.,2035559545,567 North Pendale Street,New Haven,97823,USA,Murphy,Leslie,0
10208.0,20.0,155.72,12.0,3114.0,2019-01-02,824.0,5,0,173.0,S12_3891,"Saveley & Henriot, Co.",78.32.5555,"2, rue du Commerce",Lyon,69004,France,Saveley,Mary,1
10220.0,27.0,186.86,1.0,5045.0,2019-02-12,784.0,5,0,173.0,S12_3891,"Clover Collections, Co.",+353 1862 1555,25 Maiden Lane,Dublin,2,Ireland,Cassidy,Dean,1
10231.0,49.0,141.88,1.0,6952.0,2019-03-19,750.0,5,0,173.0,S12_3891,CAF Imports,+34 913 728 555,"Merchants House, 27-30 Merchant's Quay",Madrid,28023,Spain,Fernandez,Jesus,1
10247.0,27.0,153.99,1.0,4157.0,2019-05-05,704.0,5,0,173.0,S12_3891,Suominen Souveniers,+358 9 8045 555,"Software Engineering Center, SEC Oy",Espoo,FIN-02271,Finland,Suominen,Kalle,1
10272.0,39.0,204.16,1.0,7951.5,2019-07-20,629.0,5,0,173.0,S12_3891,Diecast Classics Inc.,2155551555,7586 Pompton St.,Allentown,70267,USA,Yu,Kyung,0
10282.0,24.0,157.45,4.0,3778.0,2019-08-20,599.0,5,0,173.0,S12_3891,Mini Gifts Distributors Ltd.,4155551450,5677 Strong St.,San Rafael,97562,USA,Nelson,Valarie,1
10293.0,45.0,183.4,7.0,7951.5,2019-09-09,580.0,5,0,173.0,S12_3891,Amica Models & Co.,011-4988555,Via Monte Bianco 34,Torino,10100,Italy,Accorti,Paolo,0
10306.0,20.0,181.67,12.0,3633.0,2019-10-14,546.0,5,0,173.0,S12_3891,"AV Stores, Co.",(171) 555-1555,Fauntleroy Circus,Manchester,EC2 5NT,UK,Ashworth,Victoria,1
10314.0,36.0,192.05,4.0,6913.0,2019-10-22,539.0,5,0,173.0,S12_3891,Heintze Collectables,86 21 3555,Smagsloget 45,Aaarhus,8200,Denmark,Ibsen,Palle,1
10325.0,24.0,107.65,1.0,2583.0,2019-11-05,526.0,5,0,173.0,S12_3891,Baane Mini Imports,07-98 9555,Erling Skakkes gate 78,Stavern,4110,Norway,Bergulfsen,Jonas,2
10336.0,49.0,63.38,1.0,3105.0,2019-11-20,512.0,5,0,173.0,S12_3891,"La Corne D'abondance, Co.",(1) 42.34.2555,"265, boulevard Charonne",Paris,75012,France,Bertrand,Marie,1
10349.0,26.0,169.56,10.0,4408.0,2019-12-01,502.0,5,0,173.0,S12_3891,Muscle Machine Inc,2125557413,4092 Furth Circle,NYC,10022,USA,Young,Jeff,1
10359.0,49.0,62.09,5.0,3042.0,2019-12-15,489.0,5,0,173.0,S12_3891,Reims Collectables,26.47.1555,59 rue de l'Abbaye,Reims,51100,France,Henriot,Paul,1
10372.0,34.0,174.75,1.0,5941.0,2020-01-26,448.0,5,0,173.0,S12_3891,"Tokyo Collectables, Ltd",+81 3 3584 0555,2-2-8 Roppongi,Minato-ku,106-0032,Japan,Shimamura,Akiko,1
10382.0,34.0,95.35,12.0,3241.0,2020-02-17,427.0,5,0,173.0,S12_3891,Mini Gifts Distributors Ltd.,4155551450,5677 Strong St.,San Rafael,97562,USA,Nelson,Valarie,1
10396.0,33.0,185.13,3.0,6109.0,2020-03-23,393.0,5,0,173.0,S12_3891,Mini Gifts Distributors Ltd.,4155551450,5677 Strong St.,San Rafael,97562,USA,Nelson,Valarie,1
10413.0,22.0,153.99,1.0,3387.0,2020-05-05,351.0,5,0,173.0,S12_3891,Gift Depot Inc.,2035552570,25593 South Bay Ln.,Bridgewater,97562,USA,King,Julie,1
10108.0,39.0,89.38,7.0,3485.0,2018-03-03,1146.0,5,0,79.0,S12_3990,Cruz & Sons Co.,+63 2 555 3587,15 McCallum Street - NatWest Center #13-03,Makati City,1227 MM,Philippines,Cruz,Arnold,1
10122.0,32.0,63.84,11.0,2042.0,2018-05-08,1081.0,5,0,79.0,S12_3990,Marseille Mini Autos,91.24.4555,"12, rue des Bouchers",Marseille,13008,France,Lebihan,Laurence,2
10135.0,24.0,75.01,8.0,1800.0,2018-07-02,1027.0,5,0,79.0,S12_3990,Mini Gifts Distributors Ltd.,4155551450,5677 Strong St.,San Rafael,97562,USA,Nelson,Valarie,2
10147.0,21.0,63.84,8.0,1340.0,2018-09-05,963.0,5,0,79.0,S12_3990,Collectables For Less Inc.,6175558555,7825 Douglas Av.,Brickhaven,58339,USA,Nelson,Allen,2
10169.0,36.0,63.84,3.0,2298.0,2018-11-04,904.0,5,0,79.0,S12_3990,"Anna's Decorations, Ltd",02 9936 8555,201 Miller Street,North Sydney,2060,Australia,O'Hara,Anna,2
10181.0,20.0,81.4,15.0,1628.0,2018-11-12,897.0,5,0,79.0,S12_3990,Herkku Gifts,+47 2267 3215,"Drammen 121, PR 744 Sentrum",Bergen,N 5804,Norway,Oeztan,Veysel,2
10191.0,30.0,64.64,4.0,1939.0,2018-11-20,890.0,5,0,79.0,S12_3990,"Toms Spezialitten, Ltd",0221-5554327,Mehrheimerstr. 369,Koln,50739,Germany,Pfalzheim,Henriette,2
10203.0,44.0,82.99,9.0,3651.0,2018-12-02,879.0,5,0,79.0,S12_3990,Euro Shopping Channel,(91) 555 94 44,"C/ Moralzarzal, 86",Madrid,28034,Spain,Freyre,Diego,1
10211.0,28.0,92.57,3.0,2591.0,2019-01-15,836.0,5,0,79.0,S12_3990,Auto Canal Petit,(1) 47.55.6555,"25, rue Lauriston",Paris,75016,France,Perrier,Dominique,2
10225.0,37.0,77.41,10.0,2864.0,2019-02-22,799.0,5,0,79.0,S12_3990,"Vida Sport, Ltd",0897-034555,Grenzacherweg 237,Gensve,1203,Switzerland,Holz,Michael,2
10238.0,20.0,74.21,4.0,1484.0,2019-04-09,754.0,5,0,79.0,S12_3990,Danish Wholesale Imports,31 12 3555,Vinb'ltet 34,Kobenhavn,1734,Denmark,Petersen,Jytte,2
10253.0,25.0,90.17,14.0,2254.0,2019-06-01,702.0,0,0,79.0,S12_3990,"UK Collectables, Ltd.",(171) 555-2282,Berkeley Gardens 12  Brewery,Liverpool,WX1 6LT,UK,Devon,Elizabeth,2
10266.0,35.0,76.61,15.0,2681.0,2019-07-06,668.0,5,0,79.0,S12_3990,L'ordine Souveniers,0522-556555,Strada Provinciale 124,Reggio Emilia,42100,Italy,Moroni,Maurizio,2
10276.0,38.0,83.79,4.0,3184.0,2019-08-02,642.0,5,0,79.0,S12_3990,Online Mini Collectables,6175557555,7635 Spinnaker Dr.,Brickhaven,58339,USA,Barajas,Miguel,1
10287.0,41.0,69.43,13.0,2846.0,2019-08-30,615.0,5,0,79.0,S12_3990,"Vida Sport, Ltd",0897-034555,Grenzacherweg 237,Gensve,1203,Switzerland,Holz,Michael,2
10300.0,22.0,76.61,6.0,1685.0,2018-10-04,946.0,5,0,79.0,S12_3990,"Blauer See Auto, Co.",+49 69 66 90 2555,Lyonerstr. 34,Frankfurt,60528,Germany,Keitel,Roland,2
10310.0,49.0,81.4,11.0,3988.0,2019-10-16,570.0,5,0,79.0,S12_3990,"Toms Spezialitten, Ltd",0221-5554327,Mehrheimerstr. 369,Koln,50739,Germany,Pfalzheim,Henriette,1
10320.0,38.0,73.42,4.0,2789.0,2019-11-03,553.0,5,0,79.0,S12_3990,"Volvo Model Replicas, Co",0921-12 3555,Berguvsvgen  8,Lule,S-958 22,Sweden,Berglund,Christina,2
10329.0,33.0,109.32,14.0,3607.0,2019-11-15,542.0,5,0,79.0,S12_3990,Land of Toys Inc.,2125557818,897 Long Airport Avenue,NYC,10022,USA,Yu,Kwai,1
10341.0,36.0,93.56,10.0,3368.0,2019-11-24,534.0,5,0,79.0,S12_3990,Salzburg Collectables,6562-9555,Geislweg 14,Salzburg,5020,Austria,Pipps,Georg,1
10363.0,34.0,81.62,5.0,2775.0,2020-01-06,492.0,5,0,79.0,S12_3990,Suominen Souveniers,+358 9 8045 555,"Software Engineering Center, SEC Oy",Espoo,FIN-02271,Finland,Suominen,Kalle,2
10377.0,24.0,67.83,5.0,1627.0,2020-02-09,459.0,5,0,79.0,S12_3990,"Toys of Finland, Co.",90-224 8555,Keskuskatu 45,Helsinki,21240,Finland,Karttunen,Matti,2
10389.0,36.0,70.26,7.0,2529.0,2020-03-03,437.0,5,0,79.0,S12_3990,Scandinavian Gift Ideas,0695-34 6555,?kergatan 24,Boras,S-844 67,Sweden,Larsson,Maria,2
10419.0,34.0,90.17,14.0,3065.0,2020-05-17,363.0,5,0,79.0,S12_3990,Salzburg Collectables,6562-9555,Geislweg 14,Salzburg,5020,Austria,Pipps,Georg,1
10104.0,41.0,112.58,9.0,4615.0,2018-01-31,1201.0,5,5,118.0,S12_4473,Euro Shopping Channel,(91) 555 94 44,"C/ Moralzarzal, 86",Madrid,28034,Spain,Freyre,Diego,1
10115.0,46.0,124.43,5.0,5723.0,2018-04-04,1139.0,5,5,118.0,S12_4473,Classic Legends Inc.,2125558493,5905 Pompton St.,NYC,10022,USA,Hernandez,Maria,1
10127.0,24.0,106.65,11.0,2559.0,2018-06-03,1080.0,5,5,118.0,S12_4473,Muscle Machine Inc,2125557413,4092 Furth Circle,NYC,10022,USA,Young,Jeff,2
10141.0,21.0,101.91,5.0,2140.0,2018-08-01,1022.0,5,5,118.0,S12_4473,Suominen Souveniers,+358 9 8045 555,"Software Engineering Center, SEC Oy",Espoo,FIN-02271,Finland,Suominen,Kalle,2
10151.0,24.0,138.65,3.0,3327.0,2018-09-21,972.0,5,5,118.0,S12_4473,"Oulu Toy Supplies, Inc.",981-443655,Torikatu 38,Oulu,90110,Finland,Koskitalo,Pirkko,1
10165.0,48.0,142.2,12.0,6825.0,2018-10-22,942.0,5,5,118.0,S12_4473,"Dragon Souveniers, Ltd.",+65 221 7555,"Bronz Sok., Bronz Apt. 3/6 Tesvikiye",Singapore,79903,Singapore,Natividad,Eric,1
10175.0,26.0,136.28,1.0,3543.0,2018-11-06,928.0,5,5,118.0,S12_4473,"Stylish Desk Decors, Co.",(171) 555-0297,35 King George,London,WX3 6FW,UK,Brown,Ann,1
10184.0,37.0,122.06,6.0,4516.0,2018-11-14,921.0,5,5,118.0,S12_4473,"Iberia Gift Imports, Corp.",(95) 555 82 82,"C/ Romero, 33",Sevilla,41101,Spain,Roel,Jose Pedro,1
10195.0,49.0,131.54,6.0,6445.0,2018-11-25,911.0,5,5,118.0,S12_4473,Mini Classics,9145554562,3758 North Pendale Street,White Plains,24067,USA,Frick,Steve,1
10207.0,34.0,99.54,7.0,3384.0,2018-12-09,898.0,5,5,118.0,S12_4473,Diecast Collectables,6175552555,6251 Ingle Ln.,Boston,51003,USA,Franco,Valarie,1
10219.0,48.0,101.91,2.0,4891.0,2019-02-10,836.0,5,5,118.0,S12_4473,Signal Collectibles Ltd.,4155554312,2793 Furth Circle,Brisbane,94217,USA,Taylor,Sue,1
10229.0,36.0,125.61,1.0,4521.0,2019-03-11,808.0,5,5,118.0,S12_4473,Mini Gifts Distributors Ltd.,4155551450,5677 Strong St.,San Rafael,97562,USA,Nelson,Valarie,1
10246.0,46.0,110.21,5.0,5069.0,2019-05-05,754.0,5,5,118.0,S12_4473,Euro Shopping Channel,(91) 555 94 44,"C/ Moralzarzal, 86",Madrid,28034,Spain,Freyre,Diego,1
10259.0,46.0,142.2,4.0,6541.0,2019-06-15,714.0,5,5,118.0,S12_4473,Handji Gifts& Co,+65 224 1555,Village Close - 106 Linden Road Sandown,Singapore,69045,Singapore,Victorino,Wendy,1
10271.0,31.0,97.17,5.0,3012.0,2019-07-20,680.0,5,5,118.0,S12_4473,Mini Gifts Distributors Ltd.,4155551450,5677 Strong St.,San Rafael,97562,USA,Nelson,Valarie,1
10281.0,41.0,127.98,1.0,5247.0,2019-08-19,651.0,5,5,118.0,S12_4473,Diecast Classics Inc.,2155551555,7586 Pompton St.,Allentown,70267,USA,Yu,Kyung,1
10292.0,21.0,105.47,8.0,2214.0,2019-09-08,632.0,5,5,118.0,S12_4473,Land of Toys Inc.,2125557818,897 Long Airport Avenue,NYC,10022,USA,Yu,Kwai,2
10305.0,38.0,125.61,5.0,4773.0,2019-10-13,598.0,5,5,118.0,S12_4473,Marta's Replicas Co.,6175558555,39323 Spinnaker Dr.,Cambridge,51247,USA,Hernandez,Marta,1
10314.0,45.0,137.46,14.0,6185.0,2019-10-22,590.0,5,5,118.0,S12_4473,Heintze Collectables,86 21 3555,Smagsloget 45,Aaarhus,8200,Denmark,Ibsen,Palle,1
10324.0,26.0,58.38,7.0,1517.0,2019-11-05,577.0,5,5,118.0,S12_4473,Vitachrome Inc.,2125551500,2678 Kingston Rd.,NYC,10022,USA,Frick,Michael,2
10336.0,38.0,167.7,3.0,6372.0,2019-11-20,563.0,5,5,118.0,S12_4473,"La Corne D'abondance, Co.",(1) 42.34.2555,"265, boulevard Charonne",Paris,75012,France,Bertrand,Marie,1
10349.0,48.0,109.02,9.0,5232.0,2019-12-01,553.0,5,5,118.0,S12_4473,Muscle Machine Inc,2125557413,4092 Furth Circle,NYC,10022,USA,Young,Jeff,1
10358.0,42.0,64.16,9.0,2694.0,2019-12-10,545.0,5,5,118.0,S12_4473,Euro Shopping Channel,(91) 555 94 44,"C/ Moralzarzal, 86",Madrid,28034,Spain,Freyre,Diego,2
10371.0,49.0,35.71,4.0,1749.0,2020-01-23,502.0,5,5,118.0,S12_4473,Mini Gifts Distributors Ltd.,4155551450,5677 Strong St.,San Rafael,97562,USA,Nelson,Valarie,2
10382.0,32.0,66.58,13.0,2130.0,2020-02-17,478.0,5,5,118.0,S12_4473,Mini Gifts Distributors Ltd.,4155551450,5677 Strong St.,San Rafael,97562,USA,Nelson,Valarie,2
10412.0,54.0,110.21,5.0,5951.0,2020-05-03,403.0,5,5,118.0,S12_4473,Euro Shopping Channel,(91) 555 94 44,"C/ Moralzarzal, 86",Madrid,28034,Spain,Freyre,Diego,1
10425.0,33.0,142.2,4.0,4692.0,2020-05-31,376.0,2,5,118.0,S12_4473,La Rochelle Gifts,40.67.8555,"67, rue des Cinquante Otages",Nantes,44000,France,Labrune,Janine,1
10108.0,36.0,103.64,3.0,3731.0,2018-03-03,1197.0,5,0,115.0,S12_4675,Cruz & Sons Co.,+63 2 555 3587,15 McCallum Street - NatWest Center #13-03,Makati City,1227 MM,Philippines,Cruz,Arnold,1
10122.0,20.0,107.1,7.0,2142.0,2018-05-08,1132.0,5,0,115.0,S12_4675,Marseille Mini Autos,91.24.4555,"12, rue des Bouchers",Marseille,13008,France,Lebihan,Laurence,2
10135.0,29.0,97.89,4.0,2838.0,2018-07-02,1078.0,5,0,115.0,S12_4675,Mini Gifts Distributors Ltd.,4155551450,5677 Strong St.,San Rafael,97562,USA,Nelson,Valarie,2
10147.0,33.0,97.89,4.0,3230.0,2018-09-05,1014.0,5,0,115.0,S12_4675,Collectables For Less Inc.,6175558555,7825 Douglas Av.,Brickhaven,58339,USA,Nelson,Allen,1
10170.0,41.0,107.1,3.0,4391.0,2018-11-04,955.0,5,0,115.0,S12_4675,Mini Auto Werke,7675-3555,Kirchgasse 6,Graz,8010,Austria,Mendel,Roland,1
10181.0,36.0,124.37,11.0,4477.0,2018-11-12,948.0,5,0,115.0,S12_4675,Herkku Gifts,+47 2267 3215,"Drammen 121, PR 744 Sentrum",Bergen,N 5804,Norway,Oeztan,Veysel,1
10192.0,27.0,131.28,16.0,3544.0,2018-11-20,941.0,5,0,115.0,S12_4675,Online Diecast Creations Co.,6035558647,2304 Long Airport Avenue,Nashua,62005,USA,Young,Valarie,1
10203.0,47.0,110.55,5.0,5195.0,2018-12-02,930.0,5,0,115.0,S12_4675,Euro Shopping Channel,(91) 555 94 44,"C/ Moralzarzal, 86",Madrid,28034,Spain,Freyre,Diego,1
10212.0,33.0,126.68,15.0,4180.0,2019-01-16,886.0,5,0,115.0,S12_4675,Euro Shopping Channel,(91) 555 94 44,"C/ Moralzarzal, 86",Madrid,28034,Spain,Freyre,Diego,1
10225.0,21.0,127.83,6.0,2684.0,2019-02-22,850.0,5,0,115.0,S12_4675,"Vida Sport, Ltd",0897-034555,Grenzacherweg 237,Gensve,1203,Switzerland,Holz,Michael,2
10239.0,21.0,93.28,5.0,1958.0,2019-04-12,802.0,5,0,115.0,S12_4675,"Oulu Toy Supplies, Inc.",981-443655,Torikatu 38,Oulu,90110,Finland,Koskitalo,Pirkko,2
10253.0,41.0,119.77,10.0,4910.0,2019-06-01,753.0,0,0,115.0,S12_4675,"UK Collectables, Ltd.",(171) 555-2282,Berkeley Gardens 12  Brewery,Liverpool,WX1 6LT,UK,Devon,Elizabeth,1
10266.0,40.0,111.71,11.0,4468.0,2019-07-06,719.0,5,0,115.0,S12_4675,L'ordine Souveniers,0522-556555,Strada Provinciale 124,Reggio Emilia,42100,Italy,Moroni,Maurizio,1
10277.0,28.0,111.71,1.0,3127.0,2019-08-04,691.0,5,0,115.0,S12_4675,"Dragon Souveniers, Ltd.",+65 221 7555,"Bronz Sok., Bronz Apt. 3/6 Tesvikiye",Singapore,79903,Singapore,Natividad,Eric,1
10287.0,23.0,116.31,9.0,2675.0,2019-08-30,666.0,5,0,115.0,S12_4675,"Vida Sport, Ltd",0897-034555,Grenzacherweg 237,Gensve,1203,Switzerland,Holz,Michael,2
10300.0,23.0,122.07,2.0,2807.0,2018-10-04,997.0,5,0,115.0,S12_4675,"Blauer See Auto, Co.",+49 69 66 90 2555,Lyonerstr. 34,Frankfurt,60528,Germany,Keitel,Roland,2
10310.0,25.0,100.19,7.0,2504.0,2019-10-16,621.0,5,0,115.0,S12_4675,"Toms Spezialitten, Ltd",0221-5554327,Mehrheimerstr. 369,Koln,50739,Germany,Pfalzheim,Henriette,2
10321.0,24.0,124.37,15.0,2984.0,2019-11-04,603.0,5,0,115.0,S12_4675,FunGiftIdeas.com,5085552555,1785 First Street,New Bedford,50553,USA,Benitez,Violeta,2
10329.0,39.0,64.74,15.0,2524.0,2019-11-15,593.0,5,0,115.0,S12_4675,Land of Toys Inc.,2125557818,897 Long Airport Avenue,NYC,10022,USA,Yu,Kwai,2
10341.0,55.0,75.2,7.0,4136.0,2019-11-24,585.0,5,0,115.0,S12_4675,Salzburg Collectables,6562-9555,Geislweg 14,Salzburg,5020,Austria,Pipps,Georg,1
10363.0,46.0,88.45,6.0,4068.0,2020-01-06,543.0,5,0,115.0,S12_4675,Suominen Souveniers,+358 9 8045 555,"Software Engineering Center, SEC Oy",Espoo,FIN-02271,Finland,Suominen,Kalle,1
10377.0,50.0,103.64,1.0,5182.0,2020-02-09,510.0,5,0,115.0,S12_4675,"Toys of Finland, Co.",90-224 8555,Keskuskatu 45,Helsinki,21240,Finland,Karttunen,Matti,1
10389.0,47.0,111.57,8.0,5243.0,2020-03-03,488.0,5,0,115.0,S12_4675,Scandinavian Gift Ideas,0695-34 6555,?kergatan 24,Boras,S-844 67,Sweden,Larsson,Maria,1
10405.0,67.0,93.28,5.0,7951.5,2020-04-14,447.0,5,0,115.0,S12_4675,Mini Caravy,88.60.1555,"24, place Kluber",Strasbourg,67000,France,Citeaux,Frederique,0
10419.0,32.0,119.77,10.0,3832.0,2020-05-17,415.0,5,0,115.0,S12_4675,Salzburg Collectables,6562-9555,Geislweg 14,Salzburg,5020,Austria,Pipps,Georg,1
10103.0,35.0,112.0,10.0,3920.0,2018-01-29,1255.0,5,5,116.0,S18_1097,Baane Mini Imports,07-98 9555,Erling Skakkes gate 78,Stavern,4110,Norway,Bergulfsen,Jonas,1
10113.0,49.0,100.34,4.0,4916.0,2018-03-26,1200.0,5,5,116.0,S18_1097,Mini Gifts Distributors Ltd.,4155551450,5677 Strong St.,San Rafael,97562,USA,Nelson,Valarie,1
10126.0,38.0,101.5,10.0,3857.0,2018-05-28,1138.0,5,5,116.0,S18_1097,"Corrida Auto Replicas, Ltd",(91) 555 22 82,"C/ Araquil, 67",Madrid,28023,Spain,Sommer,Mart¡n,1
10140.0,32.0,130.67,10.0,4181.0,2018-07-24,1082.0,5,5,116.0,S18_1097,Technics Stores Inc.,6505556809,9408 Furth Circle,Burlingame,94217,USA,Hirano,Juri,1
10150.0,34.0,136.5,7.0,4641.0,2018-09-19,1026.0,5,5,116.0,S18_1097,"Dragon Souveniers, Ltd.",+65 221 7555,"Bronz Sok., Bronz Apt. 3/6 Tesvikiye",Singapore,79903,Singapore,Natividad,Eric,1
10164.0,36.0,99.17,8.0,3570.0,2018-10-21,995.0,4,5,116.0,S18_1097,Mini Auto Werke,7675-3555,Kirchgasse 6,Graz,8010,Austria,Mendel,Roland,1
10174.0,48.0,93.34,3.0,4480.0,2018-11-06,980.0,5,5,116.0,S18_1097,"Australian Gift Network, Co",61-7-3844-6555,31 Duncan St. West End,South Brisbane,4101,Australia,Calaghan,Tony,1
10183.0,21.0,96.84,7.0,2033.0,2018-11-13,974.0,5,5,116.0,S18_1097,"Classic Gift Ideas, Inc",2155554695,782 First Street,Philadelphia,71270,USA,Cervantes,Francisca,2
10194.0,21.0,93.34,10.0,1960.0,2018-11-25,963.0,5,5,116.0,S18_1097,"Saveley & Henriot, Co.",78.32.5555,"2, rue du Commerce",Lyon,69004,France,Saveley,Mary,2
10206.0,34.0,116.67,5.0,3966.0,2018-12-05,954.0,5,5,116.0,S18_1097,Canadian Gift Exchange Network,(604) 555-3392,1900 Oak St.,Vancouver,V3F 2K1,Canada,Tannamuri,Yoshi,1
10215.0,46.0,112.0,2.0,5152.0,2019-01-29,900.0,5,5,116.0,S18_1097,West Coast Collectables Co.,3105553722,3675 Furth Circle,Burbank,94019,USA,Thompson,Steve,1
10228.0,32.0,105.0,1.0,3360.0,2019-03-10,861.0,5,5,116.0,S18_1097,Cambridge Collectables Co.,6175555555,4658 Baden Av.,Cambridge,51247,USA,Tseng,Kyung,1
10245.0,29.0,119.0,8.0,3451.0,2019-05-04,807.0,5,5,116.0,S18_1097,Super Scale Inc.,2035559545,567 North Pendale Street,New Haven,97823,USA,Murphy,Leslie,1
10258.0,41.0,133.0,5.0,5453.0,2019-06-15,766.0,5,5,116.0,S18_1097,"Tokyo Collectables, Ltd",+81 3 3584 0555,2-2-8 Roppongi,Minato-ku,106-0032,Japan,Shimamura,Akiko,1
10270.0,43.0,96.84,8.0,4164.0,2019-07-19,733.0,5,5,116.0,S18_1097,Souveniers And Things Co.,+61 2 9495 8555,"Monitor Money Building, 815 Pacific Hwy",Chatswood,2067,Australia,Huxley,Adrian,1
10280.0,24.0,116.67,1.0,2800.0,2019-08-17,705.0,5,5,116.0,S18_1097,Amica Models & Co.,011-4988555,Via Monte Bianco 34,Torino,10100,Italy,Accorti,Paolo,2
10291.0,41.0,114.34,10.0,4687.0,2019-09-08,684.0,5,5,116.0,S18_1097,Scandinavian Gift Ideas,0695-34 6555,?kergatan 24,Boras,S-844 67,Sweden,Larsson,Maria,1
10304.0,46.0,98.0,5.0,4508.0,2019-10-11,652.0,5,5,116.0,S18_1097,Auto Assoc. & Cie.,30.59.8555,"67, avenue de l'Europe",Versailles,78000,France,Tonini,Daniel,1
10312.0,32.0,130.67,2.0,4181.0,2019-10-21,643.0,5,5,116.0,S18_1097,Mini Gifts Distributors Ltd.,4155551450,5677 Strong St.,San Rafael,97562,USA,Nelson,Valarie,1
10322.0,22.0,102.32,10.0,2251.0,2019-11-04,630.0,5,5,116.0,S18_1097,Online Diecast Creations Co.,6035558647,2304 Long Airport Avenue,Nashua,62005,USA,Young,Valarie,2
10347.0,42.0,49.6,5.0,2083.0,2019-11-29,606.0,5,5,116.0,S18_1097,"Australian Collectors, Co.",03 9520 4555,636 St Kilda Road,Melbourne,3004,Australia,Ferguson,Peter,2
10357.0,39.0,98.0,1.0,3822.0,2019-12-10,596.0,5,5,116.0,S18_1097,Mini Gifts Distributors Ltd.,4155551450,5677 Strong St.,San Rafael,97562,USA,Nelson,Valarie,1
10370.0,27.0,144.87,1.0,3911.0,2020-01-20,556.0,5,5,116.0,S18_1097,"Anna's Decorations, Ltd",02 9936 8555,201 Miller Street,North Sydney,2060,Australia,O'Hara,Anna,1
10391.0,29.0,85.1,10.0,2467.0,2020-03-09,508.0,5,5,116.0,S18_1097,"Anna's Decorations, Ltd",02 9936 8555,201 Miller Street,North Sydney,2060,Australia,O'Hara,Anna,2
10411.0,27.0,119.0,8.0,3213.0,2020-05-01,456.0,5,5,116.0,S18_1097,Quebec Home Shopping Network,(514) 555-8054,43 rue St. Laurent,Montreal,H1J 1C3,Canada,Fresnisre,Jean,1
10424.0,54.0,133.0,5.0,7182.0,2020-05-31,427.0,2,5,116.0,S18_1097,Euro Shopping Channel,(91) 555 94 44,"C/ Moralzarzal, 86",Madrid,28034,Spain,Freyre,Diego,0
10109.0,26.0,168.43,4.0,4379.0,2018-03-10,1241.0,5,0,141.0,S18_1129,Motor Mint Distributors Inc.,2155559857,11328 Douglas Av.,Philadelphia,71270,USA,Hernandez,Rosa,1
10122.0,34.0,147.2,2.0,5004.0,2018-05-08,1183.0,5,0,141.0,S18_1129,Marseille Mini Autos,91.24.4555,"12, rue des Bouchers",Marseille,13008,France,Lebihan,Laurence,1
10136.0,25.0,145.79,2.0,3644.0,2018-07-04,1127.0,5,0,141.0,S18_1129,Alpha Cognac,61.77.6555,1 rue Alsace-Lorraine,Toulouse,31000,France,Roulet,Annette,1
10148.0,23.0,117.48,13.0,2702.0,2018-09-11,1059.0,5,0,141.0,S18_1129,"Anna's Decorations, Ltd",02 9936 8555,201 Miller Street,North Sydney,2060,Australia,O'Hara,Anna,2
10161.0,28.0,134.46,12.0,3764.0,2018-10-17,1024.0,5,0,141.0,S18_1129,Heintze Collectables,86 21 3555,Smagsloget 45,Aaarhus,8200,Denmark,Ibsen,Palle,1
10171.0,35.0,128.8,2.0,4508.0,2018-11-05,1006.0,5,0,141.0,S18_1129,Quebec Home Shopping Network,(514) 555-8054,43 rue St. Laurent,Montreal,H1J 1C3,Canada,Fresnisre,Jean,1
10181.0,44.0,123.14,6.0,5418.0,2018-11-12,1000.0,5,0,141.0,S18_1129,Herkku Gifts,+47 2267 3215,"Drammen 121, PR 744 Sentrum",Bergen,N 5804,Norway,Oeztan,Veysel,1
10192.0,22.0,150.03,11.0,3300.0,2018-11-20,993.0,5,0,141.0,S18_1129,Online Diecast Creations Co.,6035558647,2304 Long Airport Avenue,Nashua,62005,USA,Young,Valarie,1
10204.0,42.0,147.2,17.0,6182.0,2018-12-02,982.0,5,0,141.0,S18_1129,Muscle Machine Inc,2125557413,4092 Furth Circle,NYC,10022,USA,Young,Jeff,1
10212.0,29.0,144.37,10.0,4186.0,2019-01-16,938.0,5,0,141.0,S18_1129,Euro Shopping Channel,(91) 555 94 44,"C/ Moralzarzal, 86",Madrid,28034,Spain,Freyre,Diego,1
10225.0,32.0,141.54,1.0,4529.0,2019-02-22,902.0,5,0,141.0,S18_1129,"Vida Sport, Ltd",0897-034555,Grenzacherweg 237,Gensve,1203,Switzerland,Holz,Michael,1
10240.0,41.0,137.29,3.0,5628.0,2019-04-13,853.0,5,0,141.0,S18_1129,Osaka Souveniers Co.,+81 06 6342 5555,"Dojima Avanza 4F, 1-6-20 Dojima, Kita-ku",Osaka,530-0003,Japan,Kentary,Mory,1
10253.0,26.0,117.48,5.0,3054.0,2019-06-01,805.0,0,0,141.0,S18_1129,"UK Collectables, Ltd.",(171) 555-2282,Berkeley Gardens 12  Brewery,Liverpool,WX1 6LT,UK,Devon,Elizabeth,1
10266.0,21.0,120.31,6.0,2526.0,2019-07-06,771.0,5,0,141.0,S18_1129,L'ordine Souveniers,0522-556555,Strada Provinciale 124,Reggio Emilia,42100,Italy,Moroni,Maurizio,2
10278.0,34.0,137.29,6.0,4667.0,2019-08-06,741.0,5,0,141.0,S18_1129,Signal Gift Stores,7025551838,8489 Strong St.,Las Vegas,83030,USA,King,Sue,1
10287.0,41.0,158.52,4.0,6499.0,2019-08-30,718.0,5,0,141.0,S18_1129,"Vida Sport, Ltd",0897-034555,Grenzacherweg 237,Gensve,1203,Switzerland,Holz,Michael,1
10301.0,37.0,159.94,8.0,5917.0,2018-10-05,1048.0,5,0,141.0,S18_1129,"Norway Gifts By Mail, Co.",+47 2212 1555,"Drammensveien 126 A, PB 744 Sentrum",Oslo,N 0106,Norway,Klaeboe,Jan,1
10310.0,37.0,168.43,2.0,6231.0,2019-10-16,673.0,5,0,141.0,S18_1129,"Toms Spezialitten, Ltd",0221-5554327,Mehrheimerstr. 369,Koln,50739,Germany,Pfalzheim,Henriette,1
10321.0,41.0,141.54,10.0,5803.0,2019-11-04,655.0,5,0,141.0,S18_1129,FunGiftIdeas.com,5085552555,1785 First Street,New Bedford,50553,USA,Benitez,Violeta,1
10331.0,46.0,139.87,6.0,6434.0,2019-11-17,643.0,5,0,141.0,S18_1129,Motor Mint Distributors Inc.,2155559857,11328 Douglas Av.,Philadelphia,71270,USA,Hernandez,Rosa,1
10342.0,40.0,161.36,2.0,6454.0,2019-11-24,637.0,5,0,141.0,S18_1129,"Australian Collectors, Co.",03 9520 4555,636 St Kilda Road,Melbourne,3004,Australia,Ferguson,Peter,1
10356.0,43.0,97.6,8.0,4196.0,2019-12-09,623.0,5,0,141.0,S18_1129,Lyon Souveniers,+33 1 46 62 7555,27 rue du Colonel Pierre Avia,Paris,75508,France,Da Cunha,Daniel,1
10365.0,30.0,87.06,1.0,2611.0,2020-01-07,595.0,5,0,141.0,S18_1129,Mini Creations Ltd.,5085559555,4575 Hillside Dr.,New Bedford,50553,USA,Tam,Wing C,2
10377.0,35.0,168.43,2.0,5895.0,2020-02-09,563.0,5,0,141.0,S18_1129,"Toys of Finland, Co.",90-224 8555,Keskuskatu 45,Helsinki,21240,Finland,Karttunen,Matti,1
10390.0,36.0,93.77,14.0,3375.0,2020-03-04,540.0,5,0,141.0,S18_1129,Mini Gifts Distributors Ltd.,4155551450,5677 Strong St.,San Rafael,97562,USA,Nelson,Valarie,1
10406.0,61.0,137.29,3.0,7951.5,2020-04-15,499.0,1,0,141.0,S18_1129,Danish Wholesale Imports,31 12 3555,Vinb'ltet 34,Kobenhavn,1734,Denmark,Petersen,Jytte,0
10419.0,38.0,117.48,5.0,4464.0,2020-05-17,468.0,5,0,141.0,S18_1129,Salzburg Collectables,6562-9555,Geislweg 14,Salzburg,5020,Austria,Pipps,Georg,1
10102.0,39.0,123.29,2.0,4808.0,2018-01-10,1327.0,5,6,102.0,S18_1342,Vitachrome Inc.,2125551500,2678 Kingston Rd.,NYC,10022,USA,Frick,Michael,1
10125.0,32.0,101.71,1.0,3254.0,2018-05-21,1197.0,5,6,102.0,S18_1342,"Australian Collectors, Co.",03 9520 4555,636 St Kilda Road,Melbourne,3004,Australia,Ferguson,Peter,1
10139.0,31.0,102.74,7.0,3184.0,2018-07-16,1142.0,5,6,102.0,S18_1342,Souveniers And Things Co.,+61 2 9495 8555,"Monitor Money Building, 815 Pacific Hwy",Chatswood,2067,Australia,Huxley,Adrian,1
10149.0,50.0,118.15,4.0,5907.0,2018-09-12,1085.0,5,6,102.0,S18_1342,Signal Collectibles Ltd.,4155554312,2793 Furth Circle,Brisbane,94217,USA,Taylor,Sue,1
10173.0,43.0,117.12,6.0,5036.0,2018-11-05,1032.0,5,6,102.0,S18_1342,Rovelli Gifts,035-640555,Via Ludovico il Moro 22,Bergamo,24100,Italy,Rovelli,Giovanni,1
10182.0,25.0,87.33,3.0,2183.0,2018-11-12,1026.0,5,6,102.0,S18_1342,Mini Gifts Distributors Ltd.,4155551450,5677 Strong St.,San Rafael,97562,USA,Nelson,Valarie,2
10193.0,28.0,110.96,7.0,3106.0,2018-11-21,1018.0,5,6,102.0,S18_1342,"Australian Collectables, Ltd",61-9-3844-6555,7 Allen Street,Glen Waverly,3150,Australia,Connery,Sean,1
10205.0,36.0,103.77,2.0,3735.0,2018-12-03,1007.0,5,6,102.0,S18_1342,Euro Shopping Channel,(91) 555 94 44,"C/ Moralzarzal, 86",Madrid,28034,Spain,Freyre,Diego,1
10215.0,27.0,89.38,10.0,2413.0,2019-01-29,951.0,5,6,102.0,S18_1342,West Coast Collectables Co.,3105553722,3675 Furth Circle,Burbank,94019,USA,Thompson,Steve,2
10227.0,25.0,118.15,3.0,2953.0,2019-03-02,920.0,5,6,102.0,S18_1342,"Saveley & Henriot, Co.",78.32.5555,"2, rue du Commerce",Lyon,69004,France,Saveley,Mary,2
10244.0,40.0,117.12,7.0,4684.0,2019-04-29,863.0,5,6,102.0,S18_1342,Euro Shopping Channel,(91) 555 94 44,"C/ Moralzarzal, 86",Madrid,28034,Spain,Freyre,Diego,1
10256.0,34.0,95.55,2.0,3248.0,2019-06-08,824.0,5,6,102.0,S18_1342,Danish Wholesale Imports,31 12 3555,Vinb'ltet 34,Kobenhavn,1734,Denmark,Petersen,Jytte,1
10280.0,50.0,104.79,9.0,5239.0,2019-08-17,755.0,5,6,102.0,S18_1342,Amica Models & Co.,011-4988555,Via Monte Bianco 34,Torino,10100,Italy,Accorti,Paolo,1
10289.0,38.0,120.21,2.0,4567.0,2019-09-03,739.0,5,6,102.0,S18_1342,Herkku Gifts,+47 2267 3215,"Drammen 121, PR 744 Sentrum",Bergen,N 5804,Norway,Oeztan,Veysel,1
10304.0,37.0,95.55,13.0,3535.0,2019-10-11,702.0,5,6,102.0,S18_1342,Auto Assoc. & Cie.,30.59.8555,"67, avenue de l'Europe",Versailles,78000,France,Tonini,Daniel,1
10312.0,43.0,89.38,10.0,3843.0,2019-10-21,693.0,5,6,102.0,S18_1342,Mini Gifts Distributors Ltd.,4155551450,5677 Strong St.,San Rafael,97562,USA,Nelson,Valarie,1
10322.0,43.0,86.3,14.0,3710.0,2019-11-04,680.0,5,6,102.0,S18_1342,Online Diecast Creations Co.,6035558647,2304 Long Airport Avenue,Nashua,62005,USA,Young,Valarie,1
10332.0,46.0,95.13,15.0,4375.0,2019-11-17,668.0,5,6,102.0,S18_1342,"AV Stores, Co.",(171) 555-1555,Fauntleroy Circus,Manchester,EC2 5NT,UK,Ashworth,Victoria,1
10346.0,42.0,36.11,3.0,1516.0,2019-11-29,657.0,5,6,102.0,S18_1342,Signal Gift Stores,7025551838,8489 Strong St.,Las Vegas,83030,USA,King,Sue,2
10356.0,50.0,50.18,9.0,2509.0,2019-12-09,648.0,5,6,102.0,S18_1342,Lyon Souveniers,+33 1 46 62 7555,27 rue du Colonel Pierre Avia,Paris,75508,France,Da Cunha,Daniel,2
10369.0,44.0,210.01,8.0,7951.5,2020-01-20,607.0,5,6,102.0,S18_1342,Collectables For Less Inc.,6175558555,7825 Douglas Av.,Brickhaven,58339,USA,Nelson,Allen,0
10380.0,27.0,93.16,13.0,2515.0,2020-02-16,581.0,5,6,102.0,S18_1342,Euro Shopping Channel,(91) 555 94 44,"C/ Moralzarzal, 86",Madrid,28034,Spain,Freyre,Diego,2
10391.0,35.0,158.54,2.0,5548.0,2020-03-09,560.0,5,6,102.0,S18_1342,"Anna's Decorations, Ltd",02 9936 8555,201 Miller Street,North Sydney,2060,Australia,O'Hara,Anna,1
10422.0,51.0,95.55,2.0,4873.0,2020-05-30,479.0,2,6,102.0,S18_1342,Diecast Classics Inc.,2155551555,7586 Pompton St.,Allentown,70267,USA,Yu,Kyung,1
10102.0,41.0,50.14,1.0,2055.0,2018-01-10,1351.0,5,6,53.0,S18_1367,Vitachrome Inc.,2125551500,2678 Kingston Rd.,NYC,10022,USA,Frick,Michael,2
10126.0,42.0,54.99,17.0,2309.0,2018-05-28,1214.0,5,6,53.0,S18_1367,"Corrida Auto Replicas, Ltd",(91) 555 22 82,"C/ Araquil, 67",Madrid,28023,Spain,Sommer,Mart¡n,2
10139.0,49.0,43.13,6.0,2113.0,2018-07-16,1166.0,5,6,53.0,S18_1367,Souveniers And Things Co.,+61 2 9495 8555,"Monitor Money Building, 815 Pacific Hwy",Chatswood,2067,Australia,Huxley,Adrian,2
10149.0,30.0,58.22,3.0,1746.0,2018-09-12,1109.0,5,6,53.0,S18_1367,Signal Collectibles Ltd.,4155554312,2793 Furth Circle,Brisbane,94217,USA,Taylor,Sue,2
10173.0,48.0,44.21,5.0,2122.0,2018-11-05,1056.0,5,6,53.0,S18_1367,Rovelli Gifts,035-640555,Via Ludovico il Moro 22,Bergamo,24100,Italy,Rovelli,Giovanni,2
10182.0,32.0,54.45,2.0,1742.0,2018-11-12,1050.0,5,6,53.0,S18_1367,Mini Gifts Distributors Ltd.,4155551450,5677 Strong St.,San Rafael,97562,USA,Nelson,Valarie,2
10193.0,46.0,53.37,6.0,2455.0,2018-11-21,1042.0,5,6,53.0,S18_1367,"Australian Collectables, Ltd",61-9-3844-6555,7 Allen Street,Glen Waverly,3150,Australia,Connery,Sean,2
10205.0,48.0,63.61,1.0,3053.0,2018-12-03,1031.0,5,6,53.0,S18_1367,Euro Shopping Channel,(91) 555 94 44,"C/ Moralzarzal, 86",Madrid,28034,Spain,Freyre,Diego,1
10215.0,33.0,43.13,9.0,1423.0,2019-01-29,975.0,5,6,53.0,S18_1367,West Coast Collectables Co.,3105553722,3675 Furth Circle,Burbank,94019,USA,Thompson,Steve,2
10227.0,31.0,48.52,2.0,1504.0,2019-03-02,944.0,5,6,53.0,S18_1367,"Saveley & Henriot, Co.",78.32.5555,"2, rue du Commerce",Lyon,69004,France,Saveley,Mary,2
10244.0,20.0,58.22,6.0,1164.0,2019-04-29,887.0,5,6,53.0,S18_1367,Euro Shopping Channel,(91) 555 94 44,"C/ Moralzarzal, 86",Madrid,28034,Spain,Freyre,Diego,2
10256.0,29.0,51.75,1.0,1500.0,2019-06-08,848.0,5,6,53.0,S18_1367,Danish Wholesale Imports,31 12 3555,Vinb'ltet 34,Kobenhavn,1734,Denmark,Petersen,Jytte,2
10280.0,27.0,57.68,8.0,1557.0,2019-08-17,779.0,5,6,53.0,S18_1367,Amica Models & Co.,011-4988555,Via Monte Bianco 34,Torino,10100,Italy,Accorti,Paolo,2
10289.0,24.0,56.07,1.0,1345.0,2019-09-03,763.0,5,6,53.0,S18_1367,Herkku Gifts,+47 2267 3215,"Drammen 121, PR 744 Sentrum",Bergen,N 5804,Norway,Oeztan,Veysel,2
10304.0,37.0,48.52,12.0,1795.0,2019-10-11,726.0,5,6,53.0,S18_1367,Auto Assoc. & Cie.,30.59.8555,"67, avenue de l'Europe",Versailles,78000,France,Tonini,Daniel,2
10312.0,25.0,44.21,9.0,1105.0,2019-10-21,717.0,5,6,53.0,S18_1367,Mini Gifts Distributors Ltd.,4155551450,5677 Strong St.,San Rafael,97562,USA,Nelson,Valarie,2
10322.0,41.0,57.68,5.0,2364.0,2019-11-04,704.0,5,6,53.0,S18_1367,Online Diecast Creations Co.,6035558647,2304 Long Airport Avenue,Nashua,62005,USA,Young,Valarie,2
10332.0,27.0,89.89,16.0,2427.0,2019-11-17,692.0,5,6,53.0,S18_1367,"AV Stores, Co.",(171) 555-1555,Fauntleroy Circus,Manchester,EC2 5NT,UK,Ashworth,Victoria,2
10347.0,21.0,58.95,7.0,1237.0,2019-11-29,681.0,5,6,53.0,S18_1367,"Australian Collectors, Co.",03 9520 4555,636 St Kilda Road,Melbourne,3004,Australia,Ferguson,Peter,2
10356.0,22.0,72.41,6.0,1593.0,2019-12-09,672.0,5,6,53.0,S18_1367,Lyon Souveniers,+33 1 46 62 7555,27 rue du Colonel Pierre Avia,Paris,75508,France,Da Cunha,Daniel,2
10369.0,32.0,98.63,7.0,3156.0,2020-01-20,631.0,5,6,53.0,S18_1367,Collectables For Less Inc.,6175558555,7825 Douglas Av.,Brickhaven,58339,USA,Nelson,Allen,1
10391.0,42.0,119.0,3.0,4998.0,2020-03-09,583.0,5,6,53.0,S18_1367,"Anna's Decorations, Ltd",02 9936 8555,201 Miller Street,North Sydney,2060,Australia,O'Hara,Anna,1
10422.0,25.0,51.75,1.0,1293.0,2020-05-30,502.0,2,6,53.0,S18_1367,Diecast Classics Inc.,2155551555,7586 Pompton St.,Allentown,70267,USA,Yu,Kyung,2
10110.0,37.0,146.84,16.0,5433.0,2018-03-18,1307.0,5,0,124.0,S18_1589,"AV Stores, Co.",(171) 555-1555,Fauntleroy Circus,Manchester,EC2 5NT,UK,Ashworth,Victoria,1
10123.0,26.0,118.22,2.0,3073.0,2018-05-20,1245.0,5,0,124.0,S18_1589,Atelier graphique,40.32.2555,"54, rue Royale",Nantes,44000,France,Schmitt,Carine,1
10137.0,44.0,99.55,2.0,4380.0,2018-07-10,1195.0,5,0,124.0,S18_1589,Reims Collectables,26.47.1555,59 rue de l'Abbaye,Reims,51100,France,Henriot,Paul,1
10148.0,47.0,124.44,9.0,5848.0,2018-09-11,1133.0,5,0,124.0,S18_1589,"Anna's Decorations, Ltd",02 9936 8555,201 Miller Street,North Sydney,2060,Australia,O'Hara,Anna,1
10161.0,43.0,143.11,8.0,6153.0,2018-10-17,1098.0,5,0,124.0,S18_1589,Heintze Collectables,86 21 3555,Smagsloget 45,Aaarhus,8200,Denmark,Ibsen,Palle,1
10172.0,42.0,118.22,6.0,4965.0,2018-11-05,1080.0,5,0,124.0,S18_1589,Gift Depot Inc.,2035552570,25593 South Bay Ln.,Bridgewater,97562,USA,King,Julie,1
10181.0,42.0,129.42,2.0,5435.0,2018-11-12,1074.0,5,0,124.0,S18_1589,Herkku Gifts,+47 2267 3215,"Drammen 121, PR 744 Sentrum",Bergen,N 5804,Norway,Oeztan,Veysel,1
10192.0,29.0,146.84,7.0,4258.0,2018-11-20,1067.0,5,0,124.0,S18_1589,Online Diecast Creations Co.,6035558647,2304 Long Airport Avenue,Nashua,62005,USA,Young,Valarie,1
10204.0,40.0,100.8,13.0,4032.0,2018-12-02,1056.0,5,0,124.0,S18_1589,Muscle Machine Inc,2125557413,4092 Furth Circle,NYC,10022,USA,Young,Jeff,1
10212.0,38.0,118.22,6.0,4492.0,2019-01-16,1012.0,5,0,124.0,S18_1589,Euro Shopping Channel,(91) 555 94 44,"C/ Moralzarzal, 86",Madrid,28034,Spain,Freyre,Diego,1
10226.0,38.0,109.51,4.0,4161.0,2019-02-26,972.0,5,0,124.0,S18_1589,Collectable Mini Designs Co.,7605558146,361 Furth Circle,San Diego,91217,USA,Thompson,Valarie,1
10241.0,21.0,119.46,11.0,2508.0,2019-04-13,927.0,5,0,124.0,S18_1589,Mini Caravy,88.60.1555,"24, place Kluber",Strasbourg,67000,France,Citeaux,Frederique,2
10253.0,24.0,140.62,1.0,3374.0,2019-06-01,879.0,0,0,124.0,S18_1589,"UK Collectables, Ltd.",(171) 555-2282,Berkeley Gardens 12  Brewery,Liverpool,WX1 6LT,UK,Devon,Elizabeth,1
10266.0,36.0,144.35,2.0,5196.0,2019-07-06,845.0,5,0,124.0,S18_1589,L'ordine Souveniers,0522-556555,Strada Provinciale 124,Reggio Emilia,42100,Italy,Moroni,Maurizio,1
10278.0,23.0,113.24,2.0,2604.0,2019-08-06,815.0,5,0,124.0,S18_1589,Signal Gift Stores,7025551838,8489 Strong St.,Las Vegas,83030,USA,King,Sue,2
10288.0,20.0,146.84,14.0,2936.0,2019-09-01,790.0,5,0,124.0,S18_1589,Handji Gifts& Co,+65 224 1555,Village Close - 106 Linden Road Sandown,Singapore,69045,Singapore,Victorino,Wendy,2
10301.0,32.0,107.02,4.0,3424.0,2018-10-05,1122.0,5,0,124.0,S18_1589,"Norway Gifts By Mail, Co.",+47 2212 1555,"Drammensveien 126 A, PB 744 Sentrum",Oslo,N 0106,Norway,Klaeboe,Jan,1
10311.0,29.0,100.8,9.0,2923.0,2019-10-16,747.0,5,0,124.0,S18_1589,Euro Shopping Channel,(91) 555 94 44,"C/ Moralzarzal, 86",Madrid,28034,Spain,Freyre,Diego,2
10321.0,44.0,102.04,6.0,4489.0,2019-11-04,729.0,5,0,124.0,S18_1589,FunGiftIdeas.com,5085552555,1785 First Street,New Bedford,50553,USA,Benitez,Violeta,1
10331.0,44.0,110.21,14.0,4849.0,2019-11-17,717.0,5,0,124.0,S18_1589,Motor Mint Distributors Inc.,2155559857,11328 Douglas Av.,Philadelphia,71270,USA,Hernandez,Rosa,1
10343.0,36.0,162.47,4.0,5848.0,2019-11-24,711.0,5,0,124.0,S18_1589,Reims Collectables,26.47.1555,59 rue de l'Abbaye,Reims,51100,France,Henriot,Paul,1
10367.0,49.0,56.3,1.0,2758.0,2020-01-12,663.0,4,0,124.0,S18_1589,Toys4GrownUps.com,6265557265,78934 Hillside Dr.,Pasadena,90003,USA,Young,Julie,2
10378.0,34.0,42.64,5.0,1449.0,2020-02-10,635.0,5,0,124.0,S18_1589,Euro Shopping Channel,(91) 555 94 44,"C/ Moralzarzal, 86",Madrid,28034,Spain,Freyre,Diego,2
10407.0,59.0,119.46,11.0,7048.0,2020-04-22,564.0,3,0,124.0,S18_1589,The Sharp Gifts Warehouse,4085553659,3086 Ingle Ln.,San Jose,94217,USA,Frick,Sue,0
10419.0,37.0,140.62,1.0,5202.0,2020-05-17,540.0,5,0,124.0,S18_1589,Salzburg Collectables,6562-9555,Geislweg 14,Salzburg,5020,Austria,Pipps,Georg,1
10106.0,36.0,146.65,12.0,5279.0,2018-02-17,1361.0,5,2,157.0,S18_1662,Rovelli Gifts,035-640555,Via Ludovico il Moro 22,Bergamo,24100,Italy,Rovelli,Giovanni,1
10119.0,43.0,160.84,3.0,6916.0,2018-04-28,1292.0,5,2,157.0,S18_1662,Salzburg Collectables,6562-9555,Geislweg 14,Salzburg,5020,Austria,Pipps,Georg,1
10131.0,21.0,132.46,4.0,2781.0,2018-06-16,1244.0,5,2,157.0,S18_1662,Gift Ideas Corp.,2035554407,2440 Pompton St.,Glendale,97561,USA,Lewis,Dan,2
10143.0,32.0,164.0,7.0,5248.0,2018-08-10,1190.0,5,2,157.0,S18_1662,Mini Creations Ltd.,5085559555,4575 Hillside Dr.,New Bedford,50553,USA,Tam,Wing C,1
10155.0,38.0,171.88,5.0,6531.0,2018-10-06,1134.0,5,2,157.0,S18_1662,"Toys of Finland, Co.",90-224 8555,Keskuskatu 45,Helsinki,21240,Finland,Karttunen,Matti,1
10167.0,43.0,134.04,1.0,5763.0,2018-10-23,1118.0,0,2,157.0,S18_1662,Scandinavian Gift Ideas,0695-34 6555,?kergatan 24,Boras,S-844 67,Sweden,Larsson,Maria,1
10178.0,42.0,154.54,4.0,6490.0,2018-11-08,1103.0,5,2,157.0,S18_1662,Alpha Cognac,61.77.6555,1 rue Alsace-Lorraine,Toulouse,31000,France,Roulet,Annette,1
10186.0,32.0,187.65,1.0,6004.0,2018-11-14,1098.0,5,2,157.0,S18_1662,"Double Decker Gift Stores, Ltd",(171) 555-7555,120 Hanover Sq.,London,WA1 1DP,UK,Hardy,Thomas,1
10198.0,42.0,178.19,4.0,7483.0,2018-11-27,1086.0,5,2,157.0,S18_1662,Cruz & Sons Co.,+63 2 555 3587,15 McCallum Street - NatWest Center #13-03,Makati City,1227 MM,Philippines,Cruz,Arnold,0
10210.0,31.0,184.5,17.0,5719.0,2019-01-12,1041.0,5,2,157.0,S18_1662,Osaka Souveniers Co.,+81 06 6342 5555,"Dojima Avanza 4F, 1-6-20 Dojima, Kita-ku",Osaka,530-0003,Japan,Kentary,Mory,1
10222.0,49.0,141.92,4.0,6954.0,2019-02-19,1004.0,5,2,157.0,S18_1662,Collectable Mini Designs Co.,7605558146,361 Furth Circle,San Diego,91217,USA,Thompson,Valarie,1
10250.0,45.0,181.34,14.0,7951.5,2019-05-11,924.0,5,2,157.0,S18_1662,The Sharp Gifts Warehouse,4085553659,3086 Ingle Ln.,San Jose,94217,USA,Frick,Sue,0
10262.0,49.0,134.04,9.0,6567.0,2019-06-24,881.0,0,2,157.0,S18_1662,Euro Shopping Channel,(91) 555 94 44,"C/ Moralzarzal, 86",Madrid,28034,Spain,Freyre,Diego,1
10274.0,41.0,164.0,1.0,6724.0,2019-07-21,855.0,5,2,157.0,S18_1662,Collectables For Less Inc.,6175558555,7825 Douglas Av.,Brickhaven,58339,USA,Nelson,Allen,1
10284.0,45.0,127.73,11.0,5747.0,2019-08-21,825.0,5,2,157.0,S18_1662,"Norway Gifts By Mail, Co.",+47 2212 1555,"Drammensveien 126 A, PB 744 Sentrum",Oslo,N 0106,Norway,Klaeboe,Jan,1
10296.0,36.0,157.69,7.0,5676.0,2019-09-15,801.0,5,2,157.0,S18_1662,"Bavarian Collectables Imports, Co.",+49 89 61 08 9555,Hansastr. 15,Munich,80686,Germany,Donnermeyer,Michael,1
10307.0,39.0,189.23,1.0,7379.0,2019-10-14,773.0,5,2,157.0,S18_1662,"Classic Gift Ideas, Inc",2155554695,782 First Street,Philadelphia,71270,USA,Cervantes,Francisca,0
10316.0,27.0,137.19,9.0,3704.0,2019-11-01,756.0,5,2,157.0,S18_1662,giftsbymail.co.uk,(198) 555-8888,Garden House Crowther Way,Cowes,PO31 7PJ,UK,Bennett,Helen,1
10327.0,25.0,112.19,6.0,2804.0,2019-11-10,748.0,4,2,157.0,S18_1662,Danish Wholesale Imports,31 12 3555,Vinb'ltet 34,Kobenhavn,1734,Denmark,Petersen,Jytte,2
10338.0,41.0,137.19,1.0,5624.0,2019-11-22,737.0,5,2,157.0,S18_1662,Royale Belge,(071) 23 67 2555,"Boulevard Tirou, 255",Charleroi,B-6000,Belgium,Cartrain,Pascale,1
10351.0,39.0,99.52,1.0,3881.0,2019-12-03,727.0,5,2,157.0,S18_1662,"Stylish Desk Decors, Co.",(171) 555-0297,35 King George,London,WX3 6FW,UK,Brown,Ann,1
10373.0,28.0,57.55,4.0,1611.0,2020-01-31,669.0,5,2,157.0,S18_1662,"Oulu Toy Supplies, Inc.",981-443655,Torikatu 38,Oulu,90110,Finland,Koskitalo,Pirkko,2
10386.0,25.0,54.57,7.0,1364.0,2020-03-01,640.0,4,2,157.0,S18_1662,Euro Shopping Channel,(91) 555 94 44,"C/ Moralzarzal, 86",Madrid,28034,Spain,Freyre,Diego,2
10398.0,33.0,127.73,11.0,4215.0,2020-03-30,612.0,5,2,157.0,S18_1662,Reims Collectables,26.47.1555,59 rue de l'Abbaye,Reims,51100,France,Henriot,Paul,1
10400.0,34.0,189.23,1.0,6433.0,2020-04-01,611.0,5,2,157.0,S18_1662,The Sharp Gifts Warehouse,4085553659,3086 Ingle Ln.,San Jose,94217,USA,Frick,Sue,1
10416.0,24.0,181.34,14.0,4352.0,2020-05-10,573.0,5,2,157.0,S18_1662,L'ordine Souveniers,0522-556555,Strada Provinciale 124,Reggio Emilia,42100,Italy,Moroni,Maurizio,1
10100.0,30.0,171.7,3.0,5151.0,2018-01-06,1429.0,5,6,170.0,S18_1749,Online Diecast Creations Co.,6035558647,2304 Long Airport Avenue,Nashua,62005,USA,Young,Valarie,1
10110.0,42.0,144.5,7.0,6069.0,2018-03-18,1359.0,5,6,170.0,S18_1749,"AV Stores, Co.",(171) 555-1555,Fauntleroy Circus,Manchester,EC2 5NT,UK,Ashworth,Victoria,1
10124.0,21.0,136.0,6.0,2856.0,2018-05-21,1296.0,5,6,170.0,S18_1749,Signal Gift Stores,7025551838,8489 Strong St.,Las Vegas,83030,USA,King,Sue,2
10149.0,34.0,158.1,11.0,5375.0,2018-09-12,1183.0,5,6,170.0,S18_1749,Signal Collectibles Ltd.,4155554312,2793 Furth Circle,Brisbane,94217,USA,Taylor,Sue,1
10173.0,24.0,146.2,13.0,3508.0,2018-11-05,1130.0,5,6,170.0,S18_1749,Rovelli Gifts,035-640555,Via Ludovico il Moro 22,Bergamo,24100,Italy,Rovelli,Giovanni,1
10182.0,44.0,171.7,10.0,7554.0,2018-11-12,1124.0,5,6,170.0,S18_1749,Mini Gifts Distributors Ltd.,4155551450,5677 Strong St.,San Rafael,97562,USA,Nelson,Valarie,0
10193.0,21.0,149.6,14.0,3141.0,2018-11-21,1116.0,5,6,170.0,S18_1749,"Australian Collectables, Ltd",61-9-3844-6555,7 Allen Street,Glen Waverly,3150,Australia,Connery,Sean,1
10204.0,33.0,178.5,4.0,5890.0,2018-12-02,1106.0,5,6,170.0,S18_1749,Muscle Machine Inc,2125557413,4092 Furth Circle,NYC,10022,USA,Young,Jeff,1
10214.0,30.0,198.9,7.0,5967.0,2019-01-26,1052.0,5,6,170.0,S18_1749,"Corrida Auto Replicas, Ltd",(91) 555 22 82,"C/ Araquil, 67",Madrid,28023,Spain,Sommer,Mart¡n,1
10227.0,26.0,142.8,10.0,3712.0,2019-03-02,1018.0,5,6,170.0,S18_1749,"Saveley & Henriot, Co.",78.32.5555,"2, rue du Commerce",Lyon,69004,France,Saveley,Mary,1
10241.0,41.0,185.3,2.0,7597.0,2019-04-13,977.0,5,6,170.0,S18_1749,Mini Caravy,88.60.1555,"24, place Kluber",Strasbourg,67000,France,Citeaux,Frederique,0
10280.0,26.0,141.1,16.0,3668.0,2019-08-17,852.0,5,6,170.0,S18_1749,Amica Models & Co.,011-4988555,Via Monte Bianco 34,Torino,10100,Italy,Accorti,Paolo,1
10288.0,32.0,183.6,5.0,5875.0,2019-09-01,838.0,5,6,170.0,S18_1749,Handji Gifts& Co,+65 224 1555,Village Close - 106 Linden Road Sandown,Singapore,69045,Singapore,Victorino,Wendy,1
10302.0,43.0,170.0,1.0,7310.0,2018-10-06,1169.0,5,6,170.0,S18_1749,"UK Collectables, Ltd.",(171) 555-2282,Berkeley Gardens 12  Brewery,Liverpool,WX1 6LT,UK,Devon,Elizabeth,0
10312.0,48.0,168.3,17.0,7951.5,2019-10-21,790.0,5,6,170.0,S18_1749,Mini Gifts Distributors Ltd.,4155551450,5677 Strong St.,San Rafael,97562,USA,Nelson,Valarie,0
10331.0,44.0,74.04,7.0,3257.0,2019-11-17,764.0,5,6,170.0,S18_1749,Motor Mint Distributors Inc.,2155559857,11328 Douglas Av.,Philadelphia,71270,USA,Hernandez,Rosa,1
10344.0,45.0,170.0,1.0,7650.0,2019-11-25,757.0,5,6,170.0,S18_1749,Marseille Mini Autos,91.24.4555,"12, rue des Bouchers",Marseille,13008,France,Lebihan,Laurence,0
10367.0,37.0,127.13,3.0,4703.0,2020-01-12,710.0,4,6,170.0,S18_1749,Toys4GrownUps.com,6265557265,78934 Hillside Dr.,Pasadena,90003,USA,Young,Julie,1
10379.0,39.0,138.45,2.0,5399.0,2020-02-10,682.0,5,6,170.0,S18_1749,Euro Shopping Channel,(91) 555 94 44,"C/ Moralzarzal, 86",Madrid,28034,Spain,Freyre,Diego,1
10407.0,67.0,185.3,2.0,7951.5,2020-04-22,611.0,3,6,170.0,S18_1749,The Sharp Gifts Warehouse,4085553659,3086 Ingle Ln.,San Jose,94217,USA,Frick,Sue,0
10420.0,37.0,142.8,5.0,5283.0,2020-05-29,575.0,2,6,170.0,S18_1749,Souveniers And Things Co.,+61 2 9495 8555,"Monitor Money Building, 815 Pacific Hwy",Chatswood,2067,Australia,Huxley,Adrian,1
10108.0,38.0,82.39,2.0,3130.0,2018-03-03,1394.0,5,0,77.0,S18_1889,Cruz & Sons Co.,+63 2 555 3587,15 McCallum Street - NatWest Center #13-03,Makati City,1227 MM,Philippines,Cruz,Arnold,1
10122.0,43.0,72.38,6.0,3112.0,2018-05-08,1329.0,5,0,77.0,S18_1889,Marseille Mini Autos,91.24.4555,"12, rue des Bouchers",Marseille,13008,France,Lebihan,Laurence,1
10135.0,48.0,79.31,3.0,3806.0,2018-07-02,1275.0,5,0,77.0,S18_1889,Mini Gifts Distributors Ltd.,4155551450,5677 Strong St.,San Rafael,97562,USA,Nelson,Valarie,1
10147.0,26.0,82.39,3.0,2142.0,2018-09-05,1211.0,5,0,77.0,S18_1889,Collectables For Less Inc.,6175558555,7825 Douglas Av.,Brickhaven,58339,USA,Nelson,Allen,2
10170.0,20.0,63.14,2.0,1262.0,2018-11-04,1152.0,5,0,77.0,S18_1889,Mini Auto Werke,7675-3555,Kirchgasse 6,Graz,8010,Austria,Mendel,Roland,2
10181.0,22.0,73.92,10.0,1626.0,2018-11-12,1145.0,5,0,77.0,S18_1889,Herkku Gifts,+47 2267 3215,"Drammen 121, PR 744 Sentrum",Bergen,N 5804,Norway,Oeztan,Veysel,2
10192.0,45.0,90.86,15.0,4088.0,2018-11-20,1138.0,5,0,77.0,S18_1889,Online Diecast Creations Co.,6035558647,2304 Long Airport Avenue,Nashua,62005,USA,Young,Valarie,1
10203.0,45.0,85.47,4.0,3846.0,2018-12-02,1127.0,5,0,77.0,S18_1889,Euro Shopping Channel,(91) 555 94 44,"C/ Moralzarzal, 86",Madrid,28034,Spain,Freyre,Diego,1
10212.0,20.0,66.99,14.0,1339.0,2019-01-16,1083.0,5,0,77.0,S18_1889,Euro Shopping Channel,(91) 555 94 44,"C/ Moralzarzal, 86",Madrid,28034,Spain,Freyre,Diego,2
10225.0,47.0,64.68,5.0,3039.0,2019-02-22,1047.0,5,0,77.0,S18_1889,"Vida Sport, Ltd",0897-034555,Grenzacherweg 237,Gensve,1203,Switzerland,Holz,Michael,1
10239.0,46.0,73.92,4.0,3400.0,2019-04-12,999.0,5,0,77.0,S18_1889,"Oulu Toy Supplies, Inc.",981-443655,Torikatu 38,Oulu,90110,Finland,Koskitalo,Pirkko,1
10253.0,23.0,83.93,9.0,1930.0,2019-06-01,950.0,0,0,77.0,S18_1889,"UK Collectables, Ltd.",(171) 555-2282,Berkeley Gardens 12  Brewery,Liverpool,WX1 6LT,UK,Devon,Elizabeth,2
10266.0,33.0,74.69,10.0,2464.0,2019-07-06,916.0,5,0,77.0,S18_1889,L'ordine Souveniers,0522-556555,Strada Provinciale 124,Reggio Emilia,42100,Italy,Moroni,Maurizio,2
10278.0,29.0,90.86,10.0,2634.0,2019-08-06,886.0,5,0,77.0,S18_1889,Signal Gift Stores,7025551838,8489 Strong St.,Las Vegas,83030,USA,King,Sue,2
10287.0,44.0,82.39,8.0,3625.0,2019-08-30,863.0,5,0,77.0,S18_1889,"Vida Sport, Ltd",0897-034555,Grenzacherweg 237,Gensve,1203,Switzerland,Holz,Michael,1
10300.0,41.0,92.4,1.0,3788.0,2018-10-04,1194.0,5,0,77.0,S18_1889,"Blauer See Auto, Co.",+49 69 66 90 2555,Lyonerstr. 34,Frankfurt,60528,Germany,Keitel,Roland,1
10310.0,20.0,91.63,6.0,1832.0,2019-10-16,818.0,5,0,77.0,S18_1889,"Toms Spezialitten, Ltd",0221-5554327,Mehrheimerstr. 369,Koln,50739,Germany,Pfalzheim,Henriette,2
10321.0,37.0,78.54,14.0,2905.0,2019-11-04,800.0,5,0,77.0,S18_1889,FunGiftIdeas.com,5085552555,1785 First Street,New Bedford,50553,USA,Benitez,Violeta,2
10329.0,29.0,101.89,9.0,2954.0,2019-11-15,790.0,5,0,77.0,S18_1889,Land of Toys Inc.,2125557818,897 Long Airport Avenue,NYC,10022,USA,Yu,Kwai,2
10342.0,55.0,65.45,1.0,3599.0,2019-11-24,782.0,5,0,77.0,S18_1889,"Australian Collectors, Co.",03 9520 4555,636 St Kilda Road,Melbourne,3004,Australia,Ferguson,Peter,1
10363.0,22.0,167.57,7.0,3686.0,2020-01-06,740.0,5,0,77.0,S18_1889,Suominen Souveniers,+358 9 8045 555,"Software Engineering Center, SEC Oy",Espoo,FIN-02271,Finland,Suominen,Kalle,1
10377.0,31.0,67.76,4.0,2100.0,2020-02-09,707.0,5,0,77.0,S18_1889,"Toys of Finland, Co.",90-224 8555,Keskuskatu 45,Helsinki,21240,Finland,Karttunen,Matti,2
10389.0,49.0,79.22,3.0,3881.0,2020-03-03,685.0,5,0,77.0,S18_1889,Scandinavian Gift Ideas,0695-34 6555,?kergatan 24,Boras,S-844 67,Sweden,Larsson,Maria,1
10405.0,61.0,73.92,4.0,4509.0,2020-04-14,644.0,5,0,77.0,S18_1889,Mini Caravy,88.60.1555,"24, place Kluber",Strasbourg,67000,France,Citeaux,Frederique,1
10419.0,39.0,83.93,9.0,3273.0,2020-05-17,612.0,5,0,77.0,S18_1889,Salzburg Collectables,6562-9555,Geislweg 14,Salzburg,5020,Austria,Pipps,Georg,1
10109.0,38.0,116.65,3.0,4432.0,2018-03-10,1412.0,5,0,142.0,S18_1984,Motor Mint Distributors Inc.,2155559857,11328 Douglas Av.,Philadelphia,71270,USA,Hernandez,Rosa,1
10122.0,31.0,132.29,1.0,4100.0,2018-05-08,1354.0,5,0,142.0,S18_1984,Marseille Mini Autos,91.24.4555,"12, rue des Bouchers",Marseille,13008,France,Lebihan,Laurence,1
10136.0,36.0,146.52,1.0,5274.0,2018-07-04,1298.0,5,0,142.0,S18_1984,Alpha Cognac,61.77.6555,1 rue Alsace-Lorraine,Toulouse,31000,France,Roulet,Annette,1
10148.0,25.0,169.28,12.0,4232.0,2018-09-11,1230.0,5,0,142.0,S18_1984,"Anna's Decorations, Ltd",02 9936 8555,201 Miller Street,North Sydney,2060,Australia,O'Hara,Anna,1
10161.0,48.0,128.03,11.0,6145.0,2018-10-17,1195.0,5,0,142.0,S18_1984,Heintze Collectables,86 21 3555,Smagsloget 45,Aaarhus,8200,Denmark,Ibsen,Palle,1
10171.0,35.0,133.72,1.0,4680.0,2018-11-05,1177.0,5,0,142.0,S18_1984,Quebec Home Shopping Network,(514) 555-8054,43 rue St. Laurent,Montreal,H1J 1C3,Canada,Fresnisre,Jean,1
10181.0,21.0,156.48,5.0,3286.0,2018-11-12,1171.0,5,0,142.0,S18_1984,Herkku Gifts,+47 2267 3215,"Drammen 121, PR 744 Sentrum",Bergen,N 5804,Norway,Oeztan,Veysel,1
10192.0,47.0,157.9,10.0,7421.0,2018-11-20,1164.0,5,0,142.0,S18_1984,Online Diecast Creations Co.,6035558647,2304 Long Airport Avenue,Nashua,62005,USA,Young,Valarie,0
10204.0,38.0,169.28,16.0,6432.0,2018-12-02,1153.0,5,0,142.0,S18_1984,Muscle Machine Inc,2125557413,4092 Furth Circle,NYC,10022,USA,Young,Jeff,1
10212.0,41.0,118.07,9.0,4840.0,2019-01-16,1109.0,5,0,142.0,S18_1984,Euro Shopping Channel,(91) 555 94 44,"C/ Moralzarzal, 86",Madrid,28034,Spain,Freyre,Diego,1
10226.0,24.0,162.17,7.0,3892.0,2019-02-26,1069.0,5,0,142.0,S18_1984,Collectable Mini Designs Co.,7605558146,361 Furth Circle,San Diego,91217,USA,Thompson,Valarie,1
10240.0,37.0,149.36,2.0,5526.0,2019-04-13,1024.0,5,0,142.0,S18_1984,Osaka Souveniers Co.,+81 06 6342 5555,"Dojima Avanza 4F, 1-6-20 Dojima, Kita-ku",Osaka,530-0003,Japan,Kentary,Mory,1
10253.0,33.0,135.14,4.0,4459.0,2019-06-01,976.0,0,0,142.0,S18_1984,"UK Collectables, Ltd.",(171) 555-2282,Berkeley Gardens 12  Brewery,Liverpool,WX1 6LT,UK,Devon,Elizabeth,1
10266.0,49.0,126.6,5.0,6203.0,2019-07-06,942.0,5,0,142.0,S18_1984,L'ordine Souveniers,0522-556555,Strada Provinciale 124,Reggio Emilia,42100,Italy,Moroni,Maurizio,1
10278.0,29.0,129.45,5.0,3754.0,2019-08-06,912.0,5,0,142.0,S18_1984,Signal Gift Stores,7025551838,8489 Strong St.,Las Vegas,83030,USA,King,Sue,1
10287.0,24.0,146.52,3.0,3516.0,2019-08-30,889.0,5,0,142.0,S18_1984,"Vida Sport, Ltd",0897-034555,Grenzacherweg 237,Gensve,1203,Switzerland,Holz,Michael,1
10301.0,47.0,159.32,7.0,7488.0,2018-10-05,1219.0,5,0,142.0,S18_1984,"Norway Gifts By Mail, Co.",+47 2212 1555,"Drammensveien 126 A, PB 744 Sentrum",Oslo,N 0106,Norway,Klaeboe,Jan,0
10310.0,24.0,143.67,1.0,3448.0,2019-10-16,844.0,5,0,142.0,S18_1984,"Toms Spezialitten, Ltd",0221-5554327,Mehrheimerstr. 369,Koln,50739,Germany,Pfalzheim,Henriette,1
10321.0,25.0,149.36,9.0,3734.0,2019-11-04,826.0,5,0,142.0,S18_1984,FunGiftIdeas.com,5085552555,1785 First Street,New Bedford,50553,USA,Benitez,Violeta,1
10331.0,30.0,32.47,8.0,974.0,2019-11-17,814.0,5,0,142.0,S18_1984,Motor Mint Distributors Inc.,2155559857,11328 Douglas Av.,Philadelphia,71270,USA,Hernandez,Rosa,2
10342.0,22.0,143.67,3.0,3160.0,2019-11-24,808.0,5,0,142.0,S18_1984,"Australian Collectors, Co.",03 9520 4555,636 St Kilda Road,Melbourne,3004,Australia,Ferguson,Peter,1
10356.0,27.0,64.69,2.0,1746.0,2019-12-09,794.0,5,0,142.0,S18_1984,Lyon Souveniers,+33 1 46 62 7555,27 rue du Colonel Pierre Avia,Paris,75508,France,Da Cunha,Daniel,2
10366.0,34.0,123.76,3.0,4207.0,2020-01-10,763.0,5,0,142.0,S18_1984,Royale Belge,(071) 23 67 2555,"Boulevard Tirou, 255",Charleroi,B-6000,Belgium,Cartrain,Pascale,1
10377.0,36.0,120.91,6.0,4352.0,2020-02-09,734.0,5,0,142.0,S18_1984,"Toys of Finland, Co.",90-224 8555,Keskuskatu 45,Helsinki,21240,Finland,Karttunen,Matti,1
10390.0,34.0,43.05,15.0,1463.0,2020-03-04,711.0,5,0,142.0,S18_1984,Mini Gifts Distributors Ltd.,4155551450,5677 Strong St.,San Rafael,97562,USA,Nelson,Valarie,2
10406.0,48.0,149.36,2.0,7169.0,2020-04-15,670.0,1,0,142.0,S18_1984,Danish Wholesale Imports,31 12 3555,Vinb'ltet 34,Kobenhavn,1734,Denmark,Petersen,Jytte,0
10419.0,34.0,135.14,4.0,4594.0,2020-05-17,639.0,5,0,142.0,S18_1984,Salzburg Collectables,6562-9555,Geislweg 14,Salzburg,5020,Austria,Pipps,Georg,1
10104.0,24.0,144.08,8.0,3457.0,2018-01-31,1477.0,5,0,163.0,S18_2238,Euro Shopping Channel,(91) 555 94 44,"C/ Moralzarzal, 86",Madrid,28034,Spain,Freyre,Diego,1
10115.0,46.0,160.46,4.0,7381.0,2018-04-04,1415.0,5,0,163.0,S18_2238,Classic Legends Inc.,2125558493,5905 Pompton St.,NYC,10022,USA,Hernandez,Maria,0
10127.0,45.0,158.82,10.0,7146.0,2018-06-03,1356.0,5,0,163.0,S18_2238,Muscle Machine Inc,2125557413,4092 Furth Circle,NYC,10022,USA,Young,Jeff,0
10141.0,39.0,152.27,4.0,5938.0,2018-08-01,1298.0,5,0,163.0,S18_2238,Suominen Souveniers,+358 9 8045 555,"Software Engineering Center, SEC Oy",Espoo,FIN-02271,Finland,Suominen,Kalle,1
10151.0,43.0,165.37,2.0,7110.0,2018-09-21,1248.0,5,0,163.0,S18_2238,"Oulu Toy Supplies, Inc.",981-443655,Torikatu 38,Oulu,90110,Finland,Koskitalo,Pirkko,0
10165.0,29.0,173.55,11.0,5032.0,2018-10-22,1218.0,5,0,163.0,S18_2238,"Dragon Souveniers, Ltd.",+65 221 7555,"Bronz Sok., Bronz Apt. 3/6 Tesvikiye",Singapore,79903,Singapore,Natividad,Eric,1
10176.0,20.0,183.38,10.0,3667.0,2018-11-06,1204.0,5,0,163.0,S18_2238,L'ordine Souveniers,0522-556555,Strada Provinciale 124,Reggio Emilia,42100,Italy,Moroni,Maurizio,1
10184.0,46.0,160.46,5.0,7381.0,2018-11-14,1197.0,5,0,163.0,S18_2238,"Iberia Gift Imports, Corp.",(95) 555 82 82,"C/ Romero, 33",Sevilla,41101,Spain,Roel,Jose Pedro,0
10195.0,27.0,189.93,5.0,5128.0,2018-11-25,1187.0,5,0,163.0,S18_2238,Mini Classics,9145554562,3758 North Pendale Street,White Plains,24067,USA,Frick,Steve,1
10207.0,44.0,160.46,6.0,7060.0,2018-12-09,1174.0,5,0,163.0,S18_2238,Diecast Collectables,6175552555,6251 Ingle Ln.,Boston,51003,USA,Franco,Valarie,0
10219.0,43.0,196.48,1.0,7951.5,2019-02-10,1112.0,5,0,163.0,S18_2238,Signal Collectibles Ltd.,4155554312,2793 Furth Circle,Brisbane,94217,USA,Taylor,Sue,0
10230.0,49.0,148.99,8.0,7300.0,2019-03-15,1080.0,5,0,163.0,S18_2238,"Blauer See Auto, Co.",+49 69 66 90 2555,Lyonerstr. 34,Frankfurt,60528,Germany,Keitel,Roland,0
10246.0,40.0,163.73,4.0,6549.0,2019-05-05,1030.0,5,0,163.0,S18_2238,Euro Shopping Channel,(91) 555 94 44,"C/ Moralzarzal, 86",Madrid,28034,Spain,Freyre,Diego,1
10259.0,30.0,189.93,3.0,5697.0,2019-06-15,990.0,5,0,163.0,S18_2238,Handji Gifts& Co,+65 224 1555,Village Close - 106 Linden Road Sandown,Singapore,69045,Singapore,Victorino,Wendy,1
10271.0,50.0,183.38,4.0,7951.5,2019-07-20,956.0,5,0,163.0,S18_2238,Mini Gifts Distributors Ltd.,4155551450,5677 Strong St.,San Rafael,97562,USA,Nelson,Valarie,0
10282.0,23.0,140.81,13.0,3238.0,2019-08-20,926.0,5,0,163.0,S18_2238,Mini Gifts Distributors Ltd.,4155551450,5677 Strong St.,San Rafael,97562,USA,Nelson,Valarie,1
10292.0,26.0,175.19,7.0,4554.0,2019-09-08,908.0,5,0,163.0,S18_2238,Land of Toys Inc.,2125557818,897 Long Airport Avenue,NYC,10022,USA,Yu,Kwai,1
10305.0,27.0,145.72,4.0,3934.0,2019-10-13,874.0,5,0,163.0,S18_2238,Marta's Replicas Co.,6175558555,39323 Spinnaker Dr.,Cambridge,51247,USA,Hernandez,Marta,1
10314.0,42.0,137.53,13.0,5776.0,2019-10-22,866.0,5,0,163.0,S18_2238,Heintze Collectables,86 21 3555,Smagsloget 45,Aaarhus,8200,Denmark,Ibsen,Palle,1
10324.0,47.0,153.35,8.0,7207.0,2019-11-05,853.0,5,0,163.0,S18_2238,Vitachrome Inc.,2125551500,2678 Kingston Rd.,NYC,10022,USA,Frick,Michael,0
10336.0,49.0,152.26,6.0,7460.0,2019-11-20,839.0,5,0,163.0,S18_2238,"La Corne D'abondance, Co.",(1) 42.34.2555,"265, boulevard Charonne",Paris,75012,France,Bertrand,Marie,0
10349.0,38.0,176.83,8.0,6719.0,2019-12-01,829.0,5,0,163.0,S18_2238,Muscle Machine Inc,2125557413,4092 Furth Circle,NYC,10022,USA,Young,Jeff,1
10358.0,20.0,121.4,10.0,2428.0,2019-12-10,821.0,5,0,163.0,S18_2238,Euro Shopping Channel,(91) 555 94 44,"C/ Moralzarzal, 86",Madrid,28034,Spain,Freyre,Diego,2
10371.0,25.0,104.09,7.0,2602.0,2020-01-23,778.0,5,0,163.0,S18_2238,Mini Gifts Distributors Ltd.,4155551450,5677 Strong St.,San Rafael,97562,USA,Nelson,Valarie,2
10382.0,25.0,88.0,5.0,2200.0,2020-02-17,754.0,5,0,163.0,S18_2238,Mini Gifts Distributors Ltd.,4155551450,5677 Strong St.,San Rafael,97562,USA,Nelson,Valarie,2
10412.0,41.0,163.73,4.0,6712.0,2020-05-03,679.0,5,0,163.0,S18_2238,Euro Shopping Channel,(91) 555 94 44,"C/ Moralzarzal, 86",Madrid,28034,Spain,Freyre,Diego,1
10425.0,28.0,189.93,3.0,5318.0,2020-05-31,652.0,2,0,163.0,S18_2238,La Rochelle Gifts,40.67.8555,"67, rue des Cinquante Otages",Nantes,44000,France,Labrune,Janine,1
10100.0,50.0,67.8,2.0,3390.0,2018-01-06,1529.0,5,6,60.0,S18_2248,Online Diecast Creations Co.,6035558647,2304 Long Airport Avenue,Nashua,62005,USA,Young,Valarie,1
10110.0,32.0,50.25,6.0,1608.0,2018-03-18,1459.0,5,6,60.0,S18_2248,"AV Stores, Co.",(171) 555-1555,Fauntleroy Circus,Manchester,EC2 5NT,UK,Ashworth,Victoria,2
10124.0,42.0,53.88,5.0,2262.0,2018-05-21,1396.0,5,6,60.0,S18_2248,Signal Gift Stores,7025551838,8489 Strong St.,Las Vegas,83030,USA,King,Sue,2
10149.0,24.0,62.36,10.0,1496.0,2018-09-12,1283.0,5,6,60.0,S18_2248,Signal Collectibles Ltd.,4155554312,2793 Furth Circle,Brisbane,94217,USA,Taylor,Sue,2
10173.0,26.0,57.51,12.0,1495.0,2018-11-05,1230.0,5,6,60.0,S18_2248,Rovelli Gifts,035-640555,Via Ludovico il Moro 22,Bergamo,24100,Italy,Rovelli,Giovanni,2
10182.0,38.0,61.15,9.0,2323.0,2018-11-12,1224.0,5,6,60.0,S18_2248,Mini Gifts Distributors Ltd.,4155551450,5677 Strong St.,San Rafael,97562,USA,Nelson,Valarie,2
10193.0,42.0,59.33,13.0,2491.0,2018-11-21,1216.0,5,6,60.0,S18_2248,"Australian Collectables, Ltd",61-9-3844-6555,7 Allen Street,Glen Waverly,3150,Australia,Connery,Sean,2
10204.0,23.0,71.44,3.0,1643.0,2018-12-02,1206.0,5,6,60.0,S18_2248,Muscle Machine Inc,2125557413,4092 Furth Circle,NYC,10022,USA,Young,Jeff,2
10214.0,21.0,62.96,6.0,1322.0,2019-01-26,1152.0,5,6,60.0,S18_2248,"Corrida Auto Replicas, Ltd",(91) 555 22 82,"C/ Araquil, 67",Madrid,28023,Spain,Sommer,Mart¡n,2
10227.0,28.0,50.85,9.0,1423.0,2019-03-02,1118.0,5,6,60.0,S18_2248,"Saveley & Henriot, Co.",78.32.5555,"2, rue du Commerce",Lyon,69004,France,Saveley,Mary,2
10241.0,33.0,72.65,1.0,2397.0,2019-04-13,1077.0,5,6,60.0,S18_2248,Mini Caravy,88.60.1555,"24, place Kluber",Strasbourg,67000,France,Citeaux,Frederique,2
10280.0,25.0,62.96,15.0,1574.0,2019-08-17,952.0,5,6,60.0,S18_2248,Amica Models & Co.,011-4988555,Via Monte Bianco 34,Torino,10100,Italy,Accorti,Paolo,2
10288.0,28.0,61.75,4.0,1729.0,2019-09-01,938.0,5,6,60.0,S18_2248,Handji Gifts& Co,+65 224 1555,Village Close - 106 Linden Road Sandown,Singapore,69045,Singapore,Victorino,Wendy,2
10303.0,46.0,49.04,2.0,2255.0,2019-10-06,904.0,5,6,60.0,S18_2248,"Iberia Gift Imports, Corp.",(95) 555 82 82,"C/ Romero, 33",Sevilla,41101,Spain,Roel,Jose Pedro,2
10312.0,30.0,61.15,16.0,1834.0,2019-10-21,890.0,5,6,60.0,S18_2248,Mini Gifts Distributors Ltd.,4155551450,5677 Strong St.,San Rafael,97562,USA,Nelson,Valarie,2
10332.0,38.0,84.25,9.0,3201.0,2019-11-17,864.0,5,6,60.0,S18_2248,"AV Stores, Co.",(171) 555-1555,Fauntleroy Circus,Manchester,EC2 5NT,UK,Ashworth,Victoria,1
10344.0,40.0,56.91,2.0,2276.0,2019-11-25,857.0,5,6,60.0,S18_2248,Marseille Mini Autos,91.24.4555,"12, rue des Bouchers",Marseille,13008,France,Lebihan,Laurence,2
10367.0,45.0,197.44,4.0,7951.5,2020-01-12,810.0,4,6,60.0,S18_2248,Toys4GrownUps.com,6265557265,78934 Hillside Dr.,Pasadena,90003,USA,Young,Julie,0
10379.0,27.0,49.3,1.0,1331.0,2020-02-10,782.0,5,6,60.0,S18_2248,Euro Shopping Channel,(91) 555 94 44,"C/ Moralzarzal, 86",Madrid,28034,Spain,Freyre,Diego,2
10407.0,42.0,72.65,1.0,3051.0,2020-04-22,711.0,3,6,60.0,S18_2248,The Sharp Gifts Warehouse,4085553659,3086 Ingle Ln.,San Jose,94217,USA,Frick,Sue,1
10420.0,36.0,63.57,4.0,2288.0,2020-05-29,675.0,2,6,60.0,S18_2248,Souveniers And Things Co.,+61 2 9495 8555,"Monitor Money Building, 815 Pacific Hwy",Chatswood,2067,Australia,Huxley,Adrian,2
10104.0,29.0,130.09,12.0,3772.0,2018-01-31,1525.0,5,5,122.0,S18_2319,Euro Shopping Channel,(91) 555 94 44,"C/ Moralzarzal, 86",Madrid,28034,Spain,Freyre,Diego,1
10114.0,39.0,106.78,3.0,4164.0,2018-04-01,1466.0,5,5,122.0,S18_2319,"La Corne D'abondance, Co.",(1) 42.34.2555,"265, boulevard Charonne",Paris,75012,France,Bertrand,Marie,1
10127.0,45.0,139.91,14.0,6295.0,2018-06-03,1404.0,5,5,122.0,S18_2319,Muscle Machine Inc,2125557413,4092 Furth Circle,NYC,10022,USA,Young,Jeff,1
10141.0,47.0,133.78,8.0,6287.0,2018-08-01,1346.0,5,5,122.0,S18_2319,Suominen Souveniers,+358 9 8045 555,"Software Engineering Center, SEC Oy",Espoo,FIN-02271,Finland,Suominen,Kalle,1
10151.0,49.0,110.46,6.0,5412.0,2018-09-21,1296.0,5,5,122.0,S18_2319,"Oulu Toy Supplies, Inc.",981-443655,Torikatu 38,Oulu,90110,Finland,Koskitalo,Pirkko,1
10165.0,46.0,130.09,15.0,5984.0,2018-10-22,1266.0,5,5,122.0,S18_2319,"Dragon Souveniers, Ltd.",+65 221 7555,"Bronz Sok., Bronz Apt. 3/6 Tesvikiye",Singapore,79903,Singapore,Natividad,Eric,1
10175.0,48.0,122.73,4.0,5891.0,2018-11-06,1252.0,5,5,122.0,S18_2319,"Stylish Desk Decors, Co.",(171) 555-0297,35 King George,London,WX3 6FW,UK,Brown,Ann,1
10184.0,46.0,130.09,9.0,5984.0,2018-11-14,1245.0,5,5,122.0,S18_2319,"Iberia Gift Imports, Corp.",(95) 555 82 82,"C/ Romero, 33",Sevilla,41101,Spain,Roel,Jose Pedro,1
10195.0,35.0,103.09,9.0,3608.0,2018-11-25,1235.0,5,5,122.0,S18_2319,Mini Classics,9145554562,3758 North Pendale Street,White Plains,24067,USA,Frick,Steve,1
10207.0,43.0,133.78,10.0,5752.0,2018-12-09,1222.0,5,5,122.0,S18_2319,Diecast Collectables,6175552555,6251 Ingle Ln.,Boston,51003,USA,Franco,Valarie,1
10229.0,26.0,144.82,4.0,3765.0,2019-03-11,1131.0,5,5,122.0,S18_2319,Mini Gifts Distributors Ltd.,4155551450,5677 Strong St.,San Rafael,97562,USA,Nelson,Valarie,1
10246.0,22.0,98.18,8.0,2159.0,2019-05-05,1077.0,5,5,122.0,S18_2319,Euro Shopping Channel,(91) 555 94 44,"C/ Moralzarzal, 86",Madrid,28034,Spain,Freyre,Diego,2
10259.0,34.0,99.41,7.0,3379.0,2019-06-15,1037.0,5,5,122.0,S18_2319,Handji Gifts& Co,+65 224 1555,Village Close - 106 Linden Road Sandown,Singapore,69045,Singapore,Victorino,Wendy,1
10271.0,50.0,101.87,8.0,5093.0,2019-07-20,1003.0,5,5,122.0,S18_2319,Mini Gifts Distributors Ltd.,4155551450,5677 Strong St.,San Rafael,97562,USA,Nelson,Valarie,1
10281.0,48.0,120.28,4.0,5773.0,2019-08-19,974.0,5,5,122.0,S18_2319,Diecast Classics Inc.,2155551555,7586 Pompton St.,Allentown,70267,USA,Yu,Kyung,1
10292.0,41.0,110.46,11.0,4528.0,2019-09-08,955.0,5,5,122.0,S18_2319,Land of Toys Inc.,2125557818,897 Long Airport Avenue,NYC,10022,USA,Yu,Kwai,1
10305.0,36.0,133.78,8.0,4816.0,2019-10-13,921.0,5,5,122.0,S18_2319,Marta's Replicas Co.,6175558555,39323 Spinnaker Dr.,Cambridge,51247,USA,Hernandez,Marta,1
10313.0,29.0,117.82,2.0,3416.0,2019-10-22,913.0,5,5,122.0,S18_2319,Canadian Gift Exchange Network,(604) 555-3392,1900 Oak St.,Vancouver,V3F 2K1,Canada,Tannamuri,Yoshi,1
10324.0,33.0,37.48,10.0,1236.0,2019-11-05,900.0,5,5,122.0,S18_2319,Vitachrome Inc.,2125551500,2678 Kingston Rd.,NYC,10022,USA,Frick,Michael,2
10334.0,46.0,126.41,6.0,5814.0,2019-11-19,887.0,3,5,122.0,S18_2319,"Volvo Model Replicas, Co",0921-12 3555,Berguvsvgen  8,Lule,S-958 22,Sweden,Berglund,Christina,1
10349.0,38.0,137.46,7.0,5223.0,2019-12-01,876.0,5,5,122.0,S18_2319,Muscle Machine Inc,2125557413,4092 Furth Circle,NYC,10022,USA,Young,Jeff,1
10358.0,20.0,36.42,11.0,728.0,2019-12-10,868.0,5,5,122.0,S18_2319,Euro Shopping Channel,(91) 555 94 44,"C/ Moralzarzal, 86",Madrid,28034,Spain,Freyre,Diego,2
10370.0,22.0,179.5,5.0,3949.0,2020-01-20,828.0,5,5,122.0,S18_2319,"Anna's Decorations, Ltd",02 9936 8555,201 Miller Street,North Sydney,2060,Australia,O'Hara,Anna,1
10383.0,27.0,142.37,11.0,3843.0,2020-02-22,796.0,5,5,122.0,S18_2319,Euro Shopping Channel,(91) 555 94 44,"C/ Moralzarzal, 86",Madrid,28034,Spain,Freyre,Diego,1
10412.0,56.0,98.18,8.0,5498.0,2020-05-03,726.0,5,5,122.0,S18_2319,Euro Shopping Channel,(91) 555 94 44,"C/ Moralzarzal, 86",Madrid,28034,Spain,Freyre,Diego,1
10425.0,38.0,99.41,7.0,3777.0,2020-05-31,699.0,2,5,122.0,S18_2319,La Rochelle Gifts,40.67.8555,"67, rue des Cinquante Otages",Nantes,44000,France,Labrune,Janine,1
10101.0,25.0,151.28,4.0,3782.0,2018-01-09,1573.0,5,6,127.0,S18_2325,"Blauer See Auto, Co.",+49 69 66 90 2555,Lyonerstr. 34,Frankfurt,60528,Germany,Keitel,Roland,1
10110.0,33.0,116.96,4.0,3859.0,2018-03-18,1506.0,5,6,127.0,S18_2325,"AV Stores, Co.",(171) 555-1555,Fauntleroy Circus,Manchester,EC2 5NT,UK,Ashworth,Victoria,1
10124.0,42.0,105.52,3.0,4431.0,2018-05-21,1443.0,5,6,127.0,S18_2325,Signal Gift Stores,7025551838,8489 Strong St.,Las Vegas,83030,USA,King,Sue,1
10149.0,33.0,150.01,8.0,4950.0,2018-09-12,1330.0,5,6,127.0,S18_2325,Signal Collectibles Ltd.,4155554312,2793 Furth Circle,Brisbane,94217,USA,Taylor,Sue,1
10173.0,31.0,144.93,10.0,4492.0,2018-11-05,1277.0,5,6,127.0,S18_2325,Rovelli Gifts,035-640555,Via Ludovico il Moro 22,Bergamo,24100,Italy,Rovelli,Giovanni,1
10182.0,20.0,110.6,7.0,2212.0,2018-11-12,1271.0,5,6,127.0,S18_2325,Mini Gifts Distributors Ltd.,4155551450,5677 Strong St.,San Rafael,97562,USA,Nelson,Valarie,2
10193.0,44.0,105.52,11.0,4642.0,2018-11-21,1263.0,5,6,127.0,S18_2325,"Australian Collectables, Ltd",61-9-3844-6555,7 Allen Street,Glen Waverly,3150,Australia,Connery,Sean,1
10204.0,26.0,123.32,1.0,3206.0,2018-12-02,1253.0,5,6,127.0,S18_2325,Muscle Machine Inc,2125557413,4092 Furth Circle,NYC,10022,USA,Young,Jeff,1
10214.0,27.0,133.49,4.0,3604.0,2019-01-26,1199.0,5,6,127.0,S18_2325,"Corrida Auto Replicas, Ltd",(91) 555 22 82,"C/ Araquil, 67",Madrid,28023,Spain,Sommer,Mart¡n,1
10227.0,46.0,152.56,7.0,7017.0,2019-03-02,1165.0,5,6,127.0,S18_2325,"Saveley & Henriot, Co.",78.32.5555,"2, rue du Commerce",Lyon,69004,France,Saveley,Mary,0
10243.0,47.0,130.94,2.0,6154.0,2019-04-26,1111.0,5,6,127.0,S18_2325,Diecast Collectables,6175552555,6251 Ingle Ln.,Boston,51003,USA,Franco,Valarie,1
10280.0,37.0,128.4,13.0,4750.0,2019-08-17,999.0,5,6,127.0,S18_2325,Amica Models & Co.,011-4988555,Via Monte Bianco 34,Torino,10100,Italy,Accorti,Paolo,1
10288.0,31.0,123.32,2.0,3822.0,2019-09-01,985.0,5,6,127.0,S18_2325,Handji Gifts& Co,+65 224 1555,Village Close - 106 Linden Road Sandown,Singapore,69045,Singapore,Victorino,Wendy,1
10304.0,24.0,101.7,17.0,2440.0,2019-10-11,946.0,5,6,127.0,S18_2325,Auto Assoc. & Cie.,30.59.8555,"67, avenue de l'Europe",Versailles,78000,France,Tonini,Daniel,2
10312.0,31.0,152.56,14.0,4729.0,2019-10-21,937.0,5,6,127.0,S18_2325,Mini Gifts Distributors Ltd.,4155551450,5677 Strong St.,San Rafael,97562,USA,Nelson,Valarie,1
10322.0,50.0,214.6325,6.0,7951.5,2019-11-04,924.0,5,6,127.0,S18_2325,Online Diecast Creations Co.,6035558647,2304 Long Airport Avenue,Nashua,62005,USA,Young,Valarie,0
10332.0,35.0,64.69,8.0,2264.0,2019-11-17,912.0,5,6,127.0,S18_2325,"AV Stores, Co.",(171) 555-1555,Fauntleroy Circus,Manchester,EC2 5NT,UK,Ashworth,Victoria,2
10344.0,30.0,130.94,3.0,3928.0,2019-11-25,905.0,5,6,127.0,S18_2325,Marseille Mini Autos,91.24.4555,"12, rue des Bouchers",Marseille,13008,France,Lebihan,Laurence,1
10356.0,29.0,125.18,3.0,3630.0,2019-12-09,892.0,5,6,127.0,S18_2325,Lyon Souveniers,+33 1 46 62 7555,27 rue du Colonel Pierre Avia,Paris,75508,France,Da Cunha,Daniel,1
10367.0,27.0,155.41,5.0,4196.0,2020-01-12,859.0,4,6,127.0,S18_2325,Toys4GrownUps.com,6265557265,78934 Hillside Dr.,Pasadena,90003,USA,Young,Julie,1
10380.0,40.0,123.29,10.0,4931.0,2020-02-16,825.0,5,6,127.0,S18_2325,Euro Shopping Channel,(91) 555 94 44,"C/ Moralzarzal, 86",Madrid,28034,Spain,Freyre,Diego,1
10390.0,31.0,98.99,16.0,3068.0,2020-03-04,809.0,5,6,127.0,S18_2325,Mini Gifts Distributors Ltd.,4155551450,5677 Strong St.,San Rafael,97562,USA,Nelson,Valarie,1
10409.0,6.0,130.94,2.0,785.0,2020-04-23,760.0,5,6,127.0,S18_2325,Handji Gifts& Co,+65 224 1555,Village Close - 106 Linden Road Sandown,Singapore,69045,Singapore,Victorino,Wendy,2
10420.0,45.0,110.6,2.0,4977.0,2020-05-29,725.0,2,6,127.0,S18_2325,Souveniers And Things Co.,+61 2 9495 8555,"Monitor Money Building, 815 Pacific Hwy",Chatswood,2067,Australia,Huxley,Adrian,1
10103.0,22.0,54.09,2.0,1189.0,2018-01-29,1577.0,5,5,60.0,S18_2432,Baane Mini Imports,07-98 9555,Erling Skakkes gate 78,Stavern,4110,Norway,Bergulfsen,Jonas,2
10114.0,45.0,68.67,6.0,3090.0,2018-04-01,1516.0,5,5,60.0,S18_2432,"La Corne D'abondance, Co.",(1) 42.34.2555,"265, boulevard Charonne",Paris,75012,France,Bertrand,Marie,1
10126.0,43.0,65.02,2.0,2795.0,2018-05-28,1460.0,5,5,60.0,S18_2432,"Corrida Auto Replicas, Ltd",(91) 555 22 82,"C/ Araquil, 67",Madrid,28023,Spain,Sommer,Mart¡n,2
10140.0,46.0,61.99,2.0,2851.0,2018-07-24,1404.0,5,5,60.0,S18_2432,Technics Stores Inc.,6505556809,9408 Furth Circle,Burlingame,94217,USA,Hirano,Juri,2
10151.0,39.0,69.28,9.0,2701.0,2018-09-21,1346.0,5,5,60.0,S18_2432,"Oulu Toy Supplies, Inc.",981-443655,Torikatu 38,Oulu,90110,Finland,Koskitalo,Pirkko,2
10165.0,31.0,71.1,18.0,2204.0,2018-10-22,1316.0,5,5,60.0,S18_2432,"Dragon Souveniers, Ltd.",+65 221 7555,"Bronz Sok., Bronz Apt. 3/6 Tesvikiye",Singapore,79903,Singapore,Natividad,Eric,2
10175.0,41.0,69.28,7.0,2840.0,2018-11-06,1302.0,5,5,60.0,S18_2432,"Stylish Desk Decors, Co.",(171) 555-0297,35 King George,London,WX3 6FW,UK,Brown,Ann,2
10184.0,44.0,60.16,12.0,2647.0,2018-11-14,1295.0,5,5,60.0,S18_2432,"Iberia Gift Imports, Corp.",(95) 555 82 82,"C/ Romero, 33",Sevilla,41101,Spain,Roel,Jose Pedro,2
10194.0,45.0,70.49,2.0,3172.0,2018-11-25,1285.0,5,5,60.0,S18_2432,"Saveley & Henriot, Co.",78.32.5555,"2, rue du Commerce",Lyon,69004,France,Saveley,Mary,1
10207.0,37.0,69.89,13.0,2585.0,2018-12-09,1272.0,5,5,60.0,S18_2432,Diecast Collectables,6175552555,6251 Ingle Ln.,Boston,51003,USA,Franco,Valarie,2
10217.0,35.0,61.38,2.0,2148.0,2019-02-04,1216.0,5,5,60.0,S18_2432,Handji Gifts& Co,+65 224 1555,Village Close - 106 Linden Road Sandown,Singapore,69045,Singapore,Victorino,Wendy,2
10229.0,28.0,59.55,7.0,1667.0,2019-03-11,1182.0,5,5,60.0,S18_2432,Mini Gifts Distributors Ltd.,4155551450,5677 Strong St.,San Rafael,97562,USA,Nelson,Valarie,2
10246.0,30.0,61.99,11.0,1859.0,2019-05-05,1128.0,5,5,60.0,S18_2432,Euro Shopping Channel,(91) 555 94 44,"C/ Moralzarzal, 86",Madrid,28034,Spain,Freyre,Diego,2
10259.0,30.0,49.22,10.0,1476.0,2019-06-15,1088.0,5,5,60.0,S18_2432,Handji Gifts& Co,+65 224 1555,Village Close - 106 Linden Road Sandown,Singapore,69045,Singapore,Victorino,Wendy,2
10271.0,25.0,69.28,11.0,1732.0,2019-07-20,1054.0,5,5,60.0,S18_2432,Mini Gifts Distributors Ltd.,4155551450,5677 Strong St.,San Rafael,97562,USA,Nelson,Valarie,2
10281.0,29.0,57.73,7.0,1674.0,2019-08-19,1025.0,5,5,60.0,S18_2432,Diecast Classics Inc.,2155551555,7586 Pompton St.,Allentown,70267,USA,Yu,Kyung,2
10291.0,26.0,57.73,2.0,1500.0,2019-09-08,1006.0,5,5,60.0,S18_2432,Scandinavian Gift Ideas,0695-34 6555,?kergatan 24,Boras,S-844 67,Sweden,Larsson,Maria,2
10305.0,41.0,53.48,11.0,2192.0,2019-10-13,972.0,5,5,60.0,S18_2432,Marta's Replicas Co.,6175558555,39323 Spinnaker Dr.,Cambridge,51247,USA,Hernandez,Marta,2
10313.0,34.0,52.87,5.0,1797.0,2019-10-22,964.0,5,5,60.0,S18_2432,Canadian Gift Exchange Network,(604) 555-3392,1900 Oak St.,Vancouver,V3F 2K1,Canada,Tannamuri,Yoshi,2
10322.0,35.0,61.21,11.0,2142.0,2019-11-04,952.0,5,5,60.0,S18_2432,Online Diecast Creations Co.,6035558647,2304 Long Airport Avenue,Nashua,62005,USA,Young,Valarie,2
10334.0,34.0,61.38,1.0,2086.0,2019-11-19,938.0,3,5,60.0,S18_2432,"Volvo Model Replicas, Co",0921-12 3555,Berguvsvgen  8,Lule,S-958 22,Sweden,Berglund,Christina,2
10347.0,50.0,136.69,8.0,6834.0,2019-11-29,929.0,5,5,60.0,S18_2432,"Australian Collectors, Co.",03 9520 4555,636 St Kilda Road,Melbourne,3004,Australia,Ferguson,Peter,1
10357.0,41.0,61.99,7.0,2541.0,2019-12-10,919.0,5,5,60.0,S18_2432,Mini Gifts Distributors Ltd.,4155551450,5677 Strong St.,San Rafael,97562,USA,Nelson,Valarie,2
10370.0,22.0,96.86,7.0,2130.0,2020-01-20,879.0,5,5,60.0,S18_2432,"Anna's Decorations, Ltd",02 9936 8555,201 Miller Street,North Sydney,2060,Australia,O'Hara,Anna,2
10391.0,44.0,38.5,5.0,1694.0,2020-03-09,831.0,5,5,60.0,S18_2432,"Anna's Decorations, Ltd",02 9936 8555,201 Miller Street,North Sydney,2060,Australia,O'Hara,Anna,2
10412.0,47.0,61.99,11.0,2913.0,2020-05-03,777.0,5,5,60.0,S18_2432,Euro Shopping Channel,(91) 555 94 44,"C/ Moralzarzal, 86",Madrid,28034,Spain,Freyre,Diego,2
10425.0,19.0,49.22,10.0,935.0,2020-05-31,750.0,2,5,60.0,S18_2432,La Rochelle Gifts,40.67.8555,"67, rue des Cinquante Otages",Nantes,44000,France,Labrune,Janine,2
10106.0,34.0,90.39,2.0,3073.0,2018-02-17,1585.0,5,2,84.0,S18_2581,Rovelli Gifts,035-640555,Via Ludovico il Moro 22,Bergamo,24100,Italy,Rovelli,Giovanni,1
10120.0,29.0,71.81,8.0,2082.0,2018-04-29,1515.0,5,2,84.0,S18_2581,"Australian Collectors, Co.",03 9520 4555,636 St Kilda Road,Melbourne,3004,Australia,Ferguson,Peter,2
10133.0,49.0,69.27,3.0,3394.0,2018-06-27,1457.0,5,2,84.0,S18_2581,Euro Shopping Channel,(91) 555 94 44,"C/ Moralzarzal, 86",Madrid,28034,Spain,Freyre,Diego,1
10145.0,30.0,85.32,14.0,2559.0,2018-08-25,1399.0,5,2,84.0,S18_2581,Toys4GrownUps.com,6265557265,78934 Hillside Dr.,Pasadena,90003,USA,Young,Julie,2
10168.0,21.0,70.96,9.0,1490.0,2018-10-28,1336.0,5,2,84.0,S18_2581,Technics Stores Inc.,6505556809,9408 Furth Circle,Burlingame,94217,USA,Hirano,Juri,2
10210.0,50.0,76.88,7.0,3844.0,2019-01-12,1261.0,5,2,84.0,S18_2581,Osaka Souveniers Co.,+81 06 6342 5555,"Dojima Avanza 4F, 1-6-20 Dojima, Kita-ku",Osaka,530-0003,Japan,Kentary,Mory,1
10223.0,47.0,100.53,9.0,4724.0,2019-02-20,1223.0,5,2,84.0,S18_2581,"Australian Collectors, Co.",03 9520 4555,636 St Kilda Road,Melbourne,3004,Australia,Ferguson,Peter,1
10235.0,24.0,76.03,3.0,1824.0,2019-04-02,1183.0,5,2,84.0,S18_2581,"Royal Canadian Collectables, Ltd.",(604) 555-4555,23 Tsawassen Blvd.,Tsawassen,T2F 8M4,Canada,Lincoln,Elizabeth,2
10250.0,27.0,98.84,4.0,2668.0,2019-05-11,1145.0,5,2,84.0,S18_2581,The Sharp Gifts Warehouse,4085553659,3086 Ingle Ln.,San Jose,94217,USA,Frick,Sue,2
10263.0,33.0,86.17,10.0,2843.0,2019-06-28,1098.0,5,2,84.0,S18_2581,Gift Depot Inc.,2035552570,25593 South Bay Ln.,Bridgewater,97562,USA,King,Julie,2
10275.0,35.0,90.39,9.0,3163.0,2019-07-23,1074.0,5,2,84.0,S18_2581,La Rochelle Gifts,40.67.8555,"67, rue des Cinquante Otages",Nantes,44000,France,Labrune,Janine,1
10284.0,31.0,71.81,1.0,2226.0,2019-08-21,1046.0,5,2,84.0,S18_2581,"Norway Gifts By Mail, Co.",+47 2212 1555,"Drammensveien 126 A, PB 744 Sentrum",Oslo,N 0106,Norway,Klaeboe,Jan,2
10297.0,25.0,82.79,4.0,2069.0,2019-09-16,1021.0,5,2,84.0,S18_2581,"Clover Collections, Co.",+353 1862 1555,25 Maiden Lane,Dublin,2,Ireland,Cassidy,Dean,2
10308.0,27.0,82.79,7.0,2235.0,2019-10-15,993.0,5,2,84.0,S18_2581,Mini Classics,9145554562,3758 North Pendale Street,White Plains,24067,USA,Frick,Steve,2
10318.0,31.0,100.53,9.0,3116.0,2019-11-02,976.0,5,2,84.0,S18_2581,Diecast Classics Inc.,2155551555,7586 Pompton St.,Allentown,70267,USA,Yu,Kyung,1
10327.0,45.0,106.26,8.0,4781.0,2019-11-10,969.0,4,2,84.0,S18_2581,Danish Wholesale Imports,31 12 3555,Vinb'ltet 34,Kobenhavn,1734,Denmark,Petersen,Jytte,1
10339.0,27.0,104.1,2.0,2810.0,2019-11-23,957.0,5,2,84.0,S18_2581,"Tokyo Collectables, Ltd",+81 3 3584 0555,2-2-8 Roppongi,Minato-ku,106-0032,Japan,Shimamura,Akiko,2
10353.0,27.0,130.21,1.0,3515.0,2019-12-04,947.0,5,2,84.0,S18_2581,Gift Ideas Corp.,2035554407,2440 Pompton St.,Glendale,97561,USA,Lewis,Dan,1
10374.0,42.0,69.27,2.0,2909.0,2020-02-02,888.0,5,2,84.0,S18_2581,"Australian Gift Network, Co",61-7-3844-6555,31 Duncan St. West End,South Brisbane,4101,Australia,Calaghan,Tony,2
10386.0,21.0,74.77,18.0,1570.0,2020-03-01,861.0,4,2,84.0,S18_2581,Euro Shopping Channel,(91) 555 94 44,"C/ Moralzarzal, 86",Madrid,28034,Spain,Freyre,Diego,2
10398.0,34.0,76.88,15.0,2613.0,2020-03-30,833.0,5,2,84.0,S18_2581,Reims Collectables,26.47.1555,59 rue de l'Abbaye,Reims,51100,France,Henriot,Paul,2
10401.0,42.0,76.03,3.0,3193.0,2020-04-03,830.0,3,2,84.0,S18_2581,Tekni Collectables Inc.,2015559350,7476 Moss Rd.,Newark,94019,USA,Brown,William,1
10416.0,15.0,98.84,4.0,1482.0,2020-05-10,794.0,5,2,84.0,S18_2581,L'ordine Souveniers,0522-556555,Strada Provinciale 124,Reggio Emilia,42100,Italy,Moroni,Maurizio,2
10107.0,29.0,70.87,6.0,2055.0,2018-02-24,1601.0,5,1,60.0,S18_2625,Land of Toys Inc.,2125557818,897 Long Airport Avenue,NYC,10022,USA,Yu,Kwai,2
10120.0,46.0,58.15,4.0,2674.0,2018-04-29,1538.0,5,1,60.0,S18_2625,"Australian Collectors, Co.",03 9520 4555,636 St Kilda Road,Melbourne,3004,Australia,Ferguson,Peter,2
10134.0,30.0,61.78,6.0,1853.0,2018-07-01,1476.0,5,1,60.0,S18_2625,Lyon Souveniers,+33 1 46 62 7555,27 rue du Colonel Pierre Avia,Paris,75508,France,Da Cunha,Daniel,2
10145.0,30.0,49.67,10.0,1490.0,2018-08-25,1422.0,5,1,60.0,S18_2625,Toys4GrownUps.com,6265557265,78934 Hillside Dr.,Pasadena,90003,USA,Young,Julie,2
10168.0,46.0,61.18,5.0,2814.0,2018-10-28,1359.0,5,1,60.0,S18_2625,Technics Stores Inc.,6505556809,9408 Furth Circle,Burlingame,94217,USA,Hirano,Juri,2
10180.0,25.0,64.2,13.0,1605.0,2018-11-11,1346.0,5,1,60.0,S18_2625,Daedalus Designs Imports,20.16.1555,"184, chausse de Tournai",Lille,59000,France,Rance,Martine,2
10188.0,32.0,65.42,5.0,2093.0,2018-11-18,1340.0,5,1,60.0,S18_2625,Herkku Gifts,+47 2267 3215,"Drammen 121, PR 744 Sentrum",Bergen,N 5804,Norway,Oeztan,Veysel,2
10210.0,40.0,49.67,3.0,1986.0,2019-01-12,1286.0,5,1,60.0,S18_2625,Osaka Souveniers Co.,+81 06 6342 5555,"Dojima Avanza 4F, 1-6-20 Dojima, Kita-ku",Osaka,530-0003,Japan,Kentary,Mory,2
10223.0,28.0,60.57,5.0,1695.0,2019-02-20,1248.0,5,1,60.0,S18_2625,"Australian Collectors, Co.",03 9520 4555,636 St Kilda Road,Melbourne,3004,Australia,Ferguson,Peter,2
10236.0,23.0,55.72,2.0,1281.0,2019-04-03,1207.0,5,1,60.0,S18_2625,Motor Mint Distributors Inc.,2155559857,11328 Douglas Av.,Philadelphia,71270,USA,Hernandez,Rosa,2
10251.0,29.0,61.18,6.0,1774.0,2019-05-18,1163.0,5,1,60.0,S18_2625,Tekni Collectables Inc.,2015559350,7476 Moss Rd.,Newark,94019,USA,Brown,William,2
10263.0,34.0,58.75,6.0,1997.0,2019-06-28,1123.0,5,1,60.0,S18_2625,Gift Depot Inc.,2035552570,25593 South Bay Ln.,Bridgewater,97562,USA,King,Julie,2
10275.0,37.0,63.6,5.0,2353.0,2019-07-23,1099.0,5,1,60.0,S18_2625,La Rochelle Gifts,40.67.8555,"67, rue des Cinquante Otages",Nantes,44000,France,Labrune,Janine,2
10285.0,20.0,49.06,10.0,981.0,2019-08-27,1065.0,5,1,60.0,S18_2625,Marta's Replicas Co.,6175558555,39323 Spinnaker Dr.,Cambridge,51247,USA,Hernandez,Marta,2
10298.0,32.0,48.46,2.0,1550.0,2019-09-27,1035.0,5,1,60.0,S18_2625,Atelier graphique,40.32.2555,"54, rue Royale",Nantes,44000,France,Schmitt,Carine,2
10308.0,34.0,52.09,3.0,1771.0,2019-10-15,1018.0,5,1,60.0,S18_2625,Mini Classics,9145554562,3758 North Pendale Street,White Plains,24067,USA,Frick,Steve,2
10318.0,42.0,52.7,5.0,2213.0,2019-11-02,1001.0,5,1,60.0,S18_2625,Diecast Classics Inc.,2155551555,7586 Pompton St.,Allentown,70267,USA,Yu,Kyung,2
10329.0,38.0,138.58,12.0,5266.0,2019-11-15,989.0,5,1,60.0,S18_2625,Land of Toys Inc.,2125557818,897 Long Airport Avenue,NYC,10022,USA,Yu,Kwai,1
10339.0,30.0,62.16,1.0,1864.0,2019-11-23,982.0,5,1,60.0,S18_2625,"Tokyo Collectables, Ltd",+81 3 3584 0555,2-2-8 Roppongi,Minato-ku,106-0032,Japan,Shimamura,Akiko,2
10362.0,23.0,49.67,3.0,1142.0,2020-01-05,940.0,5,1,60.0,S18_2625,Technics Stores Inc.,6505556809,9408 Furth Circle,Burlingame,94217,USA,Hirano,Juri,2
10374.0,22.0,53.3,4.0,1172.0,2020-02-02,913.0,5,1,60.0,S18_2625,"Australian Gift Network, Co",61-7-3844-6555,31 Duncan St. West End,South Brisbane,4101,Australia,Calaghan,Tony,2
10389.0,39.0,179.0,5.0,6981.0,2020-03-03,884.0,5,1,60.0,S18_2625,Scandinavian Gift Ideas,0695-34 6555,?kergatan 24,Boras,S-844 67,Sweden,Larsson,Maria,1
10402.0,55.0,55.72,2.0,3064.0,2020-04-07,850.0,5,1,60.0,S18_2625,Auto Canal Petit,(1) 47.55.6555,"25, rue Lauriston",Paris,75016,France,Perrier,Dominique,1
10417.0,36.0,61.18,6.0,2202.0,2020-05-13,815.0,1,1,60.0,S18_2625,Euro Shopping Channel,(91) 555 94 44,"C/ Moralzarzal, 86",Madrid,28034,Spain,Freyre,Diego,2
10101.0,26.0,145.13,1.0,3773.0,2018-01-09,1671.0,5,6,168.0,S18_2795,"Blauer See Auto, Co.",+49 69 66 90 2555,Lyonerstr. 34,Frankfurt,60528,Germany,Keitel,Roland,1
10110.0,31.0,163.69,1.0,5074.0,2018-03-18,1604.0,5,6,168.0,S18_2795,"AV Stores, Co.",(171) 555-1555,Fauntleroy Circus,Manchester,EC2 5NT,UK,Ashworth,Victoria,1
10125.0,34.0,190.69,2.0,6483.0,2018-05-21,1541.0,5,6,168.0,S18_2795,"Australian Collectors, Co.",03 9520 4555,636 St Kilda Road,Melbourne,3004,Australia,Ferguson,Peter,1
10139.0,41.0,194.06,8.0,7951.5,2018-07-16,1486.0,5,6,168.0,S18_2795,Souveniers And Things Co.,+61 2 9495 8555,"Monitor Money Building, 815 Pacific Hwy",Chatswood,2067,Australia,Huxley,Adrian,0
10149.0,23.0,183.94,5.0,4230.0,2018-09-12,1429.0,5,6,168.0,S18_2795,Signal Collectibles Ltd.,4155554312,2793 Furth Circle,Brisbane,94217,USA,Taylor,Sue,1
10173.0,22.0,156.94,7.0,3452.0,2018-11-05,1376.0,5,6,168.0,S18_2795,Rovelli Gifts,035-640555,Via Ludovico il Moro 22,Bergamo,24100,Italy,Rovelli,Giovanni,1
10182.0,21.0,145.13,4.0,3047.0,2018-11-12,1370.0,5,6,168.0,S18_2795,Mini Gifts Distributors Ltd.,4155551450,5677 Strong St.,San Rafael,97562,USA,Nelson,Valarie,1
10193.0,22.0,167.06,8.0,3675.0,2018-11-21,1362.0,5,6,168.0,S18_2795,"Australian Collectables, Ltd",61-9-3844-6555,7 Allen Street,Glen Waverly,3150,Australia,Connery,Sean,1
10205.0,40.0,187.31,3.0,7492.0,2018-12-03,1351.0,5,6,168.0,S18_2795,Euro Shopping Channel,(91) 555 94 44,"C/ Moralzarzal, 86",Madrid,28034,Spain,Freyre,Diego,0
10214.0,50.0,190.69,1.0,7951.5,2019-01-26,1298.0,5,6,168.0,S18_2795,"Corrida Auto Replicas, Ltd",(91) 555 22 82,"C/ Araquil, 67",Madrid,28023,Spain,Sommer,Mart¡n,0
10227.0,29.0,192.38,4.0,5579.0,2019-03-02,1264.0,5,6,168.0,S18_2795,"Saveley & Henriot, Co.",78.32.5555,"2, rue du Commerce",Lyon,69004,France,Saveley,Mary,1
10244.0,43.0,138.38,8.0,5950.0,2019-04-29,1207.0,5,6,168.0,S18_2795,Euro Shopping Channel,(91) 555 94 44,"C/ Moralzarzal, 86",Madrid,28034,Spain,Freyre,Diego,1
10255.0,24.0,155.25,1.0,3726.0,2019-06-04,1172.0,5,6,168.0,S18_2795,Mini Caravy,88.60.1555,"24, place Kluber",Strasbourg,67000,France,Citeaux,Frederique,1
10280.0,22.0,202.5,10.0,4455.0,2019-08-17,1099.0,5,6,168.0,S18_2795,Amica Models & Co.,011-4988555,Via Monte Bianco 34,Torino,10100,Italy,Accorti,Paolo,1
10289.0,43.0,192.38,3.0,7951.5,2019-09-03,1083.0,5,6,168.0,S18_2795,Herkku Gifts,+47 2267 3215,"Drammen 121, PR 744 Sentrum",Bergen,N 5804,Norway,Oeztan,Veysel,0
10304.0,20.0,178.88,14.0,3577.0,2019-10-11,1046.0,5,6,168.0,S18_2795,Auto Assoc. & Cie.,30.59.8555,"67, avenue de l'Europe",Versailles,78000,France,Tonini,Daniel,1
10312.0,25.0,155.25,11.0,3881.0,2019-10-21,1037.0,5,6,168.0,S18_2795,Mini Gifts Distributors Ltd.,4155551450,5677 Strong St.,San Rafael,97562,USA,Nelson,Valarie,1
10322.0,36.0,161.04,2.0,5797.0,2019-11-04,1024.0,5,6,168.0,S18_2795,Online Diecast Creations Co.,6035558647,2304 Long Airport Avenue,Nashua,62005,USA,Young,Valarie,1
10332.0,24.0,52.67,1.0,1264.0,2019-11-17,1012.0,5,6,168.0,S18_2795,"AV Stores, Co.",(171) 555-1555,Fauntleroy Circus,Manchester,EC2 5NT,UK,Ashworth,Victoria,2
10347.0,21.0,214.6325,6.0,4815.0,2019-11-29,1001.0,5,6,168.0,S18_2795,"Australian Collectors, Co.",03 9520 4555,636 St Kilda Road,Melbourne,3004,Australia,Ferguson,Peter,1
10356.0,30.0,148.74,1.0,4462.0,2019-12-09,992.0,5,6,168.0,S18_2795,Lyon Souveniers,+33 1 46 62 7555,27 rue du Colonel Pierre Avia,Paris,75508,France,Da Cunha,Daniel,1
10367.0,32.0,94.79,7.0,3033.0,2020-01-12,959.0,4,6,168.0,S18_2795,Toys4GrownUps.com,6265557265,78934 Hillside Dr.,Pasadena,90003,USA,Young,Julie,1
10380.0,21.0,47.18,8.0,990.0,2020-02-16,925.0,5,6,168.0,S18_2795,Euro Shopping Channel,(91) 555 94 44,"C/ Moralzarzal, 86",Madrid,28034,Spain,Freyre,Diego,2
10390.0,26.0,78.11,7.0,2030.0,2020-03-04,909.0,5,6,168.0,S18_2795,Mini Gifts Distributors Ltd.,4155551450,5677 Strong St.,San Rafael,97562,USA,Nelson,Valarie,2
10421.0,35.0,155.25,1.0,5433.0,2020-05-29,824.0,2,6,168.0,S18_2795,Mini Gifts Distributors Ltd.,4155551450,5677 Strong St.,San Rafael,97562,USA,Nelson,Valarie,1
10109.0,26.0,121.44,1.0,3157.0,2018-03-10,1636.0,5,0,132.0,S18_2870,Motor Mint Distributors Inc.,2155559857,11328 Douglas Av.,Philadelphia,71270,USA,Hernandez,Rosa,1
10123.0,46.0,112.2,3.0,5161.0,2018-05-20,1566.0,5,0,132.0,S18_2870,Atelier graphique,40.32.2555,"54, rue Royale",Nantes,44000,France,Schmitt,Carine,1
10137.0,37.0,117.48,3.0,4346.0,2018-07-10,1516.0,5,0,132.0,S18_2870,Reims Collectables,26.47.1555,59 rue de l'Abbaye,Reims,51100,France,Henriot,Paul,1
10148.0,27.0,130.68,10.0,3528.0,2018-09-11,1454.0,5,0,132.0,S18_2870,"Anna's Decorations, Ltd",02 9936 8555,201 Miller Street,North Sydney,2060,Australia,O'Hara,Anna,1
10161.0,23.0,138.6,9.0,3187.0,2018-10-17,1419.0,5,0,132.0,S18_2870,Heintze Collectables,86 21 3555,Smagsloget 45,Aaarhus,8200,Denmark,Ibsen,Palle,1
10172.0,39.0,154.44,7.0,6023.0,2018-11-05,1401.0,5,0,132.0,S18_2870,Gift Depot Inc.,2035552570,25593 South Bay Ln.,Bridgewater,97562,USA,King,Julie,1
10181.0,27.0,143.88,3.0,3884.0,2018-11-12,1395.0,5,0,132.0,S18_2870,Herkku Gifts,+47 2267 3215,"Drammen 121, PR 744 Sentrum",Bergen,N 5804,Norway,Oeztan,Veysel,1
10192.0,38.0,130.68,8.0,4965.0,2018-11-20,1388.0,5,0,132.0,S18_2870,Online Diecast Creations Co.,6035558647,2304 Long Airport Avenue,Nashua,62005,USA,Young,Valarie,1
10204.0,27.0,154.44,14.0,4169.0,2018-12-02,1377.0,5,0,132.0,S18_2870,Muscle Machine Inc,2125557413,4092 Furth Circle,NYC,10022,USA,Young,Jeff,1
10212.0,40.0,122.76,7.0,4910.0,2019-01-16,1333.0,5,0,132.0,S18_2870,Euro Shopping Channel,(91) 555 94 44,"C/ Moralzarzal, 86",Madrid,28034,Spain,Freyre,Diego,1
10226.0,24.0,134.64,5.0,3231.0,2019-02-26,1293.0,5,0,132.0,S18_2870,Collectable Mini Designs Co.,7605558146,361 Furth Circle,San Diego,91217,USA,Thompson,Valarie,1
10241.0,44.0,155.76,12.0,6853.0,2019-04-13,1248.0,5,0,132.0,S18_2870,Mini Caravy,88.60.1555,"24, place Kluber",Strasbourg,67000,France,Citeaux,Frederique,1
10253.0,37.0,139.92,2.0,5177.0,2019-06-01,1200.0,0,0,132.0,S18_2870,"UK Collectables, Ltd.",(171) 555-2282,Berkeley Gardens 12  Brewery,Liverpool,WX1 6LT,UK,Devon,Elizabeth,1
10266.0,20.0,141.24,3.0,2824.0,2019-07-06,1166.0,5,0,132.0,S18_2870,L'ordine Souveniers,0522-556555,Strada Provinciale 124,Reggio Emilia,42100,Italy,Moroni,Maurizio,2
10278.0,39.0,110.88,3.0,4324.0,2019-08-06,1136.0,5,0,132.0,S18_2870,Signal Gift Stores,7025551838,8489 Strong St.,Las Vegas,83030,USA,King,Sue,1
10287.0,44.0,114.84,1.0,5052.0,2019-08-30,1113.0,5,0,132.0,S18_2870,"Vida Sport, Ltd",0897-034555,Grenzacherweg 237,Gensve,1203,Switzerland,Holz,Michael,1
10301.0,22.0,146.52,5.0,3223.0,2018-10-05,1443.0,5,0,132.0,S18_2870,"Norway Gifts By Mail, Co.",+47 2212 1555,"Drammensveien 126 A, PB 744 Sentrum",Oslo,N 0106,Norway,Klaeboe,Jan,1
10311.0,43.0,122.76,10.0,5278.0,2019-10-16,1068.0,5,0,132.0,S18_2870,Euro Shopping Channel,(91) 555 94 44,"C/ Moralzarzal, 86",Madrid,28034,Spain,Freyre,Diego,1
10321.0,27.0,105.6,7.0,2851.0,2019-11-04,1050.0,5,0,132.0,S18_2870,FunGiftIdeas.com,5085552555,1785 First Street,New Bedford,50553,USA,Benitez,Violeta,2
10331.0,26.0,64.9,10.0,1687.0,2019-11-17,1038.0,5,0,132.0,S18_2870,Motor Mint Distributors Inc.,2155559857,11328 Douglas Av.,Philadelphia,71270,USA,Hernandez,Rosa,2
10343.0,25.0,52.32,3.0,1308.0,2019-11-24,1032.0,5,0,132.0,S18_2870,Reims Collectables,26.47.1555,59 rue de l'Abbaye,Reims,51100,France,Henriot,Paul,2
10366.0,49.0,125.4,2.0,6144.0,2020-01-10,986.0,5,0,132.0,S18_2870,Royale Belge,(071) 23 67 2555,"Boulevard Tirou, 255",Charleroi,B-6000,Belgium,Cartrain,Pascale,1
10379.0,29.0,176.8,5.0,5127.0,2020-02-10,956.0,5,0,132.0,S18_2870,Euro Shopping Channel,(91) 555 94 44,"C/ Moralzarzal, 86",Madrid,28034,Spain,Freyre,Diego,1
10407.0,41.0,155.76,12.0,6386.0,2020-04-22,885.0,3,0,132.0,S18_2870,The Sharp Gifts Warehouse,4085553659,3086 Ingle Ln.,San Jose,94217,USA,Frick,Sue,1
10419.0,55.0,139.92,2.0,7695.0,2020-05-17,861.0,5,0,132.0,S18_2870,Salzburg Collectables,6562-9555,Geislweg 14,Salzburg,5020,Austria,Pipps,Georg,0
10103.0,27.0,83.07,12.0,2242.0,2018-01-29,1701.0,5,6,101.0,S18_2949,Baane Mini Imports,07-98 9555,Erling Skakkes gate 78,Stavern,4110,Norway,Bergulfsen,Jonas,2
10112.0,23.0,110.43,2.0,2539.0,2018-03-24,1648.0,5,6,101.0,S18_2949,"Volvo Model Replicas, Co",0921-12 3555,Berguvsvgen  8,Lule,S-958 22,Sweden,Berglund,Christina,2
10126.0,31.0,90.17,12.0,2795.0,2018-05-28,1584.0,5,6,101.0,S18_2949,"Corrida Auto Replicas, Ltd",(91) 555 22 82,"C/ Araquil, 67",Madrid,28023,Spain,Sommer,Mart¡n,2
10139.0,46.0,120.56,1.0,5545.0,2018-07-16,1536.0,5,6,101.0,S18_2949,Souveniers And Things Co.,+61 2 9495 8555,"Monitor Money Building, 815 Pacific Hwy",Chatswood,2067,Australia,Huxley,Adrian,1
10150.0,47.0,91.18,9.0,4285.0,2018-09-19,1472.0,5,6,101.0,S18_2949,"Dragon Souveniers, Ltd.",+65 221 7555,"Bronz Sok., Bronz Apt. 3/6 Tesvikiye",Singapore,79903,Singapore,Natividad,Eric,1
10163.0,31.0,107.39,2.0,3329.0,2018-10-20,1442.0,5,6,101.0,S18_2949,Classic Legends Inc.,2125558493,5905 Pompton St.,NYC,10022,USA,Hernandez,Maria,1
10174.0,46.0,121.57,5.0,5592.0,2018-11-06,1426.0,5,6,101.0,S18_2949,"Australian Gift Network, Co",61-7-3844-6555,31 Duncan St. West End,South Brisbane,4101,Australia,Calaghan,Tony,1
10183.0,37.0,89.15,9.0,3298.0,2018-11-13,1420.0,5,6,101.0,S18_2949,"Classic Gift Ideas, Inc",2155554695,782 First Street,Philadelphia,71270,USA,Cervantes,Francisca,1
10193.0,28.0,93.21,1.0,2609.0,2018-11-21,1413.0,5,6,101.0,S18_2949,"Australian Collectables, Ltd",61-9-3844-6555,7 Allen Street,Glen Waverly,3150,Australia,Connery,Sean,2
10206.0,37.0,90.17,7.0,3336.0,2018-12-05,1400.0,5,6,101.0,S18_2949,Canadian Gift Exchange Network,(604) 555-3392,1900 Oak St.,Vancouver,V3F 2K1,Canada,Tannamuri,Yoshi,1
10215.0,49.0,112.45,4.0,5510.0,2019-01-29,1346.0,5,6,101.0,S18_2949,West Coast Collectables Co.,3105553722,3675 Furth Circle,Burbank,94019,USA,Thompson,Steve,1
10228.0,24.0,104.35,3.0,2504.0,2019-03-10,1307.0,5,6,101.0,S18_2949,Cambridge Collectables Co.,6175555555,4658 Baden Av.,Cambridge,51247,USA,Tseng,Kyung,2
10244.0,30.0,117.52,1.0,3525.0,2019-04-29,1258.0,5,6,101.0,S18_2949,Euro Shopping Channel,(91) 555 94 44,"C/ Moralzarzal, 86",Madrid,28034,Spain,Freyre,Diego,1
10257.0,50.0,88.14,1.0,4407.0,2019-06-14,1213.0,5,6,101.0,S18_2949,The Sharp Gifts Warehouse,4085553659,3086 Ingle Ln.,San Jose,94217,USA,Frick,Sue,1
10270.0,31.0,96.24,10.0,2983.0,2019-07-19,1179.0,5,6,101.0,S18_2949,Souveniers And Things Co.,+61 2 9495 8555,"Monitor Money Building, 815 Pacific Hwy",Chatswood,2067,Australia,Huxley,Adrian,2
10280.0,46.0,111.44,3.0,5126.0,2019-08-17,1151.0,5,6,101.0,S18_2949,Amica Models & Co.,011-4988555,Via Monte Bianco 34,Torino,10100,Italy,Accorti,Paolo,1
10291.0,47.0,121.57,12.0,5713.0,2019-09-08,1130.0,5,6,101.0,S18_2949,Scandinavian Gift Ideas,0695-34 6555,?kergatan 24,Boras,S-844 67,Sweden,Larsson,Maria,1
10304.0,46.0,100.3,7.0,4613.0,2019-10-11,1098.0,5,6,101.0,S18_2949,Auto Assoc. & Cie.,30.59.8555,"67, avenue de l'Europe",Versailles,78000,France,Tonini,Daniel,1
10312.0,37.0,100.3,4.0,3711.0,2019-10-21,1089.0,5,6,101.0,S18_2949,Mini Gifts Distributors Ltd.,4155551450,5677 Strong St.,San Rafael,97562,USA,Nelson,Valarie,1
10322.0,33.0,106.81,12.0,3524.0,2019-11-04,1076.0,5,6,101.0,S18_2949,Online Diecast Creations Co.,6035558647,2304 Long Airport Avenue,Nashua,62005,USA,Young,Valarie,1
10347.0,48.0,100.3,9.0,4814.0,2019-11-29,1052.0,5,6,101.0,S18_2949,"Australian Collectors, Co.",03 9520 4555,636 St Kilda Road,Melbourne,3004,Australia,Ferguson,Peter,1
10357.0,41.0,87.13,6.0,3572.0,2019-12-10,1042.0,5,6,101.0,S18_2949,Mini Gifts Distributors Ltd.,4155551450,5677 Strong St.,San Rafael,97562,USA,Nelson,Valarie,1
10369.0,42.0,109.08,1.0,4581.0,2020-01-20,1002.0,5,6,101.0,S18_2949,Collectables For Less Inc.,6175558555,7825 Douglas Av.,Brickhaven,58339,USA,Nelson,Allen,1
10391.0,32.0,45.25,6.0,1448.0,2020-03-09,954.0,5,6,101.0,S18_2949,"Anna's Decorations, Ltd",02 9936 8555,201 Miller Street,North Sydney,2060,Australia,O'Hara,Anna,2
10423.0,10.0,88.14,1.0,881.0,2020-05-30,873.0,2,6,101.0,S18_2949,Petit Auto,(02) 5554 67,Rue Joseph-Bens 532,Bruxelles,B-1180,Belgium,Dewey,Catherine,2
10103.0,35.0,57.46,14.0,2011.0,2018-01-29,1726.0,5,6,62.0,S18_2957,Baane Mini Imports,07-98 9555,Erling Skakkes gate 78,Stavern,4110,Norway,Bergulfsen,Jonas,2
10126.0,46.0,73.7,14.0,3390.0,2018-05-28,1608.0,5,6,62.0,S18_2957,"Corrida Auto Replicas, Ltd",(91) 555 22 82,"C/ Araquil, 67",Madrid,28023,Spain,Sommer,Mart¡n,1
10139.0,20.0,71.2,3.0,1424.0,2018-07-16,1560.0,5,6,62.0,S18_2957,Souveniers And Things Co.,+61 2 9495 8555,"Monitor Money Building, 815 Pacific Hwy",Chatswood,2067,Australia,Huxley,Adrian,2
10150.0,30.0,49.97,11.0,1499.0,2018-09-19,1496.0,5,6,62.0,S18_2957,"Dragon Souveniers, Ltd.",+65 221 7555,"Bronz Sok., Bronz Apt. 3/6 Tesvikiye",Singapore,79903,Singapore,Natividad,Eric,2
10163.0,48.0,69.96,4.0,3358.0,2018-10-20,1466.0,5,6,62.0,S18_2957,Classic Legends Inc.,2125558493,5905 Pompton St.,NYC,10022,USA,Hernandez,Maria,1
10173.0,28.0,53.72,2.0,1504.0,2018-11-05,1451.0,5,6,62.0,S18_2957,Rovelli Gifts,035-640555,Via Ludovico il Moro 22,Bergamo,24100,Italy,Rovelli,Giovanni,2
10183.0,39.0,68.08,11.0,2655.0,2018-11-13,1444.0,5,6,62.0,S18_2957,"Classic Gift Ideas, Inc",2155554695,782 First Street,Philadelphia,71270,USA,Cervantes,Francisca,2
10193.0,24.0,51.84,3.0,1244.0,2018-11-21,1437.0,5,6,62.0,S18_2957,"Australian Collectables, Ltd",61-9-3844-6555,7 Allen Street,Glen Waverly,3150,Australia,Connery,Sean,2
10206.0,28.0,67.46,9.0,1888.0,2018-12-05,1424.0,5,6,62.0,S18_2957,Canadian Gift Exchange Network,(604) 555-3392,1900 Oak St.,Vancouver,V3F 2K1,Canada,Tannamuri,Yoshi,2
10215.0,31.0,58.71,6.0,1820.0,2019-01-29,1370.0,5,6,62.0,S18_2957,West Coast Collectables Co.,3105553722,3675 Furth Circle,Burbank,94019,USA,Thompson,Steve,2
10228.0,45.0,63.71,5.0,2866.0,2019-03-10,1331.0,5,6,62.0,S18_2957,Cambridge Collectables Co.,6175555555,4658 Baden Av.,Cambridge,51247,USA,Tseng,Kyung,2
10244.0,24.0,58.09,3.0,1394.0,2019-04-29,1282.0,5,6,62.0,S18_2957,Euro Shopping Channel,(91) 555 94 44,"C/ Moralzarzal, 86",Madrid,28034,Spain,Freyre,Diego,2
10257.0,49.0,53.72,3.0,2632.0,2019-06-14,1237.0,5,6,62.0,S18_2957,The Sharp Gifts Warehouse,4085553659,3086 Ingle Ln.,San Jose,94217,USA,Frick,Sue,2
10269.0,32.0,63.08,1.0,2018.0,2019-07-16,1206.0,5,6,62.0,S18_2957,Salzburg Collectables,6562-9555,Geislweg 14,Salzburg,5020,Austria,Pipps,Georg,2
10280.0,43.0,68.71,5.0,2954.0,2019-08-17,1175.0,5,6,62.0,S18_2957,Amica Models & Co.,011-4988555,Via Monte Bianco 34,Torino,10100,Italy,Accorti,Paolo,2
10291.0,37.0,50.59,14.0,1871.0,2019-09-08,1154.0,5,6,62.0,S18_2957,Scandinavian Gift Ideas,0695-34 6555,?kergatan 24,Boras,S-844 67,Sweden,Larsson,Maria,2
10304.0,24.0,64.96,9.0,1559.0,2019-10-11,1122.0,5,6,62.0,S18_2957,Auto Assoc. & Cie.,30.59.8555,"67, avenue de l'Europe",Versailles,78000,France,Tonini,Daniel,2
10312.0,35.0,53.72,6.0,1880.0,2019-10-21,1113.0,5,6,62.0,S18_2957,Mini Gifts Distributors Ltd.,4155551450,5677 Strong St.,San Rafael,97562,USA,Nelson,Valarie,2
10322.0,41.0,29.87,13.0,1224.0,2019-11-04,1100.0,5,6,62.0,S18_2957,Online Diecast Creations Co.,6035558647,2304 Long Airport Avenue,Nashua,62005,USA,Young,Valarie,2
10332.0,26.0,114.58,17.0,2979.0,2019-11-17,1088.0,5,6,62.0,S18_2957,"AV Stores, Co.",(171) 555-1555,Fauntleroy Circus,Manchester,EC2 5NT,UK,Ashworth,Victoria,2
10347.0,34.0,64.96,10.0,2208.0,2019-11-29,1077.0,5,6,62.0,S18_2957,"Australian Collectors, Co.",03 9520 4555,636 St Kilda Road,Melbourne,3004,Australia,Ferguson,Peter,2
10357.0,49.0,70.58,5.0,3458.0,2019-12-10,1067.0,5,6,62.0,S18_2957,Mini Gifts Distributors Ltd.,4155551450,5677 Strong St.,San Rafael,97562,USA,Nelson,Valarie,1
10369.0,28.0,44.21,6.0,1237.0,2020-01-20,1027.0,5,6,62.0,S18_2957,Collectables For Less Inc.,6175558555,7825 Douglas Av.,Brickhaven,58339,USA,Nelson,Allen,2
10392.0,37.0,59.96,3.0,2218.0,2020-03-10,978.0,5,6,62.0,S18_2957,Mini Auto Werke,7675-3555,Kirchgasse 6,Graz,8010,Austria,Mendel,Roland,2
10423.0,31.0,53.72,3.0,1665.0,2020-05-30,898.0,2,6,62.0,S18_2957,Petit Auto,(02) 5554 67,Rue Joseph-Bens 532,Bruxelles,B-1180,Belgium,Dewey,Catherine,2
10106.0,41.0,83.44,18.0,3421.0,2018-02-17,1732.0,5,3,86.0,S18_3029,Rovelli Gifts,035-640555,Via Ludovico il Moro 22,Bergamo,24100,Italy,Rovelli,Giovanni,1
10119.0,21.0,89.46,9.0,1878.0,2018-04-28,1663.0,5,3,86.0,S18_3029,Salzburg Collectables,6562-9555,Geislweg 14,Salzburg,5020,Austria,Pipps,Georg,2
10130.0,40.0,96.34,2.0,3853.0,2018-06-16,1615.0,5,3,86.0,S18_3029,Auto-Moto Classics Inc.,6175558428,16780 Pompton St.,Brickhaven,58339,USA,Taylor,Leslie,1
10143.0,46.0,74.84,13.0,3442.0,2018-08-10,1561.0,5,3,86.0,S18_3029,Mini Creations Ltd.,5085559555,4575 Hillside Dr.,New Bedford,50553,USA,Tam,Wing C,1
10155.0,44.0,79.14,11.0,3482.0,2018-10-06,1505.0,5,3,86.0,S18_3029,"Toys of Finland, Co.",90-224 8555,Keskuskatu 45,Helsinki,21240,Finland,Karttunen,Matti,1
10167.0,46.0,73.12,7.0,3363.0,2018-10-23,1489.0,0,3,86.0,S18_3029,Scandinavian Gift Ideas,0695-34 6555,?kergatan 24,Boras,S-844 67,Sweden,Larsson,Maria,1
10178.0,41.0,81.72,10.0,3350.0,2018-11-08,1474.0,5,3,86.0,S18_3029,Alpha Cognac,61.77.6555,1 rue Alsace-Lorraine,Toulouse,31000,France,Roulet,Annette,1
10186.0,32.0,89.46,7.0,2862.0,2018-11-14,1469.0,5,3,86.0,S18_3029,"Double Decker Gift Stores, Ltd",(171) 555-7555,120 Hanover Sq.,London,WA1 1DP,UK,Hardy,Thomas,2
10197.0,46.0,87.74,4.0,4036.0,2018-11-26,1458.0,5,3,86.0,S18_3029,Enaco Distributors,(93) 203 4555,"Rambla de Catalu¤a, 23",Barcelona,8022,Spain,Saavedra,Eduardo,1
10222.0,49.0,94.62,10.0,4636.0,2019-02-19,1374.0,5,3,86.0,S18_3029,Collectable Mini Designs Co.,7605558146,361 Furth Circle,San Diego,91217,USA,Thompson,Valarie,1
10248.0,21.0,73.98,1.0,1553.0,2019-05-07,1298.0,0,3,86.0,S18_3029,Land of Toys Inc.,2125557818,897 Long Airport Avenue,NYC,10022,USA,Yu,Kwai,2
10262.0,32.0,84.3,15.0,2697.0,2019-06-24,1251.0,0,3,86.0,S18_3029,Euro Shopping Channel,(91) 555 94 44,"C/ Moralzarzal, 86",Madrid,28034,Spain,Freyre,Diego,2
10273.0,34.0,98.06,2.0,3334.0,2019-07-21,1225.0,5,3,86.0,S18_3029,Petit Auto,(02) 5554 67,Rue Joseph-Bens 532,Bruxelles,B-1180,Belgium,Dewey,Catherine,1
10283.0,21.0,98.06,4.0,2059.0,2019-08-20,1196.0,5,3,86.0,S18_3029,"Royal Canadian Collectables, Ltd.",(604) 555-4555,23 Tsawassen Blvd.,Tsawassen,T2F 8M4,Canada,Lincoln,Elizabeth,2
10296.0,21.0,96.34,13.0,2023.0,2019-09-15,1171.0,5,3,86.0,S18_3029,"Bavarian Collectables Imports, Co.",+49 89 61 08 9555,Hansastr. 15,Munich,80686,Germany,Donnermeyer,Michael,2
10307.0,31.0,83.44,7.0,2586.0,2019-10-14,1143.0,5,3,86.0,S18_3029,"Classic Gift Ideas, Inc",2155554695,782 First Street,Philadelphia,71270,USA,Cervantes,Francisca,2
10316.0,21.0,94.62,15.0,1987.0,2019-11-01,1126.0,5,3,86.0,S18_3029,giftsbymail.co.uk,(198) 555-8888,Garden House Crowther Way,Cowes,PO31 7PJ,UK,Bennett,Helen,2
10327.0,25.0,45.86,5.0,1146.0,2019-11-10,1118.0,4,3,86.0,S18_3029,Danish Wholesale Imports,31 12 3555,Vinb'ltet 34,Kobenhavn,1734,Denmark,Petersen,Jytte,2
10338.0,28.0,82.58,3.0,2312.0,2019-11-22,1107.0,5,3,86.0,S18_3029,Royale Belge,(071) 23 67 2555,"Boulevard Tirou, 255",Charleroi,B-6000,Belgium,Cartrain,Pascale,2
10350.0,43.0,64.97,6.0,2793.0,2019-12-02,1098.0,5,3,86.0,S18_3029,Euro Shopping Channel,(91) 555 94 44,"C/ Moralzarzal, 86",Madrid,28034,Spain,Freyre,Diego,2
10373.0,22.0,86.74,5.0,1908.0,2020-01-31,1039.0,5,3,86.0,S18_3029,"Oulu Toy Supplies, Inc.",981-443655,Torikatu 38,Oulu,90110,Finland,Koskitalo,Pirkko,2
10386.0,37.0,93.01,5.0,3441.0,2020-03-01,1010.0,4,3,86.0,S18_3029,Euro Shopping Channel,(91) 555 94 44,"C/ Moralzarzal, 86",Madrid,28034,Spain,Freyre,Diego,1
10398.0,28.0,72.26,18.0,2023.0,2020-03-30,982.0,5,3,86.0,S18_3029,Reims Collectables,26.47.1555,59 rue de l'Abbaye,Reims,51100,France,Henriot,Paul,2
10400.0,30.0,74.84,7.0,2245.0,2020-04-01,981.0,5,3,86.0,S18_3029,The Sharp Gifts Warehouse,4085553659,3086 Ingle Ln.,San Jose,94217,USA,Frick,Sue,2
10414.0,44.0,73.98,1.0,3255.0,2020-05-06,947.0,3,3,86.0,S18_3029,Gifts4AllAges.com,6175559555,8616 Spinnaker Dr.,Boston,51003,USA,Yoshido,Juri,1
10103.0,25.0,101.58,13.0,2539.0,2018-01-29,1776.0,5,6,104.0,S18_3136,Baane Mini Imports,07-98 9555,Erling Skakkes gate 78,Stavern,4110,Norway,Bergulfsen,Jonas,2
10126.0,30.0,97.39,13.0,2921.0,2018-05-28,1658.0,5,6,104.0,S18_3136,"Corrida Auto Replicas, Ltd",(91) 555 22 82,"C/ Araquil, 67",Madrid,28023,Spain,Sommer,Mart¡n,2
10139.0,20.0,90.06,2.0,1801.0,2018-07-16,1610.0,5,6,104.0,S18_3136,Souveniers And Things Co.,+61 2 9495 8555,"Monitor Money Building, 815 Pacific Hwy",Chatswood,2067,Australia,Huxley,Adrian,2
10150.0,26.0,107.86,10.0,2804.0,2018-09-19,1546.0,5,6,104.0,S18_3136,"Dragon Souveniers, Ltd.",+65 221 7555,"Bronz Sok., Bronz Apt. 3/6 Tesvikiye",Singapore,79903,Singapore,Natividad,Eric,2
10163.0,40.0,122.52,3.0,4900.0,2018-10-20,1516.0,5,6,104.0,S18_3136,Classic Legends Inc.,2125558493,5905 Pompton St.,NYC,10022,USA,Hernandez,Maria,1
10173.0,31.0,89.01,1.0,2759.0,2018-11-05,1501.0,5,6,104.0,S18_3136,Rovelli Gifts,035-640555,Via Ludovico il Moro 22,Bergamo,24100,Italy,Rovelli,Giovanni,2
10183.0,22.0,113.1,10.0,2488.0,2018-11-13,1494.0,5,6,104.0,S18_3136,"Classic Gift Ideas, Inc",2155554695,782 First Street,Philadelphia,71270,USA,Cervantes,Francisca,2
10193.0,23.0,120.43,2.0,2769.0,2018-11-21,1487.0,5,6,104.0,S18_3136,"Australian Collectables, Ltd",61-9-3844-6555,7 Allen Street,Glen Waverly,3150,Australia,Connery,Sean,2
10206.0,30.0,119.38,8.0,3581.0,2018-12-05,1474.0,5,6,104.0,S18_3136,Canadian Gift Exchange Network,(604) 555-3392,1900 Oak St.,Vancouver,V3F 2K1,Canada,Tannamuri,Yoshi,1
10215.0,49.0,107.86,5.0,5285.0,2019-01-29,1420.0,5,6,104.0,S18_3136,West Coast Collectables Co.,3105553722,3675 Furth Circle,Burbank,94019,USA,Thompson,Steve,1
10228.0,31.0,102.63,4.0,3181.0,2019-03-10,1381.0,5,6,104.0,S18_3136,Cambridge Collectables Co.,6175555555,4658 Baden Av.,Cambridge,51247,USA,Tseng,Kyung,1
10244.0,29.0,115.19,2.0,3340.0,2019-04-29,1332.0,5,6,104.0,S18_3136,Euro Shopping Channel,(91) 555 94 44,"C/ Moralzarzal, 86",Madrid,28034,Spain,Freyre,Diego,1
10257.0,37.0,84.82,2.0,3138.0,2019-06-14,1287.0,5,6,104.0,S18_3136,The Sharp Gifts Warehouse,4085553659,3086 Ingle Ln.,San Jose,94217,USA,Frick,Sue,1
10270.0,38.0,125.66,11.0,4775.0,2019-07-19,1253.0,5,6,104.0,S18_3136,Souveniers And Things Co.,+61 2 9495 8555,"Monitor Money Building, 815 Pacific Hwy",Chatswood,2067,Australia,Huxley,Adrian,1
10280.0,29.0,103.67,4.0,3006.0,2019-08-17,1225.0,5,6,104.0,S18_3136,Amica Models & Co.,011-4988555,Via Monte Bianco 34,Torino,10100,Italy,Accorti,Paolo,1
10291.0,23.0,124.62,13.0,2866.0,2019-09-08,1204.0,5,6,104.0,S18_3136,Scandinavian Gift Ideas,0695-34 6555,?kergatan 24,Boras,S-844 67,Sweden,Larsson,Maria,2
10304.0,26.0,85.87,8.0,2232.0,2019-10-11,1172.0,5,6,104.0,S18_3136,Auto Assoc. & Cie.,30.59.8555,"67, avenue de l'Europe",Versailles,78000,France,Tonini,Daniel,2
10312.0,38.0,117.29,5.0,4457.0,2019-10-21,1163.0,5,6,104.0,S18_3136,Mini Gifts Distributors Ltd.,4155551450,5677 Strong St.,San Rafael,97562,USA,Nelson,Valarie,1
10322.0,48.0,47.04,7.0,2257.0,2019-11-04,1150.0,5,6,104.0,S18_3136,Online Diecast Creations Co.,6035558647,2304 Long Airport Avenue,Nashua,62005,USA,Young,Valarie,2
10332.0,40.0,39.8,18.0,1592.0,2019-11-17,1138.0,5,6,104.0,S18_3136,"AV Stores, Co.",(171) 555-1555,Fauntleroy Circus,Manchester,EC2 5NT,UK,Ashworth,Victoria,2
10347.0,45.0,109.96,11.0,4948.0,2019-11-29,1127.0,5,6,104.0,S18_3136,"Australian Collectors, Co.",03 9520 4555,636 St Kilda Road,Melbourne,3004,Australia,Ferguson,Peter,1
10357.0,44.0,117.29,4.0,5160.0,2019-12-10,1117.0,5,6,104.0,S18_3136,Mini Gifts Distributors Ltd.,4155551450,5677 Strong St.,San Rafael,97562,USA,Nelson,Valarie,1
10369.0,21.0,94.22,5.0,1978.0,2020-01-20,1077.0,5,6,104.0,S18_3136,Collectables For Less Inc.,6175558555,7825 Douglas Av.,Brickhaven,58339,USA,Nelson,Allen,2
10392.0,29.0,86.92,2.0,2520.0,2020-03-10,1028.0,5,6,104.0,S18_3136,Mini Auto Werke,7675-3555,Kirchgasse 6,Graz,8010,Austria,Mendel,Roland,2
10423.0,21.0,84.82,2.0,1781.0,2020-05-30,948.0,2,6,104.0,S18_3136,Petit Auto,(02) 5554 67,Rue Joseph-Bens 532,Bruxelles,B-1180,Belgium,Dewey,Catherine,2
10105.0,22.0,139.32,11.0,3065.0,2018-02-11,1788.0,5,6,136.0,S18_3140,Danish Wholesale Imports,31 12 3555,Vinb'ltet 34,Kobenhavn,1734,Denmark,Petersen,Jytte,1
10117.0,26.0,136.59,5.0,3551.0,2018-04-16,1725.0,5,6,136.0,S18_3140,"Dragon Souveniers, Ltd.",+65 221 7555,"Bronz Sok., Bronz Apt. 3/6 Tesvikiye",Singapore,79903,Singapore,Natividad,Eric,1
10128.0,41.0,135.22,2.0,5544.0,2018-06-06,1675.0,5,6,136.0,S18_3140,Euro Shopping Channel,(91) 555 94 44,"C/ Moralzarzal, 86",Madrid,28034,Spain,Freyre,Diego,1
10142.0,47.0,128.39,8.0,6034.0,2018-08-08,1613.0,5,6,136.0,S18_3140,Mini Gifts Distributors Ltd.,4155551450,5677 Strong St.,San Rafael,97562,USA,Nelson,Valarie,1
10153.0,31.0,117.47,7.0,3641.0,2018-09-28,1563.0,5,6,136.0,S18_3140,Euro Shopping Channel,(91) 555 94 44,"C/ Moralzarzal, 86",Madrid,28034,Spain,Freyre,Diego,1
10166.0,43.0,161.18,2.0,6930.0,2018-10-21,1541.0,5,6,136.0,S18_3140,FunGiftIdeas.com,5085552555,1785 First Street,New Bedford,50553,USA,Benitez,Violeta,1
10177.0,23.0,159.81,9.0,3675.0,2018-11-07,1525.0,5,6,136.0,S18_3140,CAF Imports,+34 913 728 555,"Merchants House, 27-30 Merchant's Quay",Madrid,28023,Spain,Fernandez,Jesus,1
10185.0,28.0,122.93,9.0,3442.0,2018-11-14,1519.0,5,6,136.0,S18_3140,Mini Creations Ltd.,5085559555,4575 Hillside Dr.,New Bedford,50553,USA,Tam,Wing C,1
10196.0,49.0,140.69,1.0,6893.0,2018-11-26,1508.0,5,6,136.0,S18_3140,Super Scale Inc.,2035559545,567 North Pendale Street,New Haven,97823,USA,Murphy,Leslie,1
10208.0,24.0,109.27,9.0,2622.0,2019-01-02,1472.0,5,6,136.0,S18_3140,"Saveley & Henriot, Co.",78.32.5555,"2, rue du Commerce",Lyon,69004,France,Saveley,Mary,2
10221.0,33.0,133.86,3.0,4417.0,2019-02-18,1426.0,5,6,136.0,S18_3140,Petit Auto,(02) 5554 67,Rue Joseph-Bens 532,Bruxelles,B-1180,Belgium,Dewey,Catherine,1
10232.0,22.0,163.91,6.0,3606.0,2019-03-20,1397.0,5,6,136.0,S18_3140,giftsbymail.co.uk,(198) 555-8888,Garden House Crowther Way,Cowes,PO31 7PJ,UK,Bennett,Helen,1
10248.0,32.0,118.83,12.0,3802.0,2019-05-07,1350.0,0,6,136.0,S18_3140,Land of Toys Inc.,2125557818,897 Long Airport Avenue,NYC,10022,USA,Yu,Kwai,1
10273.0,40.0,125.66,13.0,5026.0,2019-07-21,1276.0,5,6,136.0,S18_3140,Petit Auto,(02) 5554 67,Rue Joseph-Bens 532,Bruxelles,B-1180,Belgium,Dewey,Catherine,1
10282.0,43.0,155.71,1.0,6695.0,2019-08-20,1247.0,5,6,136.0,S18_3140,Mini Gifts Distributors Ltd.,4155551450,5677 Strong St.,San Rafael,97562,USA,Nelson,Valarie,1
10293.0,24.0,117.47,4.0,2819.0,2019-09-09,1228.0,5,6,136.0,S18_3140,Amica Models & Co.,011-4988555,Via Monte Bianco 34,Torino,10100,Italy,Accorti,Paolo,2
10306.0,32.0,117.47,9.0,3759.0,2019-10-14,1194.0,5,6,136.0,S18_3140,"AV Stores, Co.",(171) 555-1555,Fauntleroy Circus,Manchester,EC2 5NT,UK,Ashworth,Victoria,1
10314.0,20.0,136.59,1.0,2731.0,2019-10-22,1187.0,5,6,136.0,S18_3140,Heintze Collectables,86 21 3555,Smagsloget 45,Aaarhus,8200,Denmark,Ibsen,Palle,2
10325.0,24.0,69.12,9.0,1658.0,2019-11-05,1174.0,5,6,136.0,S18_3140,Baane Mini Imports,07-98 9555,Erling Skakkes gate 78,Stavern,4110,Norway,Bergulfsen,Jonas,2
10336.0,48.0,120.38,12.0,5778.0,2019-11-20,1160.0,5,6,136.0,S18_3140,"La Corne D'abondance, Co.",(1) 42.34.2555,"265, boulevard Charonne",Paris,75012,France,Bertrand,Marie,1
10350.0,44.0,117.98,1.0,5191.0,2019-12-02,1149.0,5,6,136.0,S18_3140,Euro Shopping Channel,(91) 555 94 44,"C/ Moralzarzal, 86",Madrid,28034,Spain,Freyre,Diego,1
10372.0,28.0,137.96,3.0,3862.0,2020-01-26,1095.0,5,6,136.0,S18_3140,"Tokyo Collectables, Ltd",+81 3 3584 0555,2-2-8 Roppongi,Minato-ku,106-0032,Japan,Shimamura,Akiko,1
10383.0,24.0,61.52,9.0,1476.0,2020-02-22,1069.0,5,6,136.0,S18_3140,Euro Shopping Channel,(91) 555 94 44,"C/ Moralzarzal, 86",Madrid,28034,Spain,Freyre,Diego,2
10396.0,33.0,159.81,2.0,5273.0,2020-03-23,1040.0,5,6,136.0,S18_3140,Mini Gifts Distributors Ltd.,4155551450,5677 Strong St.,San Rafael,97562,USA,Nelson,Valarie,1
10414.0,41.0,118.83,12.0,4872.0,2020-05-06,997.0,3,6,136.0,S18_3140,Gifts4AllAges.com,6175559555,8616 Spinnaker Dr.,Boston,51003,USA,Yoshido,Juri,1
10104.0,23.0,198.13,13.0,4556.0,2018-01-31,1824.0,5,0,169.0,S18_3232,Euro Shopping Channel,(91) 555 94 44,"C/ Moralzarzal, 86",Madrid,28034,Spain,Freyre,Diego,1
10109.0,46.0,179.5,5.0,7951.5,2018-03-10,1787.0,5,0,169.0,S18_3232,Motor Mint Distributors Inc.,2155559857,11328 Douglas Av.,Philadelphia,71270,USA,Hernandez,Rosa,0
10114.0,48.0,171.03,4.0,7951.5,2018-04-01,1766.0,5,0,169.0,S18_3232,"La Corne D'abondance, Co.",(1) 42.34.2555,"265, boulevard Charonne",Paris,75012,France,Bertrand,Marie,0
10122.0,25.0,143.94,3.0,3598.0,2018-05-08,1730.0,5,0,169.0,S18_3232,Marseille Mini Autos,91.24.4555,"12, rue des Bouchers",Marseille,13008,France,Lebihan,Laurence,1
10127.0,22.0,174.42,15.0,3837.0,2018-06-03,1705.0,5,0,169.0,S18_3232,Muscle Machine Inc,2125557413,4092 Furth Circle,NYC,10022,USA,Young,Jeff,1
10136.0,41.0,203.21,3.0,7951.5,2018-07-04,1675.0,5,0,169.0,S18_3232,Alpha Cognac,61.77.6555,1 rue Alsace-Lorraine,Toulouse,31000,France,Roulet,Annette,0
10141.0,34.0,142.25,9.0,4836.0,2018-08-01,1648.0,5,0,169.0,S18_3232,Suominen Souveniers,+358 9 8045 555,"Software Engineering Center, SEC Oy",Espoo,FIN-02271,Finland,Suominen,Kalle,1
10148.0,32.0,169.34,14.0,5418.0,2018-09-11,1608.0,5,0,169.0,S18_3232,"Anna's Decorations, Ltd",02 9936 8555,201 Miller Street,North Sydney,2060,Australia,O'Hara,Anna,1
10151.0,21.0,177.81,7.0,3734.0,2018-09-21,1599.0,5,0,169.0,S18_3232,"Oulu Toy Supplies, Inc.",981-443655,Torikatu 38,Oulu,90110,Finland,Koskitalo,Pirkko,1
10165.0,47.0,186.27,16.0,7951.5,2018-10-22,1569.0,5,0,169.0,S18_3232,"Dragon Souveniers, Ltd.",+65 221 7555,"Bronz Sok., Bronz Apt. 3/6 Tesvikiye",Singapore,79903,Singapore,Natividad,Eric,0
10171.0,39.0,140.55,3.0,5481.0,2018-11-05,1556.0,5,0,169.0,S18_3232,Quebec Home Shopping Network,(514) 555-8054,43 rue St. Laurent,Montreal,H1J 1C3,Canada,Fresnisre,Jean,1
10175.0,29.0,152.41,5.0,4419.0,2018-11-06,1556.0,5,0,169.0,S18_3232,"Stylish Desk Decors, Co.",(171) 555-0297,35 King George,London,WX3 6FW,UK,Brown,Ann,1
10181.0,45.0,140.55,7.0,6324.0,2018-11-12,1551.0,5,0,169.0,S18_3232,Herkku Gifts,+47 2267 3215,"Drammen 121, PR 744 Sentrum",Bergen,N 5804,Norway,Oeztan,Veysel,1
10184.0,28.0,157.49,10.0,4409.0,2018-11-14,1550.0,5,0,169.0,S18_3232,"Iberia Gift Imports, Corp.",(95) 555 82 82,"C/ Romero, 33",Sevilla,41101,Spain,Roel,Jose Pedro,1
10192.0,26.0,150.71,12.0,3918.0,2018-11-20,1545.0,5,0,169.0,S18_3232,Online Diecast Creations Co.,6035558647,2304 Long Airport Avenue,Nashua,62005,USA,Young,Valarie,1
10195.0,50.0,152.41,10.0,7620.0,2018-11-25,1541.0,5,0,169.0,S18_3232,Mini Classics,9145554562,3758 North Pendale Street,White Plains,24067,USA,Frick,Steve,0
10203.0,48.0,172.73,1.0,7951.5,2018-12-02,1535.0,5,0,169.0,S18_3232,Euro Shopping Channel,(91) 555 94 44,"C/ Moralzarzal, 86",Madrid,28034,Spain,Freyre,Diego,0
10207.0,25.0,157.49,11.0,3937.0,2018-12-09,1529.0,5,0,169.0,S18_3232,Diecast Collectables,6175552555,6251 Ingle Ln.,Boston,51003,USA,Franco,Valarie,1
10212.0,40.0,138.86,11.0,5554.0,2019-01-16,1492.0,5,0,169.0,S18_3232,Euro Shopping Channel,(91) 555 94 44,"C/ Moralzarzal, 86",Madrid,28034,Spain,Freyre,Diego,1
10225.0,43.0,149.02,2.0,6407.0,2019-02-22,1456.0,5,0,169.0,S18_3232,"Vida Sport, Ltd",0897-034555,Grenzacherweg 237,Gensve,1203,Switzerland,Holz,Michael,1
10229.0,22.0,189.66,5.0,4172.0,2019-03-11,1440.0,5,0,169.0,S18_3232,Mini Gifts Distributors Ltd.,4155551450,5677 Strong St.,San Rafael,97562,USA,Nelson,Valarie,1
10239.0,47.0,150.71,1.0,7083.0,2019-04-12,1409.0,5,0,169.0,S18_3232,"Oulu Toy Supplies, Inc.",981-443655,Torikatu 38,Oulu,90110,Finland,Koskitalo,Pirkko,0
10246.0,36.0,198.13,9.0,7132.0,2019-05-05,1387.0,5,0,169.0,S18_3232,Euro Shopping Channel,(91) 555 94 44,"C/ Moralzarzal, 86",Madrid,28034,Spain,Freyre,Diego,0
10253.0,40.0,169.34,6.0,6773.0,2019-06-01,1361.0,0,0,169.0,S18_3232,"UK Collectables, Ltd.",(171) 555-2282,Berkeley Gardens 12  Brewery,Liverpool,WX1 6LT,UK,Devon,Elizabeth,1
10259.0,27.0,135.47,8.0,3657.0,2019-06-15,1348.0,5,0,169.0,S18_3232,Handji Gifts& Co,+65 224 1555,Village Close - 106 Linden Road Sandown,Singapore,69045,Singapore,Victorino,Wendy,1
10266.0,29.0,165.95,7.0,4812.0,2019-07-06,1328.0,5,0,169.0,S18_3232,L'ordine Souveniers,0522-556555,Strada Provinciale 124,Reggio Emilia,42100,Italy,Moroni,Maurizio,1
10271.0,20.0,196.43,9.0,3928.0,2019-07-20,1315.0,5,0,169.0,S18_3232,Mini Gifts Distributors Ltd.,4155551450,5677 Strong St.,San Rafael,97562,USA,Nelson,Valarie,1
10278.0,42.0,152.41,7.0,6401.0,2019-08-06,1299.0,5,0,169.0,S18_3232,Signal Gift Stores,7025551838,8489 Strong St.,Las Vegas,83030,USA,King,Sue,1
10281.0,25.0,167.65,5.0,4191.0,2019-08-19,1287.0,5,0,169.0,S18_3232,Diecast Classics Inc.,2155551555,7586 Pompton St.,Allentown,70267,USA,Yu,Kyung,1
10287.0,36.0,162.57,5.0,5852.0,2019-08-30,1277.0,5,0,169.0,S18_3232,"Vida Sport, Ltd",0897-034555,Grenzacherweg 237,Gensve,1203,Switzerland,Holz,Michael,1
10292.0,21.0,135.47,12.0,2844.0,2019-09-08,1269.0,5,0,169.0,S18_3232,Land of Toys Inc.,2125557818,897 Long Airport Avenue,NYC,10022,USA,Yu,Kwai,2
10301.0,23.0,174.42,9.0,4011.0,2018-10-05,1608.0,5,0,169.0,S18_3232,"Norway Gifts By Mail, Co.",+47 2212 1555,"Drammensveien 126 A, PB 744 Sentrum",Oslo,N 0106,Norway,Klaeboe,Jan,1
10305.0,37.0,201.51,9.0,7455.0,2019-10-13,1236.0,5,0,169.0,S18_3232,Marta's Replicas Co.,6175558555,39323 Spinnaker Dr.,Cambridge,51247,USA,Hernandez,Marta,0
10310.0,48.0,186.27,3.0,7951.5,2019-10-16,1234.0,5,0,169.0,S18_3232,"Toms Spezialitten, Ltd",0221-5554327,Mehrheimerstr. 369,Koln,50739,Germany,Pfalzheim,Henriette,0
10313.0,25.0,182.89,3.0,4572.0,2019-10-22,1229.0,5,0,169.0,S18_3232,Canadian Gift Exchange Network,(604) 555-3392,1900 Oak St.,Vancouver,V3F 2K1,Canada,Tannamuri,Yoshi,1
10321.0,33.0,172.73,11.0,5700.0,2019-11-04,1217.0,5,0,169.0,S18_3232,FunGiftIdeas.com,5085552555,1785 First Street,New Bedford,50553,USA,Benitez,Violeta,1
10324.0,27.0,116.87,12.0,3155.0,2019-11-05,1217.0,5,0,169.0,S18_3232,Vitachrome Inc.,2125551500,2678 Kingston Rd.,NYC,10022,USA,Frick,Michael,1
10331.0,27.0,154.47,11.0,4170.0,2019-11-17,1206.0,5,0,169.0,S18_3232,Motor Mint Distributors Inc.,2155559857,11328 Douglas Av.,Philadelphia,71270,USA,Hernandez,Rosa,1
10334.0,20.0,143.94,3.0,2878.0,2019-11-19,1205.0,3,0,169.0,S18_3232,"Volvo Model Replicas, Co",0921-12 3555,Berguvsvgen  8,Lule,S-958 22,Sweden,Berglund,Christina,2
10342.0,30.0,167.65,4.0,5029.0,2019-11-24,1201.0,5,0,169.0,S18_3232,"Australian Collectors, Co.",03 9520 4555,636 St Kilda Road,Melbourne,3004,Australia,Ferguson,Peter,1
10349.0,48.0,154.1,6.0,7396.0,2019-12-01,1195.0,5,0,169.0,S18_3232,Muscle Machine Inc,2125557413,4092 Furth Circle,NYC,10022,USA,Young,Jeff,0
10358.0,32.0,93.49,12.0,2991.0,2019-12-10,1187.0,5,0,169.0,S18_3232,Euro Shopping Channel,(91) 555 94 44,"C/ Moralzarzal, 86",Madrid,28034,Spain,Freyre,Diego,2
10366.0,34.0,184.58,1.0,6275.0,2020-01-10,1157.0,5,0,169.0,S18_3232,Royale Belge,(071) 23 67 2555,"Boulevard Tirou, 255",Charleroi,B-6000,Belgium,Cartrain,Pascale,1
10370.0,27.0,56.85,9.0,1534.0,2020-01-20,1148.0,5,0,169.0,S18_3232,"Anna's Decorations, Ltd",02 9936 8555,201 Miller Street,North Sydney,2060,Australia,O'Hara,Anna,2
10377.0,39.0,186.27,3.0,7264.0,2020-02-09,1129.0,5,0,169.0,S18_3232,"Toys of Finland, Co.",90-224 8555,Keskuskatu 45,Helsinki,21240,Finland,Karttunen,Matti,0
10383.0,47.0,146.15,6.0,6869.0,2020-02-22,1117.0,5,0,169.0,S18_3232,Euro Shopping Channel,(91) 555 94 44,"C/ Moralzarzal, 86",Madrid,28034,Spain,Freyre,Diego,1
10394.0,22.0,152.41,5.0,3353.0,2020-03-15,1096.0,5,0,169.0,S18_3232,Euro Shopping Channel,(91) 555 94 44,"C/ Moralzarzal, 86",Madrid,28034,Spain,Freyre,Diego,1
10405.0,55.0,150.71,1.0,7951.5,2020-04-14,1067.0,5,0,169.0,S18_3232,Mini Caravy,88.60.1555,"24, place Kluber",Strasbourg,67000,France,Citeaux,Frederique,0
10412.0,60.0,198.13,9.0,7951.5,2020-05-03,1049.0,5,0,169.0,S18_3232,Euro Shopping Channel,(91) 555 94 44,"C/ Moralzarzal, 86",Madrid,28034,Spain,Freyre,Diego,0
10419.0,35.0,169.34,6.0,5926.0,2020-05-17,1036.0,5,0,169.0,S18_3232,Salzburg Collectables,6562-9555,Geislweg 14,Salzburg,5020,Austria,Pipps,Georg,1
10425.0,28.0,135.47,8.0,3793.0,2020-05-31,1023.0,2,0,169.0,S18_3232,La Rochelle Gifts,40.67.8555,"67, rue des Cinquante Otages",Nantes,44000,France,Labrune,Janine,1
10105.0,38.0,113.95,13.0,4330.0,2018-02-11,1864.0,5,4,100.0,S18_3259,Danish Wholesale Imports,31 12 3555,Vinb'ltet 34,Kobenhavn,1734,Denmark,Petersen,Jytte,1
10117.0,21.0,95.8,7.0,2011.0,2018-04-16,1801.0,5,4,100.0,S18_3259,"Dragon Souveniers, Ltd.",+65 221 7555,"Bronz Sok., Bronz Apt. 3/6 Tesvikiye",Singapore,79903,Singapore,Natividad,Eric,2
10128.0,41.0,117.98,4.0,4837.0,2018-06-06,1751.0,5,4,100.0,S18_3259,Euro Shopping Channel,(91) 555 94 44,"C/ Moralzarzal, 86",Madrid,28034,Spain,Freyre,Diego,1
10142.0,22.0,97.81,10.0,2151.0,2018-08-08,1689.0,5,4,100.0,S18_3259,Mini Gifts Distributors Ltd.,4155551450,5677 Strong St.,San Rafael,97562,USA,Nelson,Valarie,2
10153.0,29.0,88.74,9.0,2573.0,2018-09-28,1639.0,5,4,100.0,S18_3259,Euro Shopping Channel,(91) 555 94 44,"C/ Moralzarzal, 86",Madrid,28034,Spain,Freyre,Diego,2
10165.0,50.0,106.89,1.0,5344.0,2018-10-22,1616.0,5,4,100.0,S18_3259,"Dragon Souveniers, Ltd.",+65 221 7555,"Bronz Sok., Bronz Apt. 3/6 Tesvikiye",Singapore,79903,Singapore,Natividad,Eric,1
10177.0,29.0,105.88,11.0,3070.0,2018-11-07,1601.0,5,4,100.0,S18_3259,CAF Imports,+34 913 728 555,"Merchants House, 27-30 Merchant's Quay",Madrid,28023,Spain,Fernandez,Jesus,1
10185.0,49.0,80.67,11.0,3952.0,2018-11-14,1595.0,5,4,100.0,S18_3259,Mini Creations Ltd.,5085559555,4575 Hillside Dr.,New Bedford,50553,USA,Tam,Wing C,1
10196.0,35.0,101.85,3.0,3564.0,2018-11-26,1584.0,5,4,100.0,S18_3259,Super Scale Inc.,2035559545,567 North Pendale Street,New Haven,97823,USA,Murphy,Leslie,1
10208.0,48.0,116.97,11.0,5614.0,2019-01-02,1548.0,5,4,100.0,S18_3259,"Saveley & Henriot, Co.",78.32.5555,"2, rue du Commerce",Lyon,69004,France,Saveley,Mary,1
10221.0,23.0,80.67,5.0,1855.0,2019-02-18,1502.0,5,4,100.0,S18_3259,Petit Auto,(02) 5554 67,Rue Joseph-Bens 532,Bruxelles,B-1180,Belgium,Dewey,Catherine,2
10232.0,48.0,95.8,8.0,4598.0,2019-03-20,1473.0,5,4,100.0,S18_3259,giftsbymail.co.uk,(198) 555-8888,Garden House Crowther Way,Cowes,PO31 7PJ,UK,Bennett,Helen,1
10248.0,42.0,121.01,14.0,5082.0,2019-05-07,1426.0,0,4,100.0,S18_3259,Land of Toys Inc.,2125557818,897 Long Airport Avenue,NYC,10022,USA,Yu,Kwai,1
10273.0,47.0,115.97,15.0,5450.0,2019-07-21,1352.0,5,4,100.0,S18_3259,Petit Auto,(02) 5554 67,Rue Joseph-Bens 532,Bruxelles,B-1180,Belgium,Dewey,Catherine,1
10282.0,36.0,115.97,3.0,4174.0,2019-08-20,1323.0,5,4,100.0,S18_3259,Mini Gifts Distributors Ltd.,4155551450,5677 Strong St.,San Rafael,97562,USA,Nelson,Valarie,1
10293.0,22.0,109.92,6.0,2418.0,2019-09-09,1304.0,5,4,100.0,S18_3259,Amica Models & Co.,011-4988555,Via Monte Bianco 34,Torino,10100,Italy,Accorti,Paolo,2
10306.0,40.0,91.76,11.0,3670.0,2019-10-14,1270.0,5,4,100.0,S18_3259,"AV Stores, Co.",(171) 555-1555,Fauntleroy Circus,Manchester,EC2 5NT,UK,Ashworth,Victoria,1
10314.0,23.0,107.9,3.0,2481.0,2019-10-22,1263.0,5,4,100.0,S18_3259,Heintze Collectables,86 21 3555,Smagsloget 45,Aaarhus,8200,Denmark,Ibsen,Palle,2
10326.0,32.0,118.99,6.0,3807.0,2019-11-09,1246.0,5,4,100.0,S18_3259,"Volvo Model Replicas, Co",0921-12 3555,Berguvsvgen  8,Lule,S-958 22,Sweden,Berglund,Christina,1
10336.0,21.0,106.21,7.0,2230.0,2019-11-20,1236.0,5,4,100.0,S18_3259,"La Corne D'abondance, Co.",(1) 42.34.2555,"265, boulevard Charonne",Paris,75012,France,Bertrand,Marie,2
10350.0,41.0,93.04,2.0,3814.0,2019-12-02,1225.0,5,4,100.0,S18_3259,Euro Shopping Channel,(91) 555 94 44,"C/ Moralzarzal, 86",Madrid,28034,Spain,Freyre,Diego,1
10372.0,25.0,84.71,5.0,2117.0,2020-01-26,1171.0,5,4,100.0,S18_3259,"Tokyo Collectables, Ltd",+81 3 3584 0555,2-2-8 Roppongi,Minato-ku,106-0032,Japan,Shimamura,Akiko,2
10383.0,26.0,128.48,12.0,3340.0,2020-02-22,1145.0,5,4,100.0,S18_3259,Euro Shopping Channel,(91) 555 94 44,"C/ Moralzarzal, 86",Madrid,28034,Spain,Freyre,Diego,1
10396.0,24.0,89.75,4.0,2154.0,2020-03-23,1116.0,5,4,100.0,S18_3259,Mini Gifts Distributors Ltd.,4155551450,5677 Strong St.,San Rafael,97562,USA,Nelson,Valarie,2
10414.0,48.0,121.01,14.0,5808.0,2020-05-06,1073.0,3,4,100.0,S18_3259,Gifts4AllAges.com,6175559555,8616 Spinnaker Dr.,Boston,51003,USA,Yoshido,Juri,1
10108.0,26.0,68.35,9.0,1777.0,2018-03-03,1869.0,5,0,80.0,S18_3278,Cruz & Sons Co.,+63 2 555 3587,15 McCallum Street - NatWest Center #13-03,Makati City,1227 MM,Philippines,Cruz,Arnold,2
10122.0,21.0,73.17,13.0,1536.0,2018-05-08,1804.0,5,0,80.0,S18_3278,Marseille Mini Autos,91.24.4555,"12, rue des Bouchers",Marseille,13008,France,Lebihan,Laurence,2
10135.0,45.0,78.0,10.0,3510.0,2018-07-02,1750.0,5,0,80.0,S18_3278,Mini Gifts Distributors Ltd.,4155551450,5677 Strong St.,San Rafael,97562,USA,Nelson,Valarie,1
10147.0,36.0,86.04,10.0,3097.0,2018-09-05,1686.0,5,0,80.0,S18_3278,Collectables For Less Inc.,6175558555,7825 Douglas Av.,Brickhaven,58339,USA,Nelson,Allen,1
10169.0,32.0,70.76,5.0,2264.0,2018-11-04,1627.0,5,0,80.0,S18_3278,"Anna's Decorations, Ltd",02 9936 8555,201 Miller Street,North Sydney,2060,Australia,O'Hara,Anna,2
10181.0,30.0,82.82,17.0,2484.0,2018-11-12,1620.0,5,0,80.0,S18_3278,Herkku Gifts,+47 2267 3215,"Drammen 121, PR 744 Sentrum",Bergen,N 5804,Norway,Oeztan,Veysel,2
10191.0,36.0,94.88,6.0,3415.0,2018-11-20,1613.0,5,0,80.0,S18_3278,"Toms Spezialitten, Ltd",0221-5554327,Mehrheimerstr. 369,Koln,50739,Germany,Pfalzheim,Henriette,1
10203.0,33.0,86.04,11.0,2839.0,2018-12-02,1602.0,5,0,80.0,S18_3278,Euro Shopping Channel,(91) 555 94 44,"C/ Moralzarzal, 86",Madrid,28034,Spain,Freyre,Diego,2
10211.0,35.0,78.0,5.0,2730.0,2019-01-15,1559.0,5,0,80.0,S18_3278,Auto Canal Petit,(1) 47.55.6555,"25, rue Lauriston",Paris,75016,France,Perrier,Dominique,2
10225.0,37.0,95.69,12.0,3540.0,2019-02-22,1522.0,5,0,80.0,S18_3278,"Vida Sport, Ltd",0897-034555,Grenzacherweg 237,Gensve,1203,Switzerland,Holz,Michael,1
10238.0,41.0,73.17,6.0,2999.0,2019-04-09,1477.0,5,0,80.0,S18_3278,Danish Wholesale Imports,31 12 3555,Vinb'ltet 34,Kobenhavn,1734,Denmark,Petersen,Jytte,2
10252.0,20.0,76.39,2.0,1527.0,2019-05-26,1431.0,5,0,80.0,S18_3278,Auto Canal Petit,(1) 47.55.6555,"25, rue Lauriston",Paris,75016,France,Perrier,Dominique,2
10265.0,45.0,86.84,2.0,3907.0,2019-07-02,1395.0,5,0,80.0,S18_3278,"Australian Collectables, Ltd",61-9-3844-6555,7 Allen Street,Glen Waverly,3150,Australia,Connery,Sean,1
10276.0,38.0,69.96,6.0,2658.0,2019-08-02,1365.0,5,0,80.0,S18_3278,Online Mini Collectables,6175557555,7635 Spinnaker Dr.,Brickhaven,58339,USA,Barajas,Miguel,2
10287.0,43.0,70.76,15.0,3042.0,2019-08-30,1338.0,5,0,80.0,S18_3278,"Vida Sport, Ltd",0897-034555,Grenzacherweg 237,Gensve,1203,Switzerland,Holz,Michael,1
10300.0,49.0,78.8,8.0,3861.0,2018-10-04,1669.0,5,0,80.0,S18_3278,"Blauer See Auto, Co.",+49 69 66 90 2555,Lyonerstr. 34,Frankfurt,60528,Germany,Keitel,Roland,1
10310.0,27.0,80.41,13.0,2171.0,2019-10-16,1293.0,5,0,80.0,S18_3278,"Toms Spezialitten, Ltd",0221-5554327,Mehrheimerstr. 369,Koln,50739,Germany,Pfalzheim,Henriette,2
10319.0,46.0,73.98,1.0,3403.0,2019-11-03,1276.0,5,0,80.0,S18_3278,Microscale Inc.,2125551957,5290 North Pendale Street,NYC,10022,USA,Kuo,Kee,1
10329.0,38.0,59.1,10.0,2245.0,2019-11-15,1265.0,5,0,80.0,S18_3278,Land of Toys Inc.,2125557818,897 Long Airport Avenue,NYC,10022,USA,Yu,Kwai,2
10342.0,25.0,66.74,5.0,1668.0,2019-11-24,1257.0,5,0,80.0,S18_3278,"Australian Collectors, Co.",03 9520 4555,636 St Kilda Road,Melbourne,3004,Australia,Ferguson,Peter,2
10363.0,46.0,60.3,10.0,2773.0,2020-01-06,1215.0,5,0,80.0,S18_3278,Suominen Souveniers,+358 9 8045 555,"Software Engineering Center, SEC Oy",Espoo,FIN-02271,Finland,Suominen,Kalle,2
10378.0,22.0,112.0,4.0,2464.0,2020-02-10,1181.0,5,0,80.0,S18_3278,Euro Shopping Channel,(91) 555 94 44,"C/ Moralzarzal, 86",Madrid,28034,Spain,Freyre,Diego,2
10390.0,40.0,137.29,9.0,5491.0,2020-03-04,1159.0,5,0,80.0,S18_3278,Mini Gifts Distributors Ltd.,4155551450,5677 Strong St.,San Rafael,97562,USA,Nelson,Valarie,1
10103.0,46.0,104.17,16.0,4791.0,2018-01-29,1925.0,5,6,99.0,S18_3320,Baane Mini Imports,07-98 9555,Erling Skakkes gate 78,Stavern,4110,Norway,Bergulfsen,Jonas,1
10126.0,38.0,82.34,16.0,3128.0,2018-05-28,1807.0,5,6,99.0,S18_3320,"Corrida Auto Replicas, Ltd",(91) 555 22 82,"C/ Araquil, 67",Madrid,28023,Spain,Sommer,Mart¡n,1
10139.0,30.0,103.18,5.0,3095.0,2018-07-16,1759.0,5,6,99.0,S18_3320,Souveniers And Things Co.,+61 2 9495 8555,"Monitor Money Building, 815 Pacific Hwy",Chatswood,2067,Australia,Huxley,Adrian,1
10149.0,42.0,94.25,2.0,3958.0,2018-09-12,1702.0,5,6,99.0,S18_3320,Signal Collectibles Ltd.,4155554312,2793 Furth Circle,Brisbane,94217,USA,Taylor,Sue,1
10163.0,43.0,116.08,6.0,4991.0,2018-10-20,1665.0,5,6,99.0,S18_3320,Classic Legends Inc.,2125558493,5905 Pompton St.,NYC,10022,USA,Hernandez,Maria,1
10173.0,29.0,95.24,4.0,2761.0,2018-11-05,1650.0,5,6,99.0,S18_3320,Rovelli Gifts,035-640555,Via Ludovico il Moro 22,Bergamo,24100,Italy,Rovelli,Giovanni,2
10182.0,33.0,86.31,1.0,2848.0,2018-11-12,1644.0,5,6,99.0,S18_3320,Mini Gifts Distributors Ltd.,4155551450,5677 Strong St.,San Rafael,97562,USA,Nelson,Valarie,2
10193.0,32.0,79.37,5.0,2539.0,2018-11-21,1636.0,5,6,99.0,S18_3320,"Australian Collectables, Ltd",61-9-3844-6555,7 Allen Street,Glen Waverly,3150,Australia,Connery,Sean,2
10206.0,28.0,87.3,11.0,2444.0,2018-12-05,1623.0,5,6,99.0,S18_3320,Canadian Gift Exchange Network,(604) 555-3392,1900 Oak St.,Vancouver,V3F 2K1,Canada,Tannamuri,Yoshi,2
10215.0,41.0,111.12,8.0,4555.0,2019-01-29,1569.0,5,6,99.0,S18_3320,West Coast Collectables Co.,3105553722,3675 Furth Circle,Burbank,94019,USA,Thompson,Steve,1
10227.0,33.0,111.12,1.0,3666.0,2019-03-02,1538.0,5,6,99.0,S18_3320,"Saveley & Henriot, Co.",78.32.5555,"2, rue du Commerce",Lyon,69004,France,Saveley,Mary,1
10244.0,36.0,84.33,5.0,3035.0,2019-04-29,1481.0,5,6,99.0,S18_3320,Euro Shopping Channel,(91) 555 94 44,"C/ Moralzarzal, 86",Madrid,28034,Spain,Freyre,Diego,1
10257.0,26.0,89.29,5.0,2321.0,2019-06-14,1436.0,5,6,99.0,S18_3320,The Sharp Gifts Warehouse,4085553659,3086 Ingle Ln.,San Jose,94217,USA,Frick,Sue,2
10280.0,34.0,102.19,7.0,3474.0,2019-08-17,1373.0,5,6,99.0,S18_3320,Amica Models & Co.,011-4988555,Via Monte Bianco 34,Torino,10100,Italy,Accorti,Paolo,1
10290.0,26.0,96.23,2.0,2501.0,2019-09-07,1353.0,5,6,99.0,S18_3320,Auto-Moto Classics Inc.,6175558428,16780 Pompton St.,Brickhaven,58339,USA,Taylor,Leslie,2
10304.0,38.0,104.17,11.0,3958.0,2019-10-11,1320.0,5,6,99.0,S18_3320,Auto Assoc. & Cie.,30.59.8555,"67, avenue de l'Europe",Versailles,78000,France,Tonini,Daniel,1
10312.0,33.0,107.15,8.0,3535.0,2019-10-21,1311.0,5,6,99.0,S18_3320,Mini Gifts Distributors Ltd.,4155551450,5677 Strong St.,San Rafael,97562,USA,Nelson,Valarie,1
10323.0,33.0,91.27,2.0,3011.0,2019-11-05,1297.0,5,6,99.0,S18_3320,"Blauer See Auto, Co.",+49 69 66 90 2555,Lyonerstr. 34,Frankfurt,60528,Germany,Keitel,Roland,1
10347.0,26.0,102.19,12.0,2656.0,2019-11-29,1274.0,5,6,99.0,S18_3320,"Australian Collectors, Co.",03 9520 4555,636 St Kilda Road,Melbourne,3004,Australia,Ferguson,Peter,2
10357.0,25.0,104.17,3.0,2604.0,2019-12-10,1264.0,5,6,99.0,S18_3320,Mini Gifts Distributors Ltd.,4155551450,5677 Strong St.,San Rafael,97562,USA,Nelson,Valarie,2
10369.0,45.0,73.08,4.0,3288.0,2020-01-20,1224.0,5,6,99.0,S18_3320,Collectables For Less Inc.,6175558555,7825 Douglas Av.,Brickhaven,58339,USA,Nelson,Allen,1
10382.0,50.0,178.71,7.0,7951.5,2020-02-17,1197.0,5,6,99.0,S18_3320,Mini Gifts Distributors Ltd.,4155551450,5677 Strong St.,San Rafael,97562,USA,Nelson,Valarie,0
10392.0,36.0,112.11,1.0,4035.0,2020-03-10,1176.0,5,6,99.0,S18_3320,Mini Auto Werke,7675-3555,Kirchgasse 6,Graz,8010,Austria,Mendel,Roland,1
10423.0,21.0,89.29,5.0,1875.0,2020-05-30,1096.0,2,6,99.0,S18_3320,Petit Auto,(02) 5554 67,Rue Joseph-Bens 532,Bruxelles,B-1180,Belgium,Dewey,Catherine,2
10108.0,29.0,139.64,8.0,4049.0,2018-03-03,1916.0,5,0,146.0,S18_3482,Cruz & Sons Co.,+63 2 555 3587,15 McCallum Street - NatWest Center #13-03,Makati City,1227 MM,Philippines,Cruz,Arnold,1
10122.0,21.0,117.59,12.0,2469.0,2018-05-08,1851.0,5,0,146.0,S18_3482,Marseille Mini Autos,91.24.4555,"12, rue des Bouchers",Marseille,13008,France,Lebihan,Laurence,2
10135.0,42.0,129.35,9.0,5432.0,2018-07-02,1797.0,5,0,146.0,S18_3482,Mini Gifts Distributors Ltd.,4155551450,5677 Strong St.,San Rafael,97562,USA,Nelson,Valarie,1
10147.0,37.0,119.06,9.0,4405.0,2018-09-05,1733.0,5,0,146.0,S18_3482,Collectables For Less Inc.,6175558555,7825 Douglas Av.,Brickhaven,58339,USA,Nelson,Allen,1
10169.0,36.0,123.47,4.0,4444.0,2018-11-04,1674.0,5,0,146.0,S18_3482,"Anna's Decorations, Ltd",02 9936 8555,201 Miller Street,North Sydney,2060,Australia,O'Hara,Anna,1
10181.0,22.0,154.34,16.0,3395.0,2018-11-12,1667.0,5,0,146.0,S18_3482,Herkku Gifts,+47 2267 3215,"Drammen 121, PR 744 Sentrum",Bergen,N 5804,Norway,Oeztan,Veysel,1
10191.0,23.0,148.46,5.0,3414.0,2018-11-20,1660.0,5,0,146.0,S18_3482,"Toms Spezialitten, Ltd",0221-5554327,Mehrheimerstr. 369,Koln,50739,Germany,Pfalzheim,Henriette,1
10203.0,32.0,160.22,10.0,5127.0,2018-12-02,1649.0,5,0,146.0,S18_3482,Euro Shopping Channel,(91) 555 94 44,"C/ Moralzarzal, 86",Madrid,28034,Spain,Freyre,Diego,1
10211.0,28.0,133.76,4.0,3745.0,2019-01-15,1606.0,5,0,146.0,S18_3482,Auto Canal Petit,(1) 47.55.6555,"25, rue Lauriston",Paris,75016,France,Perrier,Dominique,1
10225.0,27.0,169.04,11.0,4564.0,2019-02-22,1569.0,5,0,146.0,S18_3482,"Vida Sport, Ltd",0897-034555,Grenzacherweg 237,Gensve,1203,Switzerland,Holz,Michael,1
10238.0,49.0,133.76,5.0,6554.0,2019-04-09,1524.0,5,0,146.0,S18_3482,Danish Wholesale Imports,31 12 3555,Vinb'ltet 34,Kobenhavn,1734,Denmark,Petersen,Jytte,1
10252.0,41.0,164.63,1.0,6749.0,2019-05-26,1478.0,5,0,146.0,S18_3482,Auto Canal Petit,(1) 47.55.6555,"25, rue Lauriston",Paris,75016,France,Perrier,Dominique,1
10265.0,49.0,171.98,1.0,7951.5,2019-07-02,1442.0,5,0,146.0,S18_3482,"Australian Collectables, Ltd",61-9-3844-6555,7 Allen Street,Glen Waverly,3150,Australia,Connery,Sean,0
10276.0,30.0,130.82,5.0,3924.0,2019-08-02,1412.0,5,0,146.0,S18_3482,Online Mini Collectables,6175557555,7635 Spinnaker Dr.,Brickhaven,58339,USA,Barajas,Miguel,1
10287.0,40.0,169.04,14.0,6761.0,2019-08-30,1385.0,5,0,146.0,S18_3482,"Vida Sport, Ltd",0897-034555,Grenzacherweg 237,Gensve,1203,Switzerland,Holz,Michael,1
10300.0,23.0,164.63,7.0,3786.0,2018-10-04,1716.0,5,0,146.0,S18_3482,"Blauer See Auto, Co.",+49 69 66 90 2555,Lyonerstr. 34,Frankfurt,60528,Germany,Keitel,Roland,1
10310.0,49.0,127.88,12.0,6266.0,2019-10-16,1340.0,5,0,146.0,S18_3482,"Toms Spezialitten, Ltd",0221-5554327,Mehrheimerstr. 369,Koln,50739,Germany,Pfalzheim,Henriette,1
10320.0,25.0,139.64,5.0,3491.0,2019-11-03,1323.0,5,0,146.0,S18_3482,"Volvo Model Replicas, Co",0921-12 3555,Berguvsvgen  8,Lule,S-958 22,Sweden,Berglund,Christina,1
10330.0,37.0,119.06,3.0,4405.0,2019-11-16,1311.0,5,0,146.0,S18_3482,Cruz & Sons Co.,+63 2 555 3587,15 McCallum Street - NatWest Center #13-03,Makati City,1227 MM,Philippines,Cruz,Arnold,1
10342.0,55.0,119.06,7.0,6548.0,2019-11-24,1304.0,5,0,146.0,S18_3482,"Australian Collectors, Co.",03 9520 4555,636 St Kilda Road,Melbourne,3004,Australia,Ferguson,Peter,1
10355.0,23.0,138.17,7.0,3177.0,2019-12-07,1292.0,5,0,146.0,S18_3482,Euro Shopping Channel,(91) 555 94 44,"C/ Moralzarzal, 86",Madrid,28034,Spain,Freyre,Diego,1
10363.0,24.0,172.61,11.0,4142.0,2020-01-06,1263.0,5,0,146.0,S18_3482,Suominen Souveniers,+358 9 8045 555,"Software Engineering Center, SEC Oy",Espoo,FIN-02271,Finland,Suominen,Kalle,1
10378.0,43.0,96.49,10.0,4149.0,2020-02-10,1229.0,5,0,146.0,S18_3482,Euro Shopping Channel,(91) 555 94 44,"C/ Moralzarzal, 86",Madrid,28034,Spain,Freyre,Diego,1
10390.0,50.0,147.94,1.0,7397.0,2020-03-04,1207.0,5,0,146.0,S18_3482,Mini Gifts Distributors Ltd.,4155551450,5677 Strong St.,San Rafael,97562,USA,Nelson,Valarie,0
10109.0,47.0,132.8,2.0,6241.0,2018-03-10,1933.0,5,0,141.0,S18_3685,Motor Mint Distributors Inc.,2155559857,11328 Douglas Av.,Philadelphia,71270,USA,Hernandez,Rosa,1
10123.0,34.0,156.82,4.0,5331.0,2018-05-20,1863.0,5,0,141.0,S18_3685,Atelier graphique,40.32.2555,"54, rue Royale",Nantes,44000,France,Schmitt,Carine,1
10137.0,31.0,165.3,4.0,5124.0,2018-07-10,1813.0,5,0,141.0,S18_3685,Reims Collectables,26.47.1555,59 rue de l'Abbaye,Reims,51100,France,Henriot,Paul,1
10148.0,28.0,129.98,11.0,3639.0,2018-09-11,1751.0,5,0,141.0,S18_3685,"Anna's Decorations, Ltd",02 9936 8555,201 Miller Street,North Sydney,2060,Australia,O'Hara,Anna,1
10161.0,36.0,154.0,10.0,5544.0,2018-10-17,1716.0,5,0,141.0,S18_3685,Heintze Collectables,86 21 3555,Smagsloget 45,Aaarhus,8200,Denmark,Ibsen,Palle,1
10172.0,48.0,114.44,8.0,5493.0,2018-11-05,1698.0,5,0,141.0,S18_3685,Gift Depot Inc.,2035552570,25593 South Bay Ln.,Bridgewater,97562,USA,King,Julie,1
10181.0,39.0,148.34,4.0,5785.0,2018-11-12,1692.0,5,0,141.0,S18_3685,Herkku Gifts,+47 2267 3215,"Drammen 121, PR 744 Sentrum",Bergen,N 5804,Norway,Oeztan,Veysel,1
10192.0,45.0,118.68,9.0,5340.0,2018-11-20,1685.0,5,0,141.0,S18_3685,Online Diecast Creations Co.,6035558647,2304 Long Airport Avenue,Nashua,62005,USA,Young,Valarie,1
10204.0,35.0,163.88,15.0,5735.0,2018-12-02,1674.0,5,0,141.0,S18_3685,Muscle Machine Inc,2125557413,4092 Furth Circle,NYC,10022,USA,Young,Jeff,1
10212.0,45.0,141.28,8.0,6357.0,2019-01-16,1630.0,5,0,141.0,S18_3685,Euro Shopping Channel,(91) 555 94 44,"C/ Moralzarzal, 86",Madrid,28034,Spain,Freyre,Diego,1
10226.0,46.0,159.65,6.0,7343.0,2019-02-26,1590.0,5,0,141.0,S18_3685,Collectable Mini Designs Co.,7605558146,361 Furth Circle,San Diego,91217,USA,Thompson,Valarie,0
10240.0,37.0,161.06,1.0,5959.0,2019-04-13,1545.0,5,0,141.0,S18_3685,Osaka Souveniers Co.,+81 06 6342 5555,"Dojima Avanza 4F, 1-6-20 Dojima, Kita-ku",Osaka,530-0003,Japan,Kentary,Mory,1
10253.0,31.0,129.98,3.0,4029.0,2019-06-01,1497.0,0,0,141.0,S18_3685,"UK Collectables, Ltd.",(171) 555-2282,Berkeley Gardens 12  Brewery,Liverpool,WX1 6LT,UK,Devon,Elizabeth,1
10266.0,33.0,152.58,4.0,5035.0,2019-07-06,1463.0,5,0,141.0,S18_3685,L'ordine Souveniers,0522-556555,Strada Provinciale 124,Reggio Emilia,42100,Italy,Moroni,Maurizio,1
10278.0,31.0,132.8,4.0,4116.0,2019-08-06,1433.0,5,0,141.0,S18_3685,Signal Gift Stores,7025551838,8489 Strong St.,Las Vegas,83030,USA,King,Sue,1
10287.0,27.0,159.65,2.0,4310.0,2019-08-30,1410.0,5,0,141.0,S18_3685,"Vida Sport, Ltd",0897-034555,Grenzacherweg 237,Gensve,1203,Switzerland,Holz,Michael,1
10301.0,39.0,165.3,6.0,6446.0,2018-10-05,1740.0,5,0,141.0,S18_3685,"Norway Gifts By Mail, Co.",+47 2212 1555,"Drammensveien 126 A, PB 744 Sentrum",Oslo,N 0106,Norway,Klaeboe,Jan,1
10311.0,32.0,113.02,11.0,3616.0,2019-10-16,1365.0,5,0,141.0,S18_3685,Euro Shopping Channel,(91) 555 94 44,"C/ Moralzarzal, 86",Madrid,28034,Spain,Freyre,Diego,1
10321.0,28.0,151.17,8.0,4232.0,2019-11-04,1347.0,5,0,141.0,S18_3685,FunGiftIdeas.com,5085552555,1785 First Street,New Bedford,50553,USA,Benitez,Violeta,1
10331.0,26.0,67.91,12.0,1765.0,2019-11-17,1335.0,5,0,141.0,S18_3685,Motor Mint Distributors Inc.,2155559857,11328 Douglas Av.,Philadelphia,71270,USA,Hernandez,Rosa,2
10343.0,44.0,84.88,2.0,3734.0,2019-11-24,1329.0,5,0,141.0,S18_3685,Reims Collectables,26.47.1555,59 rue de l'Abbaye,Reims,51100,France,Henriot,Paul,1
10367.0,46.0,104.53,6.0,4808.0,2020-01-12,1281.0,4,0,141.0,S18_3685,Toys4GrownUps.com,6265557265,78934 Hillside Dr.,Pasadena,90003,USA,Young,Julie,1
10379.0,32.0,70.83,4.0,2266.0,2020-02-10,1253.0,5,0,141.0,S18_3685,Euro Shopping Channel,(91) 555 94 44,"C/ Moralzarzal, 86",Madrid,28034,Spain,Freyre,Diego,2
10406.0,65.0,161.06,1.0,7951.5,2020-04-15,1189.0,1,0,141.0,S18_3685,Danish Wholesale Imports,31 12 3555,Vinb'ltet 34,Kobenhavn,1734,Denmark,Petersen,Jytte,0
10419.0,43.0,129.98,3.0,5589.0,2020-05-17,1158.0,5,0,141.0,S18_3685,Salzburg Collectables,6562-9555,Geislweg 14,Salzburg,5020,Austria,Pipps,Georg,1
10108.0,43.0,67.77,12.0,2914.0,2018-03-03,1965.0,5,1,62.0,S18_3782,Cruz & Sons Co.,+63 2 555 3587,15 McCallum Street - NatWest Center #13-03,Makati City,1227 MM,Philippines,Cruz,Arnold,2
10122.0,35.0,49.74,16.0,1740.0,2018-05-08,1900.0,5,1,62.0,S18_3782,Marseille Mini Autos,91.24.4555,"12, rue des Bouchers",Marseille,13008,France,Lebihan,Laurence,2
10135.0,45.0,50.36,13.0,2266.0,2018-07-02,1846.0,5,1,62.0,S18_3782,Mini Gifts Distributors Ltd.,4155551450,5677 Strong St.,San Rafael,97562,USA,Nelson,Valarie,2
10146.0,47.0,67.14,2.0,3155.0,2018-09-03,1784.0,5,1,62.0,S18_3782,Gift Ideas Corp.,2035554407,2440 Pompton St.,Glendale,97561,USA,Lewis,Dan,1
10169.0,38.0,68.39,8.0,2598.0,2018-11-04,1723.0,5,1,62.0,S18_3782,"Anna's Decorations, Ltd",02 9936 8555,201 Miller Street,North Sydney,2060,Australia,O'Hara,Anna,2
10180.0,21.0,50.36,3.0,1057.0,2018-11-11,1717.0,5,1,62.0,S18_3782,Daedalus Designs Imports,20.16.1555,"184, chausse de Tournai",Lille,59000,France,Rance,Martine,2
10191.0,43.0,72.74,9.0,3127.0,2018-11-20,1709.0,5,1,62.0,S18_3782,"Toms Spezialitten, Ltd",0221-5554327,Mehrheimerstr. 369,Koln,50739,Germany,Pfalzheim,Henriette,1
10211.0,46.0,54.09,8.0,2488.0,2019-01-15,1654.0,5,1,62.0,S18_3782,Auto Canal Petit,(1) 47.55.6555,"25, rue Lauriston",Paris,75016,France,Perrier,Dominique,2
10224.0,38.0,58.44,1.0,2220.0,2019-02-21,1618.0,5,1,62.0,S18_3782,Daedalus Designs Imports,20.16.1555,"184, chausse de Tournai",Lille,59000,France,Rance,Martine,2
10237.0,26.0,52.22,1.0,1357.0,2019-04-05,1576.0,5,1,62.0,S18_3782,Vitachrome Inc.,2125551500,2678 Kingston Rd.,NYC,10022,USA,Frick,Michael,2
10252.0,31.0,52.84,5.0,1638.0,2019-05-26,1526.0,5,1,62.0,S18_3782,Auto Canal Petit,(1) 47.55.6555,"25, rue Lauriston",Paris,75016,France,Perrier,Dominique,2
10264.0,48.0,54.71,3.0,2626.0,2019-06-30,1492.0,5,1,62.0,S18_3782,Gifts4AllAges.com,6175559555,8616 Spinnaker Dr.,Boston,51003,USA,Yoshido,Juri,2
10276.0,33.0,50.36,9.0,1661.0,2019-08-02,1460.0,5,1,62.0,S18_3782,Online Mini Collectables,6175557555,7635 Spinnaker Dr.,Brickhaven,58339,USA,Barajas,Miguel,2
10286.0,38.0,57.2,1.0,2173.0,2019-08-28,1435.0,5,1,62.0,S18_3782,"La Corne D'abondance, Co.",(1) 42.34.2555,"265, boulevard Charonne",Paris,75012,France,Bertrand,Marie,2
10299.0,39.0,55.95,3.0,2182.0,2019-09-30,1403.0,5,1,62.0,S18_3782,"Toys of Finland, Co.",90-224 8555,Keskuskatu 45,Helsinki,21240,Finland,Karttunen,Matti,2
10310.0,42.0,67.14,16.0,2819.0,2019-10-16,1388.0,5,1,62.0,S18_3782,"Toms Spezialitten, Ltd",0221-5554327,Mehrheimerstr. 369,Koln,50739,Germany,Pfalzheim,Henriette,2
10319.0,44.0,59.06,4.0,2598.0,2019-11-03,1371.0,5,1,62.0,S18_3782,Microscale Inc.,2125551957,5290 North Pendale Street,NYC,10022,USA,Kuo,Kee,2
10330.0,29.0,69.63,2.0,2019.0,2019-11-16,1359.0,5,1,62.0,S18_3782,Cruz & Sons Co.,+63 2 555 3587,15 McCallum Street - NatWest Center #13-03,Makati City,1227 MM,Philippines,Cruz,Arnold,2
10342.0,26.0,55.95,8.0,1454.0,2019-11-24,1352.0,5,1,62.0,S18_3782,"Australian Collectors, Co.",03 9520 4555,636 St Kilda Road,Melbourne,3004,Australia,Ferguson,Peter,2
10355.0,31.0,53.47,1.0,1657.0,2019-12-07,1340.0,5,1,62.0,S18_3782,Euro Shopping Channel,(91) 555 94 44,"C/ Moralzarzal, 86",Madrid,28034,Spain,Freyre,Diego,2
10363.0,32.0,89.12,12.0,2851.0,2020-01-06,1311.0,5,1,62.0,S18_3782,Suominen Souveniers,+358 9 8045 555,"Software Engineering Center, SEC Oy",Espoo,FIN-02271,Finland,Suominen,Kalle,2
10378.0,28.0,164.63,9.0,4609.0,2020-02-10,1277.0,5,1,62.0,S18_3782,Euro Shopping Channel,(91) 555 94 44,"C/ Moralzarzal, 86",Madrid,28034,Spain,Freyre,Diego,1
10390.0,36.0,141.11,2.0,5079.0,2020-03-04,1255.0,5,1,62.0,S18_3782,Mini Gifts Distributors Ltd.,4155551450,5677 Strong St.,San Rafael,97562,USA,Nelson,Valarie,1
10403.0,36.0,52.22,1.0,1879.0,2020-04-08,1221.0,5,1,62.0,S18_3782,"UK Collectables, Ltd.",(171) 555-2282,Berkeley Gardens 12  Brewery,Liverpool,WX1 6LT,UK,Devon,Elizabeth,2
10106.0,41.0,116.46,17.0,4774.0,2018-02-17,2003.0,5,6,105.0,S18_3856,Rovelli Gifts,035-640555,Via Ludovico il Moro 22,Bergamo,24100,Italy,Rovelli,Giovanni,1
10119.0,27.0,99.52,8.0,2687.0,2018-04-28,1934.0,5,6,105.0,S18_3856,Salzburg Collectables,6562-9555,Geislweg 14,Salzburg,5020,Austria,Pipps,Georg,2
10130.0,33.0,103.75,1.0,3423.0,2018-06-16,1886.0,5,6,105.0,S18_3856,Auto-Moto Classics Inc.,6175558428,16780 Pompton St.,Brickhaven,58339,USA,Taylor,Leslie,1
10143.0,34.0,101.64,12.0,3455.0,2018-08-10,1832.0,5,6,105.0,S18_3856,Mini Creations Ltd.,5085559555,4575 Hillside Dr.,New Bedford,50553,USA,Tam,Wing C,1
10155.0,29.0,124.93,10.0,3622.0,2018-10-06,1776.0,5,6,105.0,S18_3856,"Toys of Finland, Co.",90-224 8555,Keskuskatu 45,Helsinki,21240,Finland,Karttunen,Matti,1
10167.0,34.0,105.87,6.0,3599.0,2018-10-23,1760.0,0,6,105.0,S18_3856,Scandinavian Gift Ideas,0695-34 6555,?kergatan 24,Boras,S-844 67,Sweden,Larsson,Maria,1
10178.0,48.0,112.22,9.0,5386.0,2018-11-08,1745.0,5,6,105.0,S18_3856,Alpha Cognac,61.77.6555,1 rue Alsace-Lorraine,Toulouse,31000,France,Roulet,Annette,1
10186.0,46.0,106.93,6.0,4918.0,2018-11-14,1740.0,5,6,105.0,S18_3856,"Double Decker Gift Stores, Ltd",(171) 555-7555,120 Hanover Sq.,London,WA1 1DP,UK,Hardy,Thomas,1
10197.0,22.0,115.4,3.0,2538.0,2018-11-26,1729.0,5,6,105.0,S18_3856,Enaco Distributors,(93) 203 4555,"Rambla de Catalu¤a, 23",Barcelona,8022,Spain,Saavedra,Eduardo,2
10222.0,45.0,85.75,9.0,3858.0,2019-02-19,1645.0,5,6,105.0,S18_3856,Collectable Mini Designs Co.,7605558146,361 Furth Circle,San Diego,91217,USA,Thompson,Valarie,1
10249.0,46.0,121.75,5.0,5600.0,2019-05-08,1568.0,5,6,105.0,S18_3856,Cambridge Collectables Co.,6175555555,4658 Baden Av.,Cambridge,51247,USA,Tseng,Kyung,1
10262.0,34.0,120.69,14.0,4103.0,2019-06-24,1522.0,0,6,105.0,S18_3856,Euro Shopping Channel,(91) 555 94 44,"C/ Moralzarzal, 86",Madrid,28034,Spain,Freyre,Diego,1
10273.0,50.0,85.75,1.0,4287.0,2019-07-21,1496.0,5,6,105.0,S18_3856,Petit Auto,(02) 5554 67,Rue Joseph-Bens 532,Bruxelles,B-1180,Belgium,Dewey,Catherine,1
10283.0,46.0,125.99,3.0,5795.0,2019-08-20,1467.0,5,6,105.0,S18_3856,"Royal Canadian Collectables, Ltd.",(604) 555-4555,23 Tsawassen Blvd.,Tsawassen,T2F 8M4,Canada,Lincoln,Elizabeth,1
10296.0,22.0,84.7,12.0,1863.0,2019-09-15,1442.0,5,6,105.0,S18_3856,"Bavarian Collectables Imports, Co.",+49 89 61 08 9555,Hansastr. 15,Munich,80686,Germany,Donnermeyer,Michael,2
10307.0,48.0,86.81,6.0,4166.0,2019-10-14,1414.0,5,6,105.0,S18_3856,"Classic Gift Ideas, Inc",2155554695,782 First Street,Philadelphia,71270,USA,Cervantes,Francisca,1
10316.0,47.0,86.81,14.0,4080.0,2019-11-01,1397.0,5,6,105.0,S18_3856,giftsbymail.co.uk,(198) 555-8888,Garden House Crowther Way,Cowes,PO31 7PJ,UK,Bennett,Helen,1
10328.0,34.0,112.22,6.0,3815.0,2019-11-12,1387.0,5,6,105.0,S18_3856,Rovelli Gifts,035-640555,Via Ludovico il Moro 22,Bergamo,24100,Italy,Rovelli,Giovanni,1
10338.0,45.0,122.81,2.0,5526.0,2019-11-22,1378.0,5,6,105.0,S18_3856,Royale Belge,(071) 23 67 2555,"Boulevard Tirou, 255",Charleroi,B-6000,Belgium,Cartrain,Pascale,1
10351.0,20.0,168.73,2.0,3374.0,2019-12-03,1368.0,5,6,105.0,S18_3856,"Stylish Desk Decors, Co.",(171) 555-0297,35 King George,London,WX3 6FW,UK,Brown,Ann,1
10373.0,50.0,60.49,6.0,3024.0,2020-01-31,1310.0,5,6,105.0,S18_3856,"Oulu Toy Supplies, Inc.",981-443655,Torikatu 38,Oulu,90110,Finland,Koskitalo,Pirkko,1
10386.0,22.0,57.55,6.0,1266.0,2020-03-01,1281.0,4,6,105.0,S18_3856,Euro Shopping Channel,(91) 555 94 44,"C/ Moralzarzal, 86",Madrid,28034,Spain,Freyre,Diego,2
10398.0,45.0,106.93,17.0,4811.0,2020-03-30,1253.0,5,6,105.0,S18_3856,Reims Collectables,26.47.1555,59 rue de l'Abbaye,Reims,51100,France,Henriot,Paul,1
10400.0,58.0,125.99,6.0,7307.0,2020-04-01,1252.0,5,6,105.0,S18_3856,The Sharp Gifts Warehouse,4085553659,3086 Ingle Ln.,San Jose,94217,USA,Frick,Sue,0
10415.0,51.0,121.75,5.0,6209.0,2020-05-09,1215.0,1,6,105.0,S18_3856,"Australian Collectables, Ltd",61-9-3844-6555,7 Allen Street,Glen Waverly,3150,Australia,Connery,Sean,1
10104.0,38.0,140.75,3.0,5348.0,2018-01-31,2045.0,5,0,143.0,S18_4027,Euro Shopping Channel,(91) 555 94 44,"C/ Moralzarzal, 86",Madrid,28034,Spain,Freyre,Diego,1
10117.0,22.0,126.39,12.0,2780.0,2018-04-16,1971.0,5,0,143.0,S18_4027,"Dragon Souveniers, Ltd.",+65 221 7555,"Bronz Sok., Bronz Apt. 3/6 Tesvikiye",Singapore,79903,Singapore,Natividad,Eric,2
10127.0,25.0,137.88,5.0,3447.0,2018-06-03,1924.0,5,0,143.0,S18_4027,Muscle Machine Inc,2125557413,4092 Furth Circle,NYC,10022,USA,Young,Jeff,1
10142.0,24.0,157.98,15.0,3791.0,2018-08-08,1859.0,5,0,143.0,S18_4027,Mini Gifts Distributors Ltd.,4155551450,5677 Strong St.,San Rafael,97562,USA,Nelson,Valarie,1
10152.0,35.0,129.26,1.0,4524.0,2018-09-25,1812.0,5,0,143.0,S18_4027,"Australian Gift Network, Co",61-7-3844-6555,31 Duncan St. West End,South Brisbane,4101,Australia,Calaghan,Tony,1
10165.0,28.0,119.2,6.0,3337.0,2018-10-22,1786.0,5,0,143.0,S18_4027,"Dragon Souveniers, Ltd.",+65 221 7555,"Bronz Sok., Bronz Apt. 3/6 Tesvikiye",Singapore,79903,Singapore,Natividad,Eric,1
10176.0,36.0,153.67,5.0,5532.0,2018-11-06,1772.0,5,0,143.0,S18_4027,L'ordine Souveniers,0522-556555,Strada Provinciale 124,Reggio Emilia,42100,Italy,Moroni,Maurizio,1
10185.0,39.0,130.69,16.0,5096.0,2018-11-14,1765.0,5,0,143.0,S18_4027,Mini Creations Ltd.,5085559555,4575 Hillside Dr.,New Bedford,50553,USA,Tam,Wing C,1
10196.0,27.0,168.04,8.0,4537.0,2018-11-26,1754.0,5,0,143.0,S18_4027,Super Scale Inc.,2035559545,567 North Pendale Street,New Haven,97823,USA,Murphy,Leslie,1
10207.0,40.0,153.67,1.0,6146.0,2018-12-09,1742.0,5,0,143.0,S18_4027,Diecast Collectables,6175552555,6251 Ingle Ln.,Boston,51003,USA,Franco,Valarie,1
10220.0,50.0,165.16,5.0,7951.5,2019-02-12,1678.0,5,0,143.0,S18_4027,"Clover Collections, Co.",+353 1862 1555,25 Maiden Lane,Dublin,2,Ireland,Cassidy,Dean,0
10230.0,42.0,172.34,3.0,7238.0,2019-03-15,1648.0,5,0,143.0,S18_4027,"Blauer See Auto, Co.",+49 69 66 90 2555,Lyonerstr. 34,Frankfurt,60528,Germany,Keitel,Roland,0
10247.0,48.0,140.75,5.0,6756.0,2019-05-05,1598.0,5,0,143.0,S18_4027,Suominen Souveniers,+358 9 8045 555,"Software Engineering Center, SEC Oy",Espoo,FIN-02271,Finland,Suominen,Kalle,1
10272.0,25.0,149.36,5.0,3734.0,2019-07-20,1523.0,5,0,143.0,S18_4027,Diecast Classics Inc.,2155551555,7586 Pompton St.,Allentown,70267,USA,Yu,Kyung,1
10282.0,31.0,150.8,8.0,4674.0,2019-08-20,1493.0,5,0,143.0,S18_4027,Mini Gifts Distributors Ltd.,4155551450,5677 Strong St.,San Rafael,97562,USA,Nelson,Valarie,1
10292.0,44.0,162.29,2.0,7140.0,2019-09-08,1475.0,5,0,143.0,S18_4027,Land of Toys Inc.,2125557818,897 Long Airport Avenue,NYC,10022,USA,Yu,Kwai,0
10306.0,23.0,156.55,16.0,3600.0,2019-10-14,1440.0,5,0,143.0,S18_4027,"AV Stores, Co.",(171) 555-1555,Fauntleroy Circus,Manchester,EC2 5NT,UK,Ashworth,Victoria,1
10314.0,29.0,145.06,8.0,4206.0,2019-10-22,1433.0,5,0,143.0,S18_4027,Heintze Collectables,86 21 3555,Smagsloget 45,Aaarhus,8200,Denmark,Ibsen,Palle,1
10324.0,49.0,109.79,13.0,5379.0,2019-11-05,1420.0,5,0,143.0,S18_4027,Vitachrome Inc.,2125551500,2678 Kingston Rd.,NYC,10022,USA,Frick,Michael,1
10337.0,36.0,157.76,3.0,5679.0,2019-11-21,1405.0,5,0,143.0,S18_4027,Classic Legends Inc.,2125558493,5905 Pompton St.,NYC,10022,USA,Hernandez,Maria,1
10349.0,34.0,129.26,5.0,4394.0,2019-12-01,1396.0,5,0,143.0,S18_4027,Muscle Machine Inc,2125557413,4092 Furth Circle,NYC,10022,USA,Young,Jeff,1
10358.0,25.0,101.13,13.0,2528.0,2019-12-10,1388.0,5,0,143.0,S18_4027,Euro Shopping Channel,(91) 555 94 44,"C/ Moralzarzal, 86",Madrid,28034,Spain,Freyre,Diego,2
10372.0,48.0,146.49,6.0,7031.0,2020-01-26,1342.0,5,0,143.0,S18_4027,"Tokyo Collectables, Ltd",+81 3 3584 0555,2-2-8 Roppongi,Minato-ku,106-0032,Japan,Shimamura,Akiko,0
10383.0,38.0,140.55,1.0,5340.0,2020-02-22,1316.0,5,0,143.0,S18_4027,Euro Shopping Channel,(91) 555 94 44,"C/ Moralzarzal, 86",Madrid,28034,Spain,Freyre,Diego,1
10394.0,37.0,172.34,1.0,6376.0,2020-03-15,1295.0,5,0,143.0,S18_4027,Euro Shopping Channel,(91) 555 94 44,"C/ Moralzarzal, 86",Madrid,28034,Spain,Freyre,Diego,1
10413.0,49.0,140.75,5.0,6896.0,2020-05-05,1245.0,5,0,143.0,S18_4027,Gift Depot Inc.,2035552570,25593 South Bay Ln.,Bridgewater,97562,USA,King,Julie,1
10100.0,22.0,86.51,4.0,1903.0,2018-01-06,2096.0,5,6,92.0,S18_4409,Online Diecast Creations Co.,6035558647,2304 Long Airport Avenue,Nashua,62005,USA,Young,Valarie,2
10110.0,28.0,89.27,8.0,2499.0,2018-03-18,2026.0,5,6,92.0,S18_4409,"AV Stores, Co.",(171) 555-1555,Fauntleroy Circus,Manchester,EC2 5NT,UK,Ashworth,Victoria,2
10124.0,36.0,85.59,7.0,3081.0,2018-05-21,1963.0,5,6,92.0,S18_4409,Signal Gift Stores,7025551838,8489 Strong St.,Las Vegas,83030,USA,King,Sue,1
10148.0,34.0,105.83,1.0,3598.0,2018-09-11,1851.0,5,6,92.0,S18_4409,"Anna's Decorations, Ltd",02 9936 8555,201 Miller Street,North Sydney,2060,Australia,O'Hara,Anna,1
10173.0,21.0,75.46,14.0,1584.0,2018-11-05,1797.0,5,6,92.0,S18_4409,Rovelli Gifts,035-640555,Via Ludovico il Moro 22,Bergamo,24100,Italy,Rovelli,Giovanni,2
10182.0,36.0,109.52,11.0,3942.0,2018-11-12,1791.0,5,6,92.0,S18_4409,Mini Gifts Distributors Ltd.,4155551450,5677 Strong St.,San Rafael,97562,USA,Nelson,Valarie,1
10193.0,24.0,97.55,15.0,2341.0,2018-11-21,1783.0,5,6,92.0,S18_4409,"Australian Collectables, Ltd",61-9-3844-6555,7 Allen Street,Glen Waverly,3150,Australia,Connery,Sean,2
10204.0,29.0,85.59,5.0,2482.0,2018-12-02,1773.0,5,6,92.0,S18_4409,Muscle Machine Inc,2125557413,4092 Furth Circle,NYC,10022,USA,Young,Jeff,2
10213.0,38.0,94.79,1.0,3602.0,2019-01-22,1723.0,5,6,92.0,S18_4409,"Double Decker Gift Stores, Ltd",(171) 555-7555,120 Hanover Sq.,London,WA1 1DP,UK,Hardy,Thomas,1
10227.0,34.0,104.91,11.0,3566.0,2019-03-02,1685.0,5,6,92.0,S18_4409,"Saveley & Henriot, Co.",78.32.5555,"2, rue du Commerce",Lyon,69004,France,Saveley,Mary,1
10241.0,42.0,90.19,3.0,3787.0,2019-04-13,1644.0,5,6,92.0,S18_4409,Mini Caravy,88.60.1555,"24, place Kluber",Strasbourg,67000,France,Citeaux,Frederique,1
10280.0,35.0,105.83,17.0,3704.0,2019-08-17,1519.0,5,6,92.0,S18_4409,Amica Models & Co.,011-4988555,Via Monte Bianco 34,Torino,10100,Italy,Accorti,Paolo,1
10288.0,35.0,80.99,6.0,2834.0,2019-09-01,1505.0,5,6,92.0,S18_4409,Handji Gifts& Co,+65 224 1555,Village Close - 106 Linden Road Sandown,Singapore,69045,Singapore,Victorino,Wendy,2
10302.0,38.0,89.27,2.0,3392.0,2018-10-06,1836.0,5,6,92.0,S18_4409,"UK Collectables, Ltd.",(171) 555-2282,Berkeley Gardens 12  Brewery,Liverpool,WX1 6LT,UK,Devon,Elizabeth,1
10311.0,41.0,81.91,1.0,3358.0,2019-10-16,1462.0,5,6,92.0,S18_4409,Euro Shopping Channel,(91) 555 94 44,"C/ Moralzarzal, 86",Madrid,28034,Spain,Freyre,Diego,1
10332.0,50.0,146.2,2.0,7310.0,2019-11-17,1431.0,5,6,92.0,S18_4409,"AV Stores, Co.",(171) 555-1555,Fauntleroy Circus,Manchester,EC2 5NT,UK,Ashworth,Victoria,0
10344.0,21.0,104.91,4.0,2203.0,2019-11-25,1424.0,5,6,92.0,S18_4409,Marseille Mini Autos,91.24.4555,"12, rue des Bouchers",Marseille,13008,France,Lebihan,Laurence,2
10367.0,43.0,62.72,8.0,2696.0,2020-01-12,1377.0,4,6,92.0,S18_4409,Toys4GrownUps.com,6265557265,78934 Hillside Dr.,Pasadena,90003,USA,Young,Julie,2
10380.0,32.0,105.52,1.0,3376.0,2020-02-16,1343.0,5,6,92.0,S18_4409,Euro Shopping Channel,(91) 555 94 44,"C/ Moralzarzal, 86",Madrid,28034,Spain,Freyre,Diego,1
10407.0,6.0,90.19,3.0,541.0,2020-04-22,1278.0,3,6,92.0,S18_4409,The Sharp Gifts Warehouse,4085553659,3086 Ingle Ln.,San Jose,94217,USA,Frick,Sue,2
10420.0,66.0,92.95,6.0,6134.0,2020-05-29,1242.0,2,6,92.0,S18_4409,Souveniers And Things Co.,+61 2 9495 8555,"Monitor Money Building, 815 Pacific Hwy",Chatswood,2067,Australia,Huxley,Adrian,1
10105.0,41.0,82.5,10.0,3382.0,2018-02-11,2081.0,5,6,87.0,S18_4522,Danish Wholesale Imports,31 12 3555,Vinb'ltet 34,Kobenhavn,1734,Denmark,Petersen,Jytte,1
10117.0,23.0,97.42,4.0,2240.0,2018-04-16,2018.0,5,6,87.0,S18_4522,"Dragon Souveniers, Ltd.",+65 221 7555,"Bronz Sok., Bronz Apt. 3/6 Tesvikiye",Singapore,79903,Singapore,Natividad,Eric,2
10128.0,43.0,92.16,1.0,3962.0,2018-06-06,1968.0,5,6,87.0,S18_4522,Euro Shopping Channel,(91) 555 94 44,"C/ Moralzarzal, 86",Madrid,28034,Spain,Freyre,Diego,1
10142.0,24.0,70.22,7.0,1685.0,2018-08-08,1906.0,5,6,87.0,S18_4522,Mini Gifts Distributors Ltd.,4155551450,5677 Strong St.,San Rafael,97562,USA,Nelson,Valarie,2
10153.0,22.0,83.38,6.0,1834.0,2018-09-28,1856.0,5,6,87.0,S18_4522,Euro Shopping Channel,(91) 555 94 44,"C/ Moralzarzal, 86",Madrid,28034,Spain,Freyre,Diego,2
10166.0,26.0,73.73,1.0,1916.0,2018-10-21,1834.0,5,6,87.0,S18_4522,FunGiftIdeas.com,5085552555,1785 First Street,New Bedford,50553,USA,Benitez,Violeta,2
10177.0,35.0,74.6,8.0,2611.0,2018-11-07,1818.0,5,6,87.0,S18_4522,CAF Imports,+34 913 728 555,"Merchants House, 27-30 Merchant's Quay",Madrid,28023,Spain,Fernandez,Jesus,2
10185.0,47.0,77.24,8.0,3630.0,2018-11-14,1812.0,5,6,87.0,S18_4522,Mini Creations Ltd.,5085559555,4575 Hillside Dr.,New Bedford,50553,USA,Tam,Wing C,1
10197.0,50.0,101.81,14.0,5090.0,2018-11-26,1801.0,5,6,87.0,S18_4522,Enaco Distributors,(93) 203 4555,"Rambla de Catalu¤a, 23",Barcelona,8022,Spain,Saavedra,Eduardo,1
10208.0,45.0,87.77,8.0,3949.0,2019-01-02,1765.0,5,6,87.0,S18_4522,"Saveley & Henriot, Co.",78.32.5555,"2, rue du Commerce",Lyon,69004,France,Saveley,Mary,1
10221.0,39.0,89.53,2.0,3491.0,2019-02-18,1719.0,5,6,87.0,S18_4522,Petit Auto,(02) 5554 67,Rue Joseph-Bens 532,Bruxelles,B-1180,Belgium,Dewey,Catherine,1
10232.0,23.0,89.53,5.0,2059.0,2019-03-20,1690.0,5,6,87.0,S18_4522,giftsbymail.co.uk,(198) 555-8888,Garden House Crowther Way,Cowes,PO31 7PJ,UK,Bennett,Helen,2
10248.0,42.0,75.48,11.0,3170.0,2019-05-07,1643.0,0,6,87.0,S18_4522,Land of Toys Inc.,2125557818,897 Long Airport Avenue,NYC,10022,USA,Yu,Kwai,1
10261.0,20.0,89.53,9.0,1790.0,2019-06-17,1603.0,5,6,87.0,S18_4522,Quebec Home Shopping Network,(514) 555-8054,43 rue St. Laurent,Montreal,H1J 1C3,Canada,Fresnisre,Jean,2
10273.0,33.0,71.09,12.0,2345.0,2019-07-21,1570.0,5,6,87.0,S18_4522,Petit Auto,(02) 5554 67,Rue Joseph-Bens 532,Bruxelles,B-1180,Belgium,Dewey,Catherine,2
10283.0,34.0,105.32,14.0,3580.0,2019-08-20,1541.0,5,6,87.0,S18_4522,"Royal Canadian Collectables, Ltd.",(604) 555-4555,23 Tsawassen Blvd.,Tsawassen,T2F 8M4,Canada,Lincoln,Elizabeth,1
10293.0,49.0,100.94,3.0,4946.0,2019-09-09,1522.0,5,6,87.0,S18_4522,Amica Models & Co.,011-4988555,Via Monte Bianco 34,Torino,10100,Italy,Accorti,Paolo,1
10306.0,39.0,90.4,8.0,3525.0,2019-10-14,1488.0,5,6,87.0,S18_4522,"AV Stores, Co.",(171) 555-1555,Fauntleroy Circus,Manchester,EC2 5NT,UK,Ashworth,Victoria,1
10315.0,36.0,100.06,7.0,3602.0,2019-10-29,1474.0,5,6,87.0,S18_4522,La Rochelle Gifts,40.67.8555,"67, rue des Cinquante Otages",Nantes,44000,France,Labrune,Janine,1
10326.0,50.0,86.01,5.0,4300.0,2019-11-09,1464.0,5,6,87.0,S18_4522,"Volvo Model Replicas, Co",0921-12 3555,Berguvsvgen  8,Lule,S-958 22,Sweden,Berglund,Christina,1
10337.0,29.0,155.11,2.0,4498.0,2019-11-21,1453.0,5,6,87.0,S18_4522,Classic Legends Inc.,2125558493,5905 Pompton St.,NYC,10022,USA,Hernandez,Maria,1
10350.0,30.0,100.77,3.0,3023.0,2019-12-02,1443.0,5,6,87.0,S18_4522,Euro Shopping Channel,(91) 555 94 44,"C/ Moralzarzal, 86",Madrid,28034,Spain,Freyre,Diego,1
10372.0,41.0,86.89,7.0,3562.0,2020-01-26,1389.0,5,6,87.0,S18_4522,"Tokyo Collectables, Ltd",+81 3 3584 0555,2-2-8 Roppongi,Minato-ku,106-0032,Japan,Shimamura,Akiko,1
10383.0,28.0,58.58,7.0,1640.0,2020-02-22,1363.0,5,6,87.0,S18_4522,Euro Shopping Channel,(91) 555 94 44,"C/ Moralzarzal, 86",Madrid,28034,Spain,Freyre,Diego,2
10396.0,45.0,105.32,5.0,4739.0,2020-03-23,1334.0,5,6,87.0,S18_4522,Mini Gifts Distributors Ltd.,4155551450,5677 Strong St.,San Rafael,97562,USA,Nelson,Valarie,1
10414.0,16.0,75.48,11.0,1207.0,2020-05-06,1291.0,3,6,87.0,S18_4522,Gifts4AllAges.com,6175559555,8616 Spinnaker Dr.,Boston,51003,USA,Yoshido,Juri,2
10103.0,36.0,117.45,5.0,4228.0,2018-01-29,2120.0,5,5,121.0,S18_4600,Baane Mini Imports,07-98 9555,Erling Skakkes gate 78,Stavern,4110,Norway,Bergulfsen,Jonas,1
10114.0,41.0,117.45,9.0,4815.0,2018-04-01,2059.0,5,5,121.0,S18_4600,"La Corne D'abondance, Co.",(1) 42.34.2555,"265, boulevard Charonne",Paris,75012,France,Bertrand,Marie,1
10126.0,50.0,141.66,5.0,7083.0,2018-05-28,2003.0,5,5,121.0,S18_4600,"Corrida Auto Replicas, Ltd",(91) 555 22 82,"C/ Araquil, 67",Madrid,28023,Spain,Sommer,Mart¡n,0
10140.0,40.0,115.03,5.0,4601.0,2018-07-24,1947.0,5,5,121.0,S18_4600,Technics Stores Inc.,6505556809,9408 Furth Circle,Burlingame,94217,USA,Hirano,Juri,1
10150.0,49.0,131.98,2.0,6467.0,2018-09-19,1891.0,5,5,121.0,S18_4600,"Dragon Souveniers, Ltd.",+65 221 7555,"Bronz Sok., Bronz Apt. 3/6 Tesvikiye",Singapore,79903,Singapore,Natividad,Eric,1
10164.0,45.0,111.39,3.0,5012.0,2018-10-21,1860.0,4,5,121.0,S18_4600,Mini Auto Werke,7675-3555,Kirchgasse 6,Graz,8010,Austria,Mendel,Roland,1
10175.0,47.0,108.97,10.0,5121.0,2018-11-06,1845.0,5,5,121.0,S18_4600,"Stylish Desk Decors, Co.",(171) 555-0297,35 King George,London,WX3 6FW,UK,Brown,Ann,1
10183.0,21.0,116.24,2.0,2441.0,2018-11-13,1839.0,5,5,121.0,S18_4600,"Classic Gift Ideas, Inc",2155554695,782 First Street,Philadelphia,71270,USA,Cervantes,Francisca,2
10194.0,32.0,133.19,5.0,4262.0,2018-11-25,1828.0,5,5,121.0,S18_4600,"Saveley & Henriot, Co.",78.32.5555,"2, rue du Commerce",Lyon,69004,France,Saveley,Mary,1
10207.0,47.0,141.66,16.0,6658.0,2018-12-09,1815.0,5,5,121.0,S18_4600,Diecast Collectables,6175552555,6251 Ingle Ln.,Boston,51003,USA,Franco,Valarie,1
10217.0,38.0,118.66,5.0,4509.0,2019-02-04,1759.0,5,5,121.0,S18_4600,Handji Gifts& Co,+65 224 1555,Village Close - 106 Linden Road Sandown,Singapore,69045,Singapore,Victorino,Wendy,1
10229.0,41.0,115.03,10.0,4716.0,2019-03-11,1725.0,5,5,121.0,S18_4600,Mini Gifts Distributors Ltd.,4155551450,5677 Strong St.,San Rafael,97562,USA,Nelson,Valarie,1
10245.0,21.0,113.82,3.0,2390.0,2019-05-04,1672.0,5,5,121.0,S18_4600,Super Scale Inc.,2035559545,567 North Pendale Street,New Haven,97823,USA,Murphy,Leslie,2
10259.0,41.0,113.82,13.0,4666.0,2019-06-15,1631.0,5,5,121.0,S18_4600,Handji Gifts& Co,+65 224 1555,Village Close - 106 Linden Road Sandown,Singapore,69045,Singapore,Victorino,Wendy,1
10270.0,38.0,141.66,3.0,5383.0,2019-07-19,1598.0,5,5,121.0,S18_4600,Souveniers And Things Co.,+61 2 9495 8555,"Monitor Money Building, 815 Pacific Hwy",Chatswood,2067,Australia,Huxley,Adrian,1
10281.0,25.0,99.29,10.0,2482.0,2019-08-19,1568.0,5,5,121.0,S18_4600,Diecast Classics Inc.,2155551555,7586 Pompton St.,Allentown,70267,USA,Yu,Kyung,2
10291.0,48.0,110.18,5.0,5288.0,2019-09-08,1549.0,5,5,121.0,S18_4600,Scandinavian Gift Ideas,0695-34 6555,?kergatan 24,Boras,S-844 67,Sweden,Larsson,Maria,1
10305.0,22.0,99.29,14.0,2184.0,2019-10-13,1515.0,5,5,121.0,S18_4600,Marta's Replicas Co.,6175558555,39323 Spinnaker Dr.,Cambridge,51247,USA,Hernandez,Marta,2
10313.0,28.0,102.92,8.0,2881.0,2019-10-22,1507.0,5,5,121.0,S18_4600,Canadian Gift Exchange Network,(604) 555-3392,1900 Oak St.,Vancouver,V3F 2K1,Canada,Tannamuri,Yoshi,2
10323.0,47.0,131.98,1.0,6203.0,2019-11-05,1494.0,5,5,121.0,S18_4600,"Blauer See Auto, Co.",+49 69 66 90 2555,Lyonerstr. 34,Frankfurt,60528,Germany,Keitel,Roland,1
10334.0,49.0,138.03,4.0,6763.0,2019-11-19,1481.0,3,5,121.0,S18_4600,"Volvo Model Replicas, Co",0921-12 3555,Berguvsvgen  8,Lule,S-958 22,Sweden,Berglund,Christina,1
10347.0,45.0,130.77,4.0,5884.0,2019-11-29,1472.0,5,5,121.0,S18_4600,"Australian Collectors, Co.",03 9520 4555,636 St Kilda Road,Melbourne,3004,Australia,Ferguson,Peter,1
10357.0,28.0,127.13,2.0,3559.0,2019-12-10,1462.0,5,5,121.0,S18_4600,Mini Gifts Distributors Ltd.,4155551450,5677 Strong St.,San Rafael,97562,USA,Nelson,Valarie,1
10370.0,29.0,57.53,6.0,1668.0,2020-01-20,1422.0,5,5,121.0,S18_4600,"Anna's Decorations, Ltd",02 9936 8555,201 Miller Street,North Sydney,2060,Australia,O'Hara,Anna,2
10382.0,39.0,125.4,1.0,4890.0,2020-02-17,1395.0,5,5,121.0,S18_4600,Mini Gifts Distributors Ltd.,4155551450,5677 Strong St.,San Rafael,97562,USA,Nelson,Valarie,1
10411.0,46.0,113.82,3.0,5235.0,2020-05-01,1322.0,5,5,121.0,S18_4600,Quebec Home Shopping Network,(514) 555-8054,43 rue St. Laurent,Montreal,H1J 1C3,Canada,Fresnisre,Jean,1
10425.0,38.0,113.82,13.0,4325.0,2020-05-31,1293.0,2,5,121.0,S18_4600,La Rochelle Gifts,40.67.8555,"67, rue des Cinquante Otages",Nantes,44000,France,Labrune,Janine,1
10103.0,41.0,47.29,9.0,1938.0,2018-01-29,2147.0,5,6,50.0,S18_4668,Baane Mini Imports,07-98 9555,Erling Skakkes gate 78,Stavern,4110,Norway,Bergulfsen,Jonas,2
10113.0,50.0,49.81,3.0,2490.0,2018-03-26,2092.0,5,6,50.0,S18_4668,Mini Gifts Distributors Ltd.,4155551450,5677 Strong St.,San Rafael,97562,USA,Nelson,Valarie,2
10126.0,43.0,53.83,9.0,2314.0,2018-05-28,2030.0,5,6,50.0,S18_4668,"Corrida Auto Replicas, Ltd",(91) 555 22 82,"C/ Araquil, 67",Madrid,28023,Spain,Sommer,Mart¡n,2
10140.0,29.0,43.27,9.0,1254.0,2018-07-24,1974.0,5,6,50.0,S18_4668,Technics Stores Inc.,6505556809,9408 Furth Circle,Burlingame,94217,USA,Hirano,Juri,2
10150.0,30.0,42.76,6.0,1282.0,2018-09-19,1918.0,5,6,50.0,S18_4668,"Dragon Souveniers, Ltd.",+65 221 7555,"Bronz Sok., Bronz Apt. 3/6 Tesvikiye",Singapore,79903,Singapore,Natividad,Eric,2
10164.0,25.0,53.83,7.0,1345.0,2018-10-21,1887.0,4,6,50.0,S18_4668,Mini Auto Werke,7675-3555,Kirchgasse 6,Graz,8010,Austria,Mendel,Roland,2
10174.0,49.0,44.78,2.0,2194.0,2018-11-06,1872.0,5,6,50.0,S18_4668,"Australian Gift Network, Co",61-7-3844-6555,31 Duncan St. West End,South Brisbane,4101,Australia,Calaghan,Tony,2
10183.0,40.0,49.3,6.0,1972.0,2018-11-13,1866.0,5,6,50.0,S18_4668,"Classic Gift Ideas, Inc",2155554695,782 First Street,Philadelphia,71270,USA,Cervantes,Francisca,2
10194.0,41.0,44.78,9.0,1835.0,2018-11-25,1855.0,5,6,50.0,S18_4668,"Saveley & Henriot, Co.",78.32.5555,"2, rue du Commerce",Lyon,69004,France,Saveley,Mary,2
10206.0,21.0,53.33,4.0,1119.0,2018-12-05,1846.0,5,6,50.0,S18_4668,Canadian Gift Exchange Network,(604) 555-3392,1900 Oak St.,Vancouver,V3F 2K1,Canada,Tannamuri,Yoshi,2
10215.0,46.0,45.28,1.0,2082.0,2019-01-29,1792.0,5,6,50.0,S18_4668,West Coast Collectables Co.,3105553722,3675 Furth Circle,Burbank,94019,USA,Thompson,Steve,2
10229.0,39.0,40.25,14.0,1569.0,2019-03-11,1752.0,5,6,50.0,S18_4668,Mini Gifts Distributors Ltd.,4155551450,5677 Strong St.,San Rafael,97562,USA,Nelson,Valarie,2
10245.0,45.0,59.87,7.0,2694.0,2019-05-04,1699.0,5,6,50.0,S18_4668,Super Scale Inc.,2035559545,567 North Pendale Street,New Haven,97823,USA,Murphy,Leslie,2
10258.0,21.0,59.87,4.0,1257.0,2019-06-15,1658.0,5,6,50.0,S18_4668,"Tokyo Collectables, Ltd",+81 3 3584 0555,2-2-8 Roppongi,Minato-ku,106-0032,Japan,Shimamura,Akiko,2
10270.0,44.0,58.36,7.0,2567.0,2019-07-19,1625.0,5,6,50.0,S18_4668,Souveniers And Things Co.,+61 2 9495 8555,"Monitor Money Building, 815 Pacific Hwy",Chatswood,2067,Australia,Huxley,Adrian,2
10281.0,44.0,59.87,14.0,2634.0,2019-08-19,1595.0,5,6,50.0,S18_4668,Diecast Classics Inc.,2155551555,7586 Pompton St.,Allentown,70267,USA,Yu,Kyung,2
10291.0,29.0,51.82,9.0,1502.0,2019-09-08,1576.0,5,6,50.0,S18_4668,Scandinavian Gift Ideas,0695-34 6555,?kergatan 24,Boras,S-844 67,Sweden,Larsson,Maria,2
10304.0,34.0,49.3,4.0,1676.0,2019-10-11,1544.0,5,6,50.0,S18_4668,Auto Assoc. & Cie.,30.59.8555,"67, avenue de l'Europe",Versailles,78000,France,Tonini,Daniel,2
10312.0,39.0,56.85,1.0,2217.0,2019-10-21,1535.0,5,6,50.0,S18_4668,Mini Gifts Distributors Ltd.,4155551450,5677 Strong St.,San Rafael,97562,USA,Nelson,Valarie,2
10324.0,38.0,179.79,6.0,6832.0,2019-11-05,1521.0,5,6,50.0,S18_4668,Vitachrome Inc.,2125551500,2678 Kingston Rd.,NYC,10022,USA,Frick,Michael,1
10348.0,29.0,214.6325,6.0,7110.0,2019-11-01,1526.0,5,6,50.0,S18_4668,"Corrida Auto Replicas, Ltd",(91) 555 22 82,"C/ Araquil, 67",Madrid,28023,Spain,Sommer,Mart¡n,0
10358.0,30.0,176.76,8.0,5302.0,2019-12-10,1488.0,5,6,50.0,S18_4668,Euro Shopping Channel,(91) 555 94 44,"C/ Moralzarzal, 86",Madrid,28034,Spain,Freyre,Diego,1
10370.0,20.0,136.5,2.0,2730.0,2020-01-20,1448.0,5,6,50.0,S18_4668,"Anna's Decorations, Ltd",02 9936 8555,201 Miller Street,North Sydney,2060,Australia,O'Hara,Anna,2
10382.0,39.0,200.7,2.0,7827.0,2020-02-17,1421.0,5,6,50.0,S18_4668,Mini Gifts Distributors Ltd.,4155551450,5677 Strong St.,San Rafael,97562,USA,Nelson,Valarie,0
10411.0,35.0,59.87,7.0,2095.0,2020-05-01,1348.0,5,6,50.0,S18_4668,Quebec Home Shopping Network,(514) 555-8054,43 rue St. Laurent,Montreal,H1J 1C3,Canada,Fresnisre,Jean,2
10424.0,26.0,59.87,4.0,1556.0,2020-05-31,1319.0,2,6,50.0,S18_4668,Euro Shopping Channel,(91) 555 94 44,"C/ Moralzarzal, 86",Madrid,28034,Spain,Freyre,Diego,2
10108.0,44.0,126.48,11.0,5565.0,2018-03-03,2140.0,5,0,148.0,S18_4721,Cruz & Sons Co.,+63 2 555 3587,15 McCallum Street - NatWest Center #13-03,Makati City,1227 MM,Philippines,Cruz,Arnold,1
10122.0,28.0,127.97,15.0,3583.0,2018-05-08,2075.0,5,0,148.0,S18_4721,Marseille Mini Autos,91.24.4555,"12, rue des Bouchers",Marseille,13008,France,Lebihan,Laurence,1
10135.0,31.0,151.78,12.0,4705.0,2018-07-02,2021.0,5,0,148.0,S18_4721,Mini Gifts Distributors Ltd.,4155551450,5677 Strong St.,San Rafael,97562,USA,Nelson,Valarie,1
10146.0,29.0,153.26,1.0,4444.0,2018-09-03,1959.0,5,0,148.0,S18_4721,Gift Ideas Corp.,2035554407,2440 Pompton St.,Glendale,97561,USA,Lewis,Dan,1
10169.0,33.0,148.8,7.0,4910.0,2018-11-04,1898.0,5,0,148.0,S18_4721,"Anna's Decorations, Ltd",02 9936 8555,201 Miller Street,North Sydney,2060,Australia,O'Hara,Anna,1
10180.0,44.0,126.48,2.0,5565.0,2018-11-11,1892.0,5,0,148.0,S18_4721,Daedalus Designs Imports,20.16.1555,"184, chausse de Tournai",Lille,59000,France,Rance,Martine,1
10191.0,32.0,132.43,8.0,4237.0,2018-11-20,1884.0,5,0,148.0,S18_4721,"Toms Spezialitten, Ltd",0221-5554327,Mehrheimerstr. 369,Koln,50739,Germany,Pfalzheim,Henriette,1
10211.0,41.0,138.38,7.0,5673.0,2019-01-15,1829.0,5,0,148.0,S18_4721,Auto Canal Petit,(1) 47.55.6555,"25, rue Lauriston",Paris,75016,France,Perrier,Dominique,1
10225.0,35.0,150.29,14.0,5260.0,2019-02-22,1792.0,5,0,148.0,S18_4721,"Vida Sport, Ltd",0897-034555,Grenzacherweg 237,Gensve,1203,Switzerland,Holz,Michael,1
10238.0,44.0,144.34,8.0,6350.0,2019-04-09,1747.0,5,0,148.0,S18_4721,Danish Wholesale Imports,31 12 3555,Vinb'ltet 34,Kobenhavn,1734,Denmark,Petersen,Jytte,1
10252.0,26.0,136.9,4.0,3559.0,2019-05-26,1701.0,5,0,148.0,S18_4721,Auto Canal Petit,(1) 47.55.6555,"25, rue Lauriston",Paris,75016,France,Perrier,Dominique,1
10264.0,20.0,120.53,2.0,2410.0,2019-06-30,1667.0,5,0,148.0,S18_4721,Gifts4AllAges.com,6175559555,8616 Spinnaker Dr.,Boston,51003,USA,Yoshido,Juri,2
10276.0,48.0,119.04,8.0,5713.0,2019-08-02,1635.0,5,0,148.0,S18_4721,Online Mini Collectables,6175557555,7635 Spinnaker Dr.,Brickhaven,58339,USA,Barajas,Miguel,1
10287.0,34.0,126.48,17.0,4300.0,2019-08-30,1608.0,5,0,148.0,S18_4721,"Vida Sport, Ltd",0897-034555,Grenzacherweg 237,Gensve,1203,Switzerland,Holz,Michael,1
10299.0,49.0,162.19,2.0,7947.0,2019-09-30,1578.0,5,0,148.0,S18_4721,"Toys of Finland, Co.",90-224 8555,Keskuskatu 45,Helsinki,21240,Finland,Karttunen,Matti,0
10310.0,40.0,133.92,15.0,5356.0,2019-10-16,1563.0,5,0,148.0,S18_4721,"Toms Spezialitten, Ltd",0221-5554327,Mehrheimerstr. 369,Koln,50739,Germany,Pfalzheim,Henriette,1
10319.0,45.0,175.58,3.0,7901.0,2019-11-03,1546.0,5,0,148.0,S18_4721,Microscale Inc.,2125551957,5290 North Pendale Street,NYC,10022,USA,Kuo,Kee,0
10330.0,50.0,122.02,4.0,6101.0,2019-11-16,1534.0,5,0,148.0,S18_4721,Cruz & Sons Co.,+63 2 555 3587,15 McCallum Street - NatWest Center #13-03,Makati City,1227 MM,Philippines,Cruz,Arnold,1
10342.0,38.0,165.17,11.0,6276.0,2019-11-24,1527.0,5,0,148.0,S18_4721,"Australian Collectors, Co.",03 9520 4555,636 St Kilda Road,Melbourne,3004,Australia,Ferguson,Peter,1
10355.0,25.0,168.14,2.0,4203.0,2019-12-07,1515.0,5,0,148.0,S18_4721,Euro Shopping Channel,(91) 555 94 44,"C/ Moralzarzal, 86",Madrid,28034,Spain,Freyre,Diego,1
10363.0,28.0,58.18,13.0,1629.0,2020-01-06,1486.0,5,0,148.0,S18_4721,Suominen Souveniers,+358 9 8045 555,"Software Engineering Center, SEC Oy",Espoo,FIN-02271,Finland,Suominen,Kalle,2
10378.0,49.0,67.14,8.0,3289.0,2020-02-10,1452.0,5,0,148.0,S18_4721,Euro Shopping Channel,(91) 555 94 44,"C/ Moralzarzal, 86",Madrid,28034,Spain,Freyre,Diego,1
10390.0,49.0,140.06,3.0,6862.0,2020-03-04,1430.0,5,0,148.0,S18_4721,Mini Gifts Distributors Ltd.,4155551450,5677 Strong St.,San Rafael,97562,USA,Nelson,Valarie,1
10110.0,42.0,61.29,9.0,2574.0,2018-03-18,2148.0,5,0,71.0,S18_4933,"AV Stores, Co.",(171) 555-1555,Fauntleroy Circus,Manchester,EC2 5NT,UK,Ashworth,Victoria,2
10124.0,23.0,57.73,8.0,1327.0,2018-05-21,2085.0,5,0,71.0,S18_4933,Signal Gift Stores,7025551838,8489 Strong St.,Las Vegas,83030,USA,King,Sue,2
10148.0,29.0,81.25,2.0,2356.0,2018-09-11,1973.0,5,0,71.0,S18_4933,"Anna's Decorations, Ltd",02 9936 8555,201 Miller Street,North Sydney,2060,Australia,O'Hara,Anna,2
10161.0,25.0,80.54,1.0,2013.0,2018-10-17,1938.0,5,0,71.0,S18_4933,Heintze Collectables,86 21 3555,Smagsloget 45,Aaarhus,8200,Denmark,Ibsen,Palle,2
10173.0,39.0,71.98,15.0,2807.0,2018-11-05,1920.0,5,0,71.0,S18_4933,Rovelli Gifts,035-640555,Via Ludovico il Moro 22,Bergamo,24100,Italy,Rovelli,Giovanni,2
10182.0,44.0,69.84,12.0,3072.0,2018-11-12,1914.0,5,0,71.0,S18_4933,Mini Gifts Distributors Ltd.,4155551450,5677 Strong St.,San Rafael,97562,USA,Nelson,Valarie,1
10193.0,25.0,76.26,16.0,1906.0,2018-11-21,1906.0,5,0,71.0,S18_4933,"Australian Collectables, Ltd",61-9-3844-6555,7 Allen Street,Glen Waverly,3150,Australia,Connery,Sean,2
10204.0,45.0,76.26,6.0,3431.0,2018-12-02,1896.0,5,0,71.0,S18_4933,Muscle Machine Inc,2125557413,4092 Furth Circle,NYC,10022,USA,Young,Jeff,1
10213.0,25.0,83.39,2.0,2084.0,2019-01-22,1846.0,5,0,71.0,S18_4933,"Double Decker Gift Stores, Ltd",(171) 555-7555,120 Hanover Sq.,London,WA1 1DP,UK,Hardy,Thomas,2
10227.0,37.0,57.73,12.0,2136.0,2019-03-02,1808.0,5,0,71.0,S18_4933,"Saveley & Henriot, Co.",78.32.5555,"2, rue du Commerce",Lyon,69004,France,Saveley,Mary,2
10241.0,30.0,66.99,4.0,2009.0,2019-04-13,1767.0,5,0,71.0,S18_4933,Mini Caravy,88.60.1555,"24, place Kluber",Strasbourg,67000,France,Citeaux,Frederique,2
10267.0,36.0,75.55,1.0,2719.0,2019-07-07,1683.0,5,0,71.0,S18_4933,Muscle Machine Inc,2125557413,4092 Furth Circle,NYC,10022,USA,Young,Jeff,2
10279.0,26.0,60.58,1.0,1575.0,2019-08-09,1651.0,5,0,71.0,S18_4933,Euro Shopping Channel,(91) 555 94 44,"C/ Moralzarzal, 86",Madrid,28034,Spain,Freyre,Diego,2
10288.0,23.0,73.41,7.0,1688.0,2019-09-01,1629.0,5,0,71.0,S18_4933,Handji Gifts& Co,+65 224 1555,Village Close - 106 Linden Road Sandown,Singapore,69045,Singapore,Victorino,Wendy,2
10302.0,23.0,72.7,3.0,1672.0,2018-10-06,1960.0,5,0,71.0,S18_4933,"UK Collectables, Ltd.",(171) 555-2282,Berkeley Gardens 12  Brewery,Liverpool,WX1 6LT,UK,Devon,Elizabeth,2
10311.0,25.0,66.99,2.0,1674.0,2019-10-16,1586.0,5,0,71.0,S18_4933,Euro Shopping Channel,(91) 555 94 44,"C/ Moralzarzal, 86",Madrid,28034,Spain,Freyre,Diego,2
10332.0,21.0,165.38,3.0,3472.0,2019-11-17,1555.0,5,0,71.0,S18_4933,"AV Stores, Co.",(171) 555-1555,Fauntleroy Circus,Manchester,EC2 5NT,UK,Ashworth,Victoria,1
10344.0,26.0,63.43,5.0,1649.0,2019-11-25,1548.0,5,0,71.0,S18_4933,Marseille Mini Autos,91.24.4555,"12, rue des Bouchers",Marseille,13008,France,Lebihan,Laurence,2
10367.0,44.0,85.25,9.0,3751.0,2020-01-12,1501.0,4,0,71.0,S18_4933,Toys4GrownUps.com,6265557265,78934 Hillside Dr.,Pasadena,90003,USA,Young,Julie,1
10380.0,24.0,189.0,2.0,4536.0,2020-02-16,1467.0,5,0,71.0,S18_4933,Euro Shopping Channel,(91) 555 94 44,"C/ Moralzarzal, 86",Madrid,28034,Spain,Freyre,Diego,1
10407.0,66.0,66.99,4.0,4421.0,2020-04-22,1402.0,3,0,71.0,S18_4933,The Sharp Gifts Warehouse,4085553659,3086 Ingle Ln.,San Jose,94217,USA,Frick,Sue,1
10420.0,36.0,57.73,7.0,2078.0,2020-05-29,1366.0,2,0,71.0,S18_4933,Souveniers And Things Co.,+61 2 9495 8555,"Monitor Money Building, 815 Pacific Hwy",Chatswood,2067,Australia,Huxley,Adrian,2
10110.0,36.0,85.25,13.0,3069.0,2018-03-18,2170.0,5,0,73.0,S24_1046,"AV Stores, Co.",(171) 555-1555,Fauntleroy Circus,Manchester,EC2 5NT,UK,Ashworth,Victoria,1
10124.0,22.0,77.9,12.0,1713.0,2018-05-21,2107.0,5,0,73.0,S24_1046,Signal Gift Stores,7025551838,8489 Strong St.,Las Vegas,83030,USA,King,Sue,2
10148.0,25.0,60.26,6.0,1506.0,2018-09-11,1995.0,5,0,73.0,S24_1046,"Anna's Decorations, Ltd",02 9936 8555,201 Miller Street,North Sydney,2060,Australia,O'Hara,Anna,2
10161.0,37.0,72.76,5.0,2692.0,2018-10-17,1960.0,5,0,73.0,S24_1046,Heintze Collectables,86 21 3555,Smagsloget 45,Aaarhus,8200,Denmark,Ibsen,Palle,2
10172.0,32.0,75.69,3.0,2422.0,2018-11-05,1942.0,5,0,73.0,S24_1046,Gift Depot Inc.,2035552570,25593 South Bay Ln.,Bridgewater,97562,USA,King,Julie,2
10182.0,47.0,74.22,16.0,3488.0,2018-11-12,1936.0,5,0,73.0,S24_1046,Mini Gifts Distributors Ltd.,4155551450,5677 Strong St.,San Rafael,97562,USA,Nelson,Valarie,1
10192.0,37.0,69.82,4.0,2583.0,2018-11-20,1929.0,5,0,73.0,S24_1046,Online Diecast Creations Co.,6035558647,2304 Long Airport Avenue,Nashua,62005,USA,Young,Valarie,2
10204.0,20.0,62.47,10.0,1249.0,2018-12-02,1918.0,5,0,73.0,S24_1046,Muscle Machine Inc,2125557413,4092 Furth Circle,NYC,10022,USA,Young,Jeff,2
10212.0,41.0,82.31,3.0,3374.0,2019-01-16,1874.0,5,0,73.0,S24_1046,Euro Shopping Channel,(91) 555 94 44,"C/ Moralzarzal, 86",Madrid,28034,Spain,Freyre,Diego,1
10226.0,21.0,60.26,1.0,1265.0,2019-02-26,1834.0,5,0,73.0,S24_1046,Collectable Mini Designs Co.,7605558146,361 Furth Circle,San Diego,91217,USA,Thompson,Valarie,2
10241.0,22.0,76.43,8.0,1681.0,2019-04-13,1789.0,5,0,73.0,S24_1046,Mini Caravy,88.60.1555,"24, place Kluber",Strasbourg,67000,France,Citeaux,Frederique,2
10267.0,40.0,80.1,5.0,3204.0,2019-07-07,1705.0,5,0,73.0,S24_1046,Muscle Machine Inc,2125557413,4092 Furth Circle,NYC,10022,USA,Young,Jeff,1
10279.0,32.0,74.96,5.0,2398.0,2019-08-09,1673.0,5,0,73.0,S24_1046,Euro Shopping Channel,(91) 555 94 44,"C/ Moralzarzal, 86",Madrid,28034,Spain,Freyre,Diego,2
10288.0,36.0,66.14,11.0,2381.0,2019-09-01,1651.0,5,0,73.0,S24_1046,Handji Gifts& Co,+65 224 1555,Village Close - 106 Linden Road Sandown,Singapore,69045,Singapore,Victorino,Wendy,2
10301.0,27.0,72.02,1.0,1944.0,2018-10-05,1983.0,5,0,73.0,S24_1046,"Norway Gifts By Mail, Co.",+47 2212 1555,"Drammensveien 126 A, PB 744 Sentrum",Oslo,N 0106,Norway,Klaeboe,Jan,2
10311.0,26.0,87.45,6.0,2273.0,2019-10-16,1608.0,5,0,73.0,S24_1046,Euro Shopping Channel,(91) 555 94 44,"C/ Moralzarzal, 86",Madrid,28034,Spain,Freyre,Diego,2
10321.0,30.0,70.55,3.0,2116.0,2019-11-04,1590.0,5,0,73.0,S24_1046,FunGiftIdeas.com,5085552555,1785 First Street,New Bedford,50553,USA,Benitez,Violeta,2
10332.0,23.0,56.84,4.0,1307.0,2019-11-17,1578.0,5,0,73.0,S24_1046,"AV Stores, Co.",(171) 555-1555,Fauntleroy Circus,Manchester,EC2 5NT,UK,Ashworth,Victoria,2
10344.0,29.0,59.53,7.0,1726.0,2019-11-25,1571.0,5,0,73.0,S24_1046,Marseille Mini Autos,91.24.4555,"12, rue des Bouchers",Marseille,13008,France,Lebihan,Laurence,2
10367.0,21.0,60.37,10.0,1267.0,2020-01-12,1524.0,4,0,73.0,S24_1046,Toys4GrownUps.com,6265557265,78934 Hillside Dr.,Pasadena,90003,USA,Young,Julie,2
10380.0,34.0,101.23,3.0,3441.0,2020-02-16,1490.0,5,0,73.0,S24_1046,Euro Shopping Channel,(91) 555 94 44,"C/ Moralzarzal, 86",Madrid,28034,Spain,Freyre,Diego,1
10407.0,26.0,76.43,8.0,1987.0,2020-04-22,1425.0,3,0,73.0,S24_1046,The Sharp Gifts Warehouse,4085553659,3086 Ingle Ln.,San Jose,94217,USA,Frick,Sue,2
10420.0,60.0,64.67,11.0,3880.0,2020-05-29,1389.0,2,0,73.0,S24_1046,Souveniers And Things Co.,+61 2 9495 8555,"Monitor Money Building, 815 Pacific Hwy",Chatswood,2067,Australia,Huxley,Adrian,1
10104.0,35.0,55.49,6.0,1942.0,2018-01-31,2239.0,5,0,57.0,S24_1444,Euro Shopping Channel,(91) 555 94 44,"C/ Moralzarzal, 86",Madrid,28034,Spain,Freyre,Diego,2
10115.0,47.0,69.36,2.0,3259.0,2018-04-04,2177.0,5,0,57.0,S24_1444,Classic Legends Inc.,2125558493,5905 Pompton St.,NYC,10022,USA,Hernandez,Maria,1
10127.0,20.0,60.69,8.0,1213.0,2018-06-03,2118.0,5,0,57.0,S24_1444,Muscle Machine Inc,2125557413,4092 Furth Circle,NYC,10022,USA,Young,Jeff,2
10141.0,20.0,54.33,2.0,1086.0,2018-08-01,2060.0,5,0,57.0,S24_1444,Suominen Souveniers,+358 9 8045 555,"Software Engineering Center, SEC Oy",Espoo,FIN-02271,Finland,Suominen,Kalle,2
10152.0,25.0,65.31,4.0,1632.0,2018-09-25,2006.0,5,0,57.0,S24_1444,"Australian Gift Network, Co",61-7-3844-6555,31 Duncan St. West End,South Brisbane,4101,Australia,Calaghan,Tony,2
10165.0,25.0,69.36,9.0,1734.0,2018-10-22,1980.0,5,0,57.0,S24_1444,"Dragon Souveniers, Ltd.",+65 221 7555,"Bronz Sok., Bronz Apt. 3/6 Tesvikiye",Singapore,79903,Singapore,Natividad,Eric,2
10176.0,27.0,68.78,8.0,1857.0,2018-11-06,1966.0,5,0,57.0,S24_1444,L'ordine Souveniers,0522-556555,Strada Provinciale 124,Reggio Emilia,42100,Italy,Moroni,Maurizio,2
10184.0,31.0,60.11,3.0,1863.0,2018-11-14,1959.0,5,0,57.0,S24_1444,"Iberia Gift Imports, Corp.",(95) 555 82 82,"C/ Romero, 33",Sevilla,41101,Spain,Roel,Jose Pedro,2
10195.0,44.0,66.47,3.0,2924.0,2018-11-25,1949.0,5,0,57.0,S24_1444,Mini Classics,9145554562,3758 North Pendale Street,White Plains,24067,USA,Frick,Steve,2
10207.0,49.0,46.82,4.0,2294.0,2018-12-09,1936.0,5,0,57.0,S24_1444,Diecast Collectables,6175552555,6251 Ingle Ln.,Boston,51003,USA,Franco,Valarie,2
10220.0,26.0,56.07,8.0,1457.0,2019-02-12,1872.0,5,0,57.0,S24_1444,"Clover Collections, Co.",+353 1862 1555,25 Maiden Lane,Dublin,2,Ireland,Cassidy,Dean,2
10230.0,36.0,54.33,6.0,1955.0,2019-03-15,1842.0,5,0,57.0,S24_1444,"Blauer See Auto, Co.",+49 69 66 90 2555,Lyonerstr. 34,Frankfurt,60528,Germany,Keitel,Roland,2
10246.0,44.0,52.6,2.0,2314.0,2019-05-05,1792.0,5,0,57.0,S24_1444,Euro Shopping Channel,(91) 555 94 44,"C/ Moralzarzal, 86",Madrid,28034,Spain,Freyre,Diego,2
10259.0,28.0,46.82,1.0,1310.0,2019-06-15,1752.0,5,0,57.0,S24_1444,Handji Gifts& Co,+65 224 1555,Village Close - 106 Linden Road Sandown,Singapore,69045,Singapore,Victorino,Wendy,2
10271.0,45.0,64.74,2.0,2913.0,2019-07-20,1718.0,5,0,57.0,S24_1444,Mini Gifts Distributors Ltd.,4155551450,5677 Strong St.,San Rafael,97562,USA,Nelson,Valarie,2
10282.0,29.0,46.82,11.0,1357.0,2019-08-20,1688.0,5,0,57.0,S24_1444,Mini Gifts Distributors Ltd.,4155551450,5677 Strong St.,San Rafael,97562,USA,Nelson,Valarie,2
10292.0,40.0,53.75,5.0,2150.0,2019-09-08,1670.0,5,0,57.0,S24_1444,Land of Toys Inc.,2125557818,897 Long Airport Avenue,NYC,10022,USA,Yu,Kwai,2
10305.0,45.0,61.85,2.0,2783.0,2019-10-13,1636.0,5,0,57.0,S24_1444,Marta's Replicas Co.,6175558555,39323 Spinnaker Dr.,Cambridge,51247,USA,Hernandez,Marta,2
10314.0,44.0,53.18,11.0,2339.0,2019-10-22,1628.0,5,0,57.0,S24_1444,Heintze Collectables,86 21 3555,Smagsloget 45,Aaarhus,8200,Denmark,Ibsen,Palle,2
10324.0,25.0,69.16,14.0,1729.0,2019-11-05,1615.0,5,0,57.0,S24_1444,Vitachrome Inc.,2125551500,2678 Kingston Rd.,NYC,10022,USA,Frick,Michael,2
10336.0,45.0,132.72,4.0,5972.0,2019-11-20,1601.0,5,0,57.0,S24_1444,"La Corne D'abondance, Co.",(1) 42.34.2555,"265, boulevard Charonne",Paris,75012,France,Bertrand,Marie,1
10349.0,48.0,47.4,4.0,2275.0,2019-12-01,1591.0,5,0,57.0,S24_1444,Muscle Machine Inc,2125557413,4092 Furth Circle,NYC,10022,USA,Young,Jeff,2
10358.0,44.0,60.76,14.0,2673.0,2019-12-10,1583.0,5,0,57.0,S24_1444,Euro Shopping Channel,(91) 555 94 44,"C/ Moralzarzal, 86",Madrid,28034,Spain,Freyre,Diego,2
10371.0,25.0,97.27,12.0,2431.0,2020-01-23,1540.0,5,0,57.0,S24_1444,Mini Gifts Distributors Ltd.,4155551450,5677 Strong St.,San Rafael,97562,USA,Nelson,Valarie,2
10383.0,22.0,91.76,2.0,2018.0,2020-02-22,1511.0,5,0,57.0,S24_1444,Euro Shopping Channel,(91) 555 94 44,"C/ Moralzarzal, 86",Madrid,28034,Spain,Freyre,Diego,2
10394.0,31.0,50.29,2.0,1558.0,2020-03-15,1490.0,5,0,57.0,S24_1444,Euro Shopping Channel,(91) 555 94 44,"C/ Moralzarzal, 86",Madrid,28034,Spain,Freyre,Diego,2
10412.0,21.0,52.6,2.0,1104.0,2020-05-03,1442.0,5,0,57.0,S24_1444,Euro Shopping Channel,(91) 555 94 44,"C/ Moralzarzal, 86",Madrid,28034,Spain,Freyre,Diego,2
10425.0,55.0,46.82,1.0,2575.0,2020-05-31,1415.0,2,0,57.0,S24_1444,La Rochelle Gifts,40.67.8555,"67, rue des Cinquante Otages",Nantes,44000,France,Labrune,Janine,2
10107.0,25.0,113.83,3.0,2845.0,2018-02-24,2243.0,5,1,112.0,S24_1578,Land of Toys Inc.,2125557818,897 Long Airport Avenue,NYC,10022,USA,Yu,Kwai,2
10120.0,35.0,98.05,1.0,3431.0,2018-04-29,2180.0,5,1,112.0,S24_1578,"Australian Collectors, Co.",03 9520 4555,636 St Kilda Road,Melbourne,3004,Australia,Ferguson,Peter,1
10134.0,35.0,93.54,3.0,3273.0,2018-07-01,2118.0,5,1,112.0,S24_1578,Lyon Souveniers,+33 1 46 62 7555,27 rue du Colonel Pierre Avia,Paris,75508,France,Da Cunha,Daniel,1
10145.0,43.0,95.8,7.0,4119.0,2018-08-25,2064.0,5,1,112.0,S24_1578,Toys4GrownUps.com,6265557265,78934 Hillside Dr.,Pasadena,90003,USA,Young,Julie,1
10168.0,50.0,114.95,2.0,5747.0,2018-10-28,2001.0,5,1,112.0,S24_1578,Technics Stores Inc.,6505556809,9408 Furth Circle,Burlingame,94217,USA,Hirano,Juri,1
10180.0,48.0,111.57,10.0,5355.0,2018-11-11,1988.0,5,1,112.0,S24_1578,Daedalus Designs Imports,20.16.1555,"184, chausse de Tournai",Lille,59000,France,Rance,Martine,1
10188.0,25.0,101.43,2.0,2535.0,2018-11-18,1982.0,5,1,112.0,S24_1578,Herkku Gifts,+47 2267 3215,"Drammen 121, PR 744 Sentrum",Bergen,N 5804,Norway,Oeztan,Veysel,2
10211.0,25.0,90.16,15.0,2254.0,2019-01-15,1925.0,5,1,112.0,S24_1578,Auto Canal Petit,(1) 47.55.6555,"25, rue Lauriston",Paris,75016,France,Perrier,Dominique,2
10223.0,32.0,91.29,2.0,2921.0,2019-02-20,1890.0,5,1,112.0,S24_1578,"Australian Collectors, Co.",03 9520 4555,636 St Kilda Road,Melbourne,3004,Australia,Ferguson,Peter,2
10237.0,20.0,114.95,8.0,2299.0,2019-04-05,1847.0,5,1,112.0,S24_1578,Vitachrome Inc.,2125551500,2678 Kingston Rd.,NYC,10022,USA,Frick,Michael,2
10251.0,26.0,101.43,3.0,2637.0,2019-05-18,1805.0,5,1,112.0,S24_1578,Tekni Collectables Inc.,2015559350,7476 Moss Rd.,Newark,94019,USA,Brown,William,2
10263.0,42.0,102.56,3.0,4307.0,2019-06-28,1765.0,5,1,112.0,S24_1578,Gift Depot Inc.,2035552570,25593 South Bay Ln.,Bridgewater,97562,USA,King,Julie,1
10275.0,21.0,102.56,2.0,2153.0,2019-07-23,1741.0,5,1,112.0,S24_1578,La Rochelle Gifts,40.67.8555,"67, rue des Cinquante Otages",Nantes,44000,France,Labrune,Janine,2
10285.0,34.0,109.32,7.0,3716.0,2019-08-27,1707.0,5,1,112.0,S24_1578,Marta's Replicas Co.,6175558555,39323 Spinnaker Dr.,Cambridge,51247,USA,Hernandez,Marta,1
10299.0,47.0,116.08,10.0,5455.0,2019-09-30,1674.0,5,1,112.0,S24_1578,"Toys of Finland, Co.",90-224 8555,Keskuskatu 45,Helsinki,21240,Finland,Karttunen,Matti,1
10309.0,21.0,126.22,6.0,2650.0,2019-10-15,1660.0,5,1,112.0,S24_1578,Baane Mini Imports,07-98 9555,Erling Skakkes gate 78,Stavern,4110,Norway,Bergulfsen,Jonas,2
10318.0,48.0,134.11,2.0,6437.0,2019-11-02,1643.0,5,1,112.0,S24_1578,Diecast Classics Inc.,2155551555,7586 Pompton St.,Allentown,70267,USA,Yu,Kyung,1
10329.0,30.0,87.78,7.0,2633.0,2019-11-15,1631.0,5,1,112.0,S24_1578,Land of Toys Inc.,2125557818,897 Long Airport Avenue,NYC,10022,USA,Yu,Kwai,2
10339.0,27.0,84.39,10.0,2278.0,2019-11-23,1624.0,5,1,112.0,S24_1578,"Tokyo Collectables, Ltd",+81 3 3584 0555,2-2-8 Roppongi,Minato-ku,106-0032,Japan,Shimamura,Akiko,2
10362.0,50.0,96.92,2.0,4846.0,2020-01-05,1582.0,5,1,112.0,S24_1578,Technics Stores Inc.,6505556809,9408 Furth Circle,Burlingame,94217,USA,Hirano,Juri,1
10374.0,38.0,110.45,6.0,4197.0,2020-02-02,1555.0,5,1,112.0,S24_1578,"Australian Gift Network, Co",61-7-3844-6555,31 Duncan St. West End,South Brisbane,4101,Australia,Calaghan,Tony,1
10389.0,45.0,102.17,1.0,4597.0,2020-03-03,1526.0,5,1,112.0,S24_1578,Scandinavian Gift Ideas,0695-34 6555,?kergatan 24,Boras,S-844 67,Sweden,Larsson,Maria,1
10403.0,46.0,114.95,8.0,5287.0,2020-04-08,1491.0,5,1,112.0,S24_1578,"UK Collectables, Ltd.",(171) 555-2282,Berkeley Gardens 12  Brewery,Liverpool,WX1 6LT,UK,Devon,Elizabeth,1
10417.0,35.0,101.43,3.0,3550.0,2020-05-13,1457.0,1,1,112.0,S24_1578,Euro Shopping Channel,(91) 555 94 44,"C/ Moralzarzal, 86",Madrid,28034,Spain,Freyre,Diego,1
10110.0,29.0,59.37,15.0,1721.0,2018-03-18,2245.0,5,0,50.0,S24_1628,"AV Stores, Co.",(171) 555-1555,Fauntleroy Circus,Manchester,EC2 5NT,UK,Ashworth,Victoria,2
10123.0,50.0,59.87,1.0,2993.0,2018-05-20,2183.0,5,0,50.0,S24_1628,Atelier graphique,40.32.2555,"54, rue Royale",Nantes,44000,France,Schmitt,Carine,2
10137.0,26.0,49.81,1.0,1295.0,2018-07-10,2133.0,5,0,50.0,S24_1628,Reims Collectables,26.47.1555,59 rue de l'Abbaye,Reims,51100,France,Henriot,Paul,2
10148.0,47.0,56.85,8.0,2671.0,2018-09-11,2071.0,5,0,50.0,S24_1628,"Anna's Decorations, Ltd",02 9936 8555,201 Miller Street,North Sydney,2060,Australia,O'Hara,Anna,2
10161.0,23.0,53.33,7.0,1226.0,2018-10-17,2036.0,5,0,50.0,S24_1628,Heintze Collectables,86 21 3555,Smagsloget 45,Aaarhus,8200,Denmark,Ibsen,Palle,2
10172.0,34.0,42.76,5.0,1453.0,2018-11-05,2018.0,5,0,50.0,S24_1628,Gift Depot Inc.,2035552570,25593 South Bay Ln.,Bridgewater,97562,USA,King,Julie,2
10181.0,34.0,53.83,1.0,1830.0,2018-11-12,2012.0,5,0,50.0,S24_1628,Herkku Gifts,+47 2267 3215,"Drammen 121, PR 744 Sentrum",Bergen,N 5804,Norway,Oeztan,Veysel,2
10192.0,47.0,53.83,6.0,2530.0,2018-11-20,2005.0,5,0,50.0,S24_1628,Online Diecast Creations Co.,6035558647,2304 Long Airport Avenue,Nashua,62005,USA,Young,Valarie,2
10204.0,45.0,49.81,12.0,2241.0,2018-12-02,1994.0,5,0,50.0,S24_1628,Muscle Machine Inc,2125557413,4092 Furth Circle,NYC,10022,USA,Young,Jeff,2
10212.0,45.0,53.33,5.0,2399.0,2019-01-16,1950.0,5,0,50.0,S24_1628,Euro Shopping Channel,(91) 555 94 44,"C/ Moralzarzal, 86",Madrid,28034,Spain,Freyre,Diego,2
10226.0,36.0,43.27,3.0,1557.0,2019-02-26,1910.0,5,0,50.0,S24_1628,Collectable Mini Designs Co.,7605558146,361 Furth Circle,San Diego,91217,USA,Thompson,Valarie,2
10241.0,21.0,40.25,10.0,845.0,2019-04-13,1865.0,5,0,50.0,S24_1628,Mini Caravy,88.60.1555,"24, place Kluber",Strasbourg,67000,France,Citeaux,Frederique,2
10266.0,28.0,48.3,1.0,1352.0,2019-07-06,1782.0,5,0,50.0,S24_1628,L'ordine Souveniers,0522-556555,Strada Provinciale 124,Reggio Emilia,42100,Italy,Moroni,Maurizio,2
10278.0,35.0,45.28,1.0,1584.0,2019-08-06,1752.0,5,0,50.0,S24_1628,Signal Gift Stores,7025551838,8489 Strong St.,Las Vegas,83030,USA,King,Sue,2
10288.0,50.0,52.32,13.0,2616.0,2019-09-01,1727.0,5,0,50.0,S24_1628,Handji Gifts& Co,+65 224 1555,Village Close - 106 Linden Road Sandown,Singapore,69045,Singapore,Victorino,Wendy,2
10301.0,22.0,51.32,3.0,1129.0,2018-10-05,2059.0,5,0,50.0,S24_1628,"Norway Gifts By Mail, Co.",+47 2212 1555,"Drammensveien 126 A, PB 744 Sentrum",Oslo,N 0106,Norway,Klaeboe,Jan,2
10311.0,45.0,49.3,8.0,2218.0,2019-10-16,1684.0,5,0,50.0,S24_1628,Euro Shopping Channel,(91) 555 94 44,"C/ Moralzarzal, 86",Madrid,28034,Spain,Freyre,Diego,2
10321.0,48.0,42.26,5.0,2028.0,2019-11-04,1666.0,5,0,50.0,S24_1628,FunGiftIdeas.com,5085552555,1785 First Street,New Bedford,50553,USA,Benitez,Violeta,2
10332.0,20.0,87.96,5.0,1759.0,2019-11-17,1654.0,5,0,50.0,S24_1628,"AV Stores, Co.",(171) 555-1555,Fauntleroy Circus,Manchester,EC2 5NT,UK,Ashworth,Victoria,2
10343.0,27.0,36.21,6.0,977.0,2019-11-24,1648.0,5,0,50.0,S24_1628,Reims Collectables,26.47.1555,59 rue de l'Abbaye,Reims,51100,France,Henriot,Paul,2
10367.0,38.0,38.5,11.0,1463.0,2020-01-12,1600.0,4,0,50.0,S24_1628,Toys4GrownUps.com,6265557265,78934 Hillside Dr.,Pasadena,90003,USA,Young,Julie,2
10379.0,32.0,124.08,3.0,3970.0,2020-02-10,1572.0,5,0,50.0,S24_1628,Euro Shopping Channel,(91) 555 94 44,"C/ Moralzarzal, 86",Madrid,28034,Spain,Freyre,Diego,1
10407.0,64.0,40.25,10.0,2576.0,2020-04-22,1501.0,3,0,50.0,S24_1628,The Sharp Gifts Warehouse,4085553659,3086 Ingle Ln.,San Jose,94217,USA,Frick,Sue,2
10420.0,37.0,60.37,13.0,2233.0,2020-05-29,1465.0,2,0,50.0,S24_1628,Souveniers And Things Co.,+61 2 9495 8555,"Monitor Money Building, 815 Pacific Hwy",Chatswood,2067,Australia,Huxley,Adrian,2
10106.0,28.0,88.63,4.0,2481.0,2018-02-17,2298.0,5,2,109.0,S24_1785,Rovelli Gifts,035-640555,Via Ludovico il Moro 22,Bergamo,24100,Italy,Rovelli,Giovanni,2
10120.0,39.0,119.27,10.0,4651.0,2018-04-29,2228.0,5,2,109.0,S24_1785,"Australian Collectors, Co.",03 9520 4555,636 St Kilda Road,Melbourne,3004,Australia,Ferguson,Peter,1
10133.0,41.0,94.1,5.0,3858.0,2018-06-27,2170.0,5,2,109.0,S24_1785,Euro Shopping Channel,(91) 555 94 44,"C/ Moralzarzal, 86",Madrid,28034,Spain,Freyre,Diego,1
10145.0,40.0,87.54,16.0,3501.0,2018-08-25,2112.0,5,2,109.0,S24_1785,Toys4GrownUps.com,6265557265,78934 Hillside Dr.,Pasadena,90003,USA,Young,Julie,1
10168.0,49.0,131.3,11.0,6433.0,2018-10-28,2049.0,5,2,109.0,S24_1785,Technics Stores Inc.,6505556809,9408 Furth Circle,Burlingame,94217,USA,Hirano,Juri,1
10210.0,27.0,98.48,9.0,2658.0,2019-01-12,1974.0,5,2,109.0,S24_1785,Osaka Souveniers Co.,+81 06 6342 5555,"Dojima Avanza 4F, 1-6-20 Dojima, Kita-ku",Osaka,530-0003,Japan,Kentary,Mory,2
10223.0,34.0,106.14,11.0,3608.0,2019-02-20,1936.0,5,2,109.0,S24_1785,"Australian Collectors, Co.",03 9520 4555,636 St Kilda Road,Melbourne,3004,Australia,Ferguson,Peter,1
10235.0,23.0,96.29,5.0,2214.0,2019-04-02,1896.0,5,2,109.0,S24_1785,"Royal Canadian Collectables, Ltd.",(604) 555-4555,23 Tsawassen Blvd.,Tsawassen,T2F 8M4,Canada,Lincoln,Elizabeth,2
10250.0,31.0,88.63,6.0,2747.0,2019-05-11,1858.0,5,2,109.0,S24_1785,The Sharp Gifts Warehouse,4085553659,3086 Ingle Ln.,San Jose,94217,USA,Frick,Sue,2
10262.0,34.0,97.38,1.0,3310.0,2019-06-24,1815.0,0,2,109.0,S24_1785,Euro Shopping Channel,(91) 555 94 44,"C/ Moralzarzal, 86",Madrid,28034,Spain,Freyre,Diego,1
10275.0,25.0,95.2,11.0,2380.0,2019-07-23,1787.0,5,2,109.0,S24_1785,La Rochelle Gifts,40.67.8555,"67, rue des Cinquante Otages",Nantes,44000,France,Labrune,Janine,2
10284.0,22.0,105.04,3.0,2310.0,2019-08-21,1759.0,5,2,109.0,S24_1785,"Norway Gifts By Mail, Co.",+47 2212 1555,"Drammensveien 126 A, PB 744 Sentrum",Oslo,N 0106,Norway,Klaeboe,Jan,2
10297.0,32.0,126.93,6.0,4061.0,2019-09-16,1734.0,5,2,109.0,S24_1785,"Clover Collections, Co.",+353 1862 1555,25 Maiden Lane,Dublin,2,Ireland,Cassidy,Dean,1
10308.0,31.0,112.7,9.0,3493.0,2019-10-15,1706.0,5,2,109.0,S24_1785,Mini Classics,9145554562,3758 North Pendale Street,White Plains,24067,USA,Frick,Steve,1
10316.0,25.0,114.89,1.0,2872.0,2019-11-01,1690.0,5,2,109.0,S24_1785,giftsbymail.co.uk,(198) 555-8888,Garden House Crowther Way,Cowes,PO31 7PJ,UK,Bennett,Helen,2
10328.0,47.0,87.54,14.0,4114.0,2019-11-12,1680.0,5,2,109.0,S24_1785,Rovelli Gifts,035-640555,Via Ludovico il Moro 22,Bergamo,24100,Italy,Rovelli,Giovanni,1
10339.0,21.0,50.65,7.0,1063.0,2019-11-23,1670.0,5,2,109.0,S24_1785,"Tokyo Collectables, Ltd",+81 3 3584 0555,2-2-8 Roppongi,Minato-ku,106-0032,Japan,Shimamura,Akiko,2
10353.0,28.0,71.73,2.0,2008.0,2019-12-04,1660.0,5,2,109.0,S24_1785,Gift Ideas Corp.,2035554407,2440 Pompton St.,Glendale,97561,USA,Lewis,Dan,2
10374.0,46.0,94.1,3.0,4328.0,2020-02-02,1601.0,5,2,109.0,S24_1785,"Australian Gift Network, Co",61-7-3844-6555,31 Duncan St. West End,South Brisbane,4101,Australia,Calaghan,Tony,1
10386.0,33.0,41.71,11.0,1376.0,2020-03-01,1574.0,4,2,109.0,S24_1785,Euro Shopping Channel,(91) 555 94 44,"C/ Moralzarzal, 86",Madrid,28034,Spain,Freyre,Diego,2
10398.0,43.0,129.12,16.0,5552.0,2020-03-30,1546.0,5,2,109.0,S24_1785,Reims Collectables,26.47.1555,59 rue de l'Abbaye,Reims,51100,France,Henriot,Paul,1
10401.0,38.0,96.29,5.0,3659.0,2020-04-03,1543.0,3,2,109.0,S24_1785,Tekni Collectables Inc.,2015559350,7476 Moss Rd.,Newark,94019,USA,Brown,William,1
10416.0,47.0,88.63,6.0,4165.0,2020-05-10,1507.0,5,2,109.0,S24_1785,L'ordine Souveniers,0522-556555,Strada Provinciale 124,Reggio Emilia,42100,Italy,Moroni,Maurizio,1
10101.0,45.0,31.2,3.0,1404.0,2018-01-09,2360.0,5,6,33.0,S24_1937,"Blauer See Auto, Co.",+49 69 66 90 2555,Lyonerstr. 34,Frankfurt,60528,Germany,Keitel,Roland,2
10110.0,20.0,35.51,3.0,710.0,2018-03-18,2293.0,5,6,33.0,S24_1937,"AV Stores, Co.",(171) 555-1555,Fauntleroy Circus,Manchester,EC2 5NT,UK,Ashworth,Victoria,2
10124.0,45.0,37.84,2.0,1702.0,2018-05-21,2230.0,5,6,33.0,S24_1937,Signal Gift Stores,7025551838,8489 Strong St.,Las Vegas,83030,USA,King,Sue,2
10149.0,36.0,33.19,7.0,1194.0,2018-09-12,2117.0,5,6,33.0,S24_1937,Signal Collectibles Ltd.,4155554312,2793 Furth Circle,Brisbane,94217,USA,Taylor,Sue,2
10173.0,31.0,31.53,9.0,977.0,2018-11-05,2064.0,5,6,33.0,S24_1937,Rovelli Gifts,035-640555,Via Ludovico il Moro 22,Bergamo,24100,Italy,Rovelli,Giovanni,2
10182.0,39.0,36.84,6.0,1436.0,2018-11-12,2058.0,5,6,33.0,S24_1937,Mini Gifts Distributors Ltd.,4155551450,5677 Strong St.,San Rafael,97562,USA,Nelson,Valarie,2
10193.0,26.0,29.21,10.0,759.0,2018-11-21,2050.0,5,6,33.0,S24_1937,"Australian Collectables, Ltd",61-9-3844-6555,7 Allen Street,Glen Waverly,3150,Australia,Connery,Sean,2
10205.0,32.0,37.17,5.0,1189.0,2018-12-03,2039.0,5,6,33.0,S24_1937,Euro Shopping Channel,(91) 555 94 44,"C/ Moralzarzal, 86",Madrid,28034,Spain,Freyre,Diego,2
10214.0,20.0,34.19,3.0,683.0,2019-01-26,1986.0,5,6,33.0,S24_1937,"Corrida Auto Replicas, Ltd",(91) 555 22 82,"C/ Araquil, 67",Madrid,28023,Spain,Sommer,Mart¡n,2
10227.0,42.0,29.21,6.0,1226.0,2019-03-02,1952.0,5,6,33.0,S24_1937,"Saveley & Henriot, Co.",78.32.5555,"2, rue du Commerce",Lyon,69004,France,Saveley,Mary,2
10243.0,33.0,29.54,1.0,974.0,2019-04-26,1898.0,5,6,33.0,S24_1937,Diecast Collectables,6175552555,6251 Ingle Ln.,Boston,51003,USA,Franco,Valarie,2
10280.0,20.0,28.88,12.0,577.0,2019-08-17,1786.0,5,6,33.0,S24_1937,Amica Models & Co.,011-4988555,Via Monte Bianco 34,Torino,10100,Italy,Accorti,Paolo,2
10288.0,29.0,38.17,1.0,1106.0,2019-09-01,1772.0,5,6,33.0,S24_1937,Handji Gifts& Co,+65 224 1555,Village Close - 106 Linden Road Sandown,Singapore,69045,Singapore,Victorino,Wendy,2
10304.0,23.0,30.2,16.0,694.0,2019-10-11,1733.0,5,6,33.0,S24_1937,Auto Assoc. & Cie.,30.59.8555,"67, avenue de l'Europe",Versailles,78000,France,Tonini,Daniel,2
10312.0,39.0,29.54,13.0,1152.0,2019-10-21,1724.0,5,6,33.0,S24_1937,Mini Gifts Distributors Ltd.,4155551450,5677 Strong St.,San Rafael,97562,USA,Nelson,Valarie,2
10322.0,20.0,131.2,3.0,2624.0,2019-11-04,1711.0,5,6,33.0,S24_1937,Online Diecast Creations Co.,6035558647,2304 Long Airport Avenue,Nashua,62005,USA,Young,Valarie,2
10332.0,45.0,81.91,6.0,3685.0,2019-11-17,1699.0,5,6,33.0,S24_1937,"AV Stores, Co.",(171) 555-1555,Fauntleroy Circus,Manchester,EC2 5NT,UK,Ashworth,Victoria,1
10344.0,20.0,35.18,6.0,703.0,2019-11-25,1692.0,5,6,33.0,S24_1937,Marseille Mini Autos,91.24.4555,"12, rue des Bouchers",Marseille,13008,France,Lebihan,Laurence,2
10356.0,48.0,202.5,5.0,7951.5,2019-12-09,1679.0,5,6,33.0,S24_1937,Lyon Souveniers,+33 1 46 62 7555,27 rue du Colonel Pierre Avia,Paris,75508,France,Da Cunha,Daniel,0
10367.0,23.0,36.29,13.0,834.0,2020-01-12,1646.0,4,6,33.0,S24_1937,Toys4GrownUps.com,6265557265,78934 Hillside Dr.,Pasadena,90003,USA,Young,Julie,2
10380.0,32.0,70.56,4.0,2257.0,2020-02-16,1612.0,5,6,33.0,S24_1937,Euro Shopping Channel,(91) 555 94 44,"C/ Moralzarzal, 86",Madrid,28034,Spain,Freyre,Diego,2
10391.0,33.0,214.6325,8.0,7951.5,2020-03-09,1591.0,5,6,33.0,S24_1937,"Anna's Decorations, Ltd",02 9936 8555,201 Miller Street,North Sydney,2060,Australia,O'Hara,Anna,0
10409.0,61.0,29.54,1.0,1801.0,2020-04-23,1547.0,5,6,33.0,S24_1937,Handji Gifts& Co,+65 224 1555,Village Close - 106 Linden Road Sandown,Singapore,69045,Singapore,Victorino,Wendy,2
10420.0,45.0,26.88,1.0,1209.0,2020-05-29,1512.0,2,6,33.0,S24_1937,Souveniers And Things Co.,+61 2 9495 8555,"Monitor Money Building, 815 Pacific Hwy",Chatswood,2067,Australia,Huxley,Adrian,2
10107.0,38.0,83.03,7.0,3155.0,2018-02-24,2338.0,5,1,76.0,S24_2000,Land of Toys Inc.,2125557818,897 Long Airport Avenue,NYC,10022,USA,Yu,Kwai,1
10120.0,34.0,83.79,5.0,2848.0,2018-04-29,2275.0,5,1,76.0,S24_2000,"Australian Collectors, Co.",03 9520 4555,636 St Kilda Road,Melbourne,3004,Australia,Ferguson,Peter,2
10134.0,43.0,83.03,7.0,3570.0,2018-07-01,2213.0,5,1,76.0,S24_2000,Lyon Souveniers,+33 1 46 62 7555,27 rue du Colonel Pierre Avia,Paris,75508,France,Da Cunha,Daniel,1
10145.0,47.0,83.03,11.0,3902.0,2018-08-25,2159.0,5,1,76.0,S24_2000,Toys4GrownUps.com,6265557265,78934 Hillside Dr.,Pasadena,90003,USA,Young,Julie,1
10158.0,22.0,67.03,1.0,1474.0,2018-10-10,2114.0,5,1,76.0,S24_2000,Baane Mini Imports,07-98 9555,Erling Skakkes gate 78,Stavern,4110,Norway,Bergulfsen,Jonas,2
10168.0,29.0,75.41,6.0,2186.0,2018-10-28,2097.0,5,1,76.0,S24_2000,Technics Stores Inc.,6505556809,9408 Furth Circle,Burlingame,94217,USA,Hirano,Juri,2
10180.0,28.0,68.55,14.0,1919.0,2018-11-11,2084.0,5,1,76.0,S24_2000,Daedalus Designs Imports,20.16.1555,"184, chausse de Tournai",Lille,59000,France,Rance,Martine,2
10188.0,40.0,91.4,6.0,3656.0,2018-11-18,2078.0,5,1,76.0,S24_2000,Herkku Gifts,+47 2267 3215,"Drammen 121, PR 744 Sentrum",Bergen,N 5804,Norway,Oeztan,Veysel,1
10210.0,30.0,61.7,4.0,1851.0,2019-01-12,2024.0,5,1,76.0,S24_2000,Osaka Souveniers Co.,+81 06 6342 5555,"Dojima Avanza 4F, 1-6-20 Dojima, Kita-ku",Osaka,530-0003,Japan,Kentary,Mory,2
10223.0,38.0,69.31,6.0,2633.0,2019-02-20,1986.0,5,1,76.0,S24_2000,"Australian Collectors, Co.",03 9520 4555,636 St Kilda Road,Melbourne,3004,Australia,Ferguson,Peter,2
10236.0,36.0,87.6,3.0,3153.0,2019-04-03,1945.0,5,1,76.0,S24_2000,Motor Mint Distributors Inc.,2155559857,11328 Douglas Av.,Philadelphia,71270,USA,Hernandez,Rosa,1
10250.0,32.0,87.6,1.0,2803.0,2019-05-11,1908.0,5,1,76.0,S24_2000,The Sharp Gifts Warehouse,4085553659,3086 Ingle Ln.,San Jose,94217,USA,Frick,Sue,2
10263.0,37.0,62.46,7.0,2311.0,2019-06-28,1861.0,5,1,76.0,S24_2000,Gift Depot Inc.,2035552570,25593 South Bay Ln.,Bridgewater,97562,USA,King,Julie,2
10275.0,30.0,79.98,6.0,2399.0,2019-07-23,1837.0,5,1,76.0,S24_2000,La Rochelle Gifts,40.67.8555,"67, rue des Cinquante Otages",Nantes,44000,France,Labrune,Janine,2
10285.0,39.0,70.08,11.0,2733.0,2019-08-27,1803.0,5,1,76.0,S24_2000,Marta's Replicas Co.,6175558555,39323 Spinnaker Dr.,Cambridge,51247,USA,Hernandez,Marta,2
10297.0,32.0,65.51,1.0,2096.0,2019-09-16,1784.0,5,1,76.0,S24_2000,"Clover Collections, Co.",+353 1862 1555,25 Maiden Lane,Dublin,2,Ireland,Cassidy,Dean,2
10308.0,47.0,63.22,4.0,2971.0,2019-10-15,1756.0,5,1,76.0,S24_2000,Mini Classics,9145554562,3758 North Pendale Street,White Plains,24067,USA,Frick,Steve,2
10318.0,26.0,86.83,6.0,2257.0,2019-11-02,1739.0,5,1,76.0,S24_2000,Diecast Classics Inc.,2155551555,7586 Pompton St.,Allentown,70267,USA,Yu,Kyung,2
10329.0,37.0,94.43,4.0,3493.0,2019-11-15,1727.0,5,1,76.0,S24_2000,Land of Toys Inc.,2125557818,897 Long Airport Avenue,NYC,10022,USA,Yu,Kwai,1
10340.0,55.0,79.98,8.0,4398.0,2019-11-24,1719.0,5,1,76.0,S24_2000,Enaco Distributors,(93) 203 4555,"Rambla de Catalu¤a, 23",Barcelona,8022,Spain,Saavedra,Eduardo,1
10363.0,21.0,171.22,8.0,3595.0,2020-01-06,1677.0,5,1,76.0,S24_2000,Suominen Souveniers,+358 9 8045 555,"Software Engineering Center, SEC Oy",Espoo,FIN-02271,Finland,Suominen,Kalle,1
10375.0,23.0,106.23,9.0,2443.0,2020-02-03,1650.0,5,1,76.0,S24_2000,La Rochelle Gifts,40.67.8555,"67, rue des Cinquante Otages",Nantes,44000,France,Labrune,Janine,2
10389.0,49.0,81.4,2.0,3988.0,2020-03-03,1622.0,5,1,76.0,S24_2000,Scandinavian Gift Ideas,0695-34 6555,?kergatan 24,Boras,S-844 67,Sweden,Larsson,Maria,1
10402.0,59.0,87.6,3.0,5168.0,2020-04-07,1588.0,5,1,76.0,S24_2000,Auto Canal Petit,(1) 47.55.6555,"25, rue Lauriston",Paris,75016,France,Perrier,Dominique,1
10416.0,32.0,87.6,1.0,2803.0,2020-05-10,1556.0,5,1,76.0,S24_2000,L'ordine Souveniers,0522-556555,Strada Provinciale 124,Reggio Emilia,42100,Italy,Moroni,Maurizio,2
10105.0,43.0,147.47,9.0,6341.0,2018-02-11,2376.0,5,3,122.0,S24_2011,Danish Wholesale Imports,31 12 3555,Vinb'ltet 34,Kobenhavn,1734,Denmark,Petersen,Jytte,1
10117.0,41.0,126.58,3.0,5189.0,2018-04-16,2313.0,5,3,122.0,S24_2011,"Dragon Souveniers, Ltd.",+65 221 7555,"Bronz Sok., Bronz Apt. 3/6 Tesvikiye",Singapore,79903,Singapore,Natividad,Eric,1
10129.0,45.0,133.95,9.0,6027.0,2018-06-12,2257.0,5,3,122.0,S24_2011,"Stylish Desk Decors, Co.",(171) 555-0297,35 King George,London,WX3 6FW,UK,Brown,Ann,1
10142.0,33.0,102.0,6.0,3366.0,2018-08-08,2201.0,5,3,122.0,S24_2011,Mini Gifts Distributors Ltd.,4155551450,5677 Strong St.,San Rafael,97562,USA,Nelson,Valarie,1
10153.0,40.0,136.41,5.0,5456.0,2018-09-28,2151.0,5,3,122.0,S24_2011,Euro Shopping Channel,(91) 555 94 44,"C/ Moralzarzal, 86",Madrid,28034,Spain,Freyre,Diego,1
10167.0,33.0,115.52,16.0,3812.0,2018-10-23,2127.0,0,3,122.0,S24_2011,Scandinavian Gift Ideas,0695-34 6555,?kergatan 24,Boras,S-844 67,Sweden,Larsson,Maria,1
10177.0,50.0,121.66,7.0,6083.0,2018-11-07,2113.0,5,3,122.0,S24_2011,CAF Imports,+34 913 728 555,"Merchants House, 27-30 Merchant's Quay",Madrid,28023,Spain,Fernandez,Jesus,1
10185.0,30.0,105.69,7.0,3170.0,2018-11-14,2107.0,5,3,122.0,S24_2011,Mini Creations Ltd.,5085559555,4575 Hillside Dr.,New Bedford,50553,USA,Tam,Wing C,1
10197.0,41.0,110.6,13.0,4534.0,2018-11-26,2096.0,5,3,122.0,S24_2011,Enaco Distributors,(93) 203 4555,"Rambla de Catalu¤a, 23",Barcelona,8022,Spain,Saavedra,Eduardo,1
10208.0,35.0,122.89,7.0,4301.0,2019-01-02,2060.0,5,3,122.0,S24_2011,"Saveley & Henriot, Co.",78.32.5555,"2, rue du Commerce",Lyon,69004,France,Saveley,Mary,1
10221.0,49.0,138.87,1.0,6804.0,2019-02-18,2014.0,5,3,122.0,S24_2011,Petit Auto,(02) 5554 67,Rue Joseph-Bens 532,Bruxelles,B-1180,Belgium,Dewey,Catherine,1
10232.0,46.0,122.89,4.0,5652.0,2019-03-20,1985.0,5,3,122.0,S24_2011,giftsbymail.co.uk,(198) 555-8888,Garden House Crowther Way,Cowes,PO31 7PJ,UK,Bennett,Helen,1
10248.0,48.0,145.01,10.0,6960.0,2019-05-07,1938.0,0,3,122.0,S24_2011,Land of Toys Inc.,2125557818,897 Long Airport Avenue,NYC,10022,USA,Yu,Kwai,1
10261.0,36.0,125.35,8.0,4512.0,2019-06-17,1898.0,5,3,122.0,S24_2011,Quebec Home Shopping Network,(514) 555-8054,43 rue St. Laurent,Montreal,H1J 1C3,Canada,Fresnisre,Jean,1
10273.0,22.0,126.58,11.0,2784.0,2019-07-21,1865.0,5,3,122.0,S24_2011,Petit Auto,(02) 5554 67,Rue Joseph-Bens 532,Bruxelles,B-1180,Belgium,Dewey,Catherine,2
10283.0,42.0,126.58,13.0,5316.0,2019-08-20,1836.0,5,3,122.0,S24_2011,"Royal Canadian Collectables, Ltd.",(604) 555-4555,23 Tsawassen Blvd.,Tsawassen,T2F 8M4,Canada,Lincoln,Elizabeth,1
10293.0,21.0,140.09,2.0,2941.0,2019-09-09,1817.0,5,3,122.0,S24_2011,Amica Models & Co.,011-4988555,Via Monte Bianco 34,Torino,10100,Italy,Accorti,Paolo,2
10306.0,29.0,110.6,7.0,3207.0,2019-10-14,1783.0,5,3,122.0,S24_2011,"AV Stores, Co.",(171) 555-1555,Fauntleroy Circus,Manchester,EC2 5NT,UK,Ashworth,Victoria,1
10315.0,35.0,120.43,6.0,4215.0,2019-10-29,1769.0,5,3,122.0,S24_2011,La Rochelle Gifts,40.67.8555,"67, rue des Cinquante Otages",Nantes,44000,France,Labrune,Janine,1
10326.0,41.0,105.69,4.0,4333.0,2019-11-09,1759.0,5,3,122.0,S24_2011,"Volvo Model Replicas, Co",0921-12 3555,Berguvsvgen  8,Lule,S-958 22,Sweden,Berglund,Christina,1
10337.0,29.0,71.97,4.0,2087.0,2019-11-21,1748.0,5,3,122.0,S24_2011,Classic Legends Inc.,2125558493,5905 Pompton St.,NYC,10022,USA,Hernandez,Maria,2
10350.0,34.0,50.33,7.0,1711.0,2019-12-02,1738.0,5,3,122.0,S24_2011,Euro Shopping Channel,(91) 555 94 44,"C/ Moralzarzal, 86",Madrid,28034,Spain,Freyre,Diego,2
10372.0,37.0,105.69,8.0,3910.0,2020-01-26,1684.0,5,3,122.0,S24_2011,"Tokyo Collectables, Ltd",+81 3 3584 0555,2-2-8 Roppongi,Minato-ku,106-0032,Japan,Shimamura,Akiko,1
10396.0,49.0,116.75,6.0,5720.0,2020-03-23,1628.0,5,3,122.0,S24_2011,Mini Gifts Distributors Ltd.,4155551450,5677 Strong St.,San Rafael,97562,USA,Nelson,Valarie,1
10414.0,23.0,145.01,10.0,3335.0,2020-05-06,1585.0,3,3,122.0,S24_2011,Gifts4AllAges.com,6175559555,8616 Spinnaker Dr.,Boston,51003,USA,Yoshido,Juri,1
10101.0,46.0,53.76,2.0,2472.0,2018-01-09,2434.0,5,6,44.0,S24_2022,"Blauer See Auto, Co.",+49 69 66 90 2555,Lyonerstr. 34,Frankfurt,60528,Germany,Keitel,Roland,2
10110.0,39.0,44.35,2.0,1729.0,2018-03-18,2367.0,5,6,44.0,S24_2022,"AV Stores, Co.",(171) 555-1555,Fauntleroy Circus,Manchester,EC2 5NT,UK,Ashworth,Victoria,2
10124.0,22.0,45.25,1.0,995.0,2018-05-21,2304.0,5,6,44.0,S24_2022,Signal Gift Stores,7025551838,8489 Strong St.,Las Vegas,83030,USA,King,Sue,2
10149.0,49.0,49.28,6.0,2414.0,2018-09-12,2191.0,5,6,44.0,S24_2022,Signal Collectibles Ltd.,4155554312,2793 Furth Circle,Brisbane,94217,USA,Taylor,Sue,2
10173.0,27.0,41.22,8.0,1112.0,2018-11-05,2138.0,5,6,44.0,S24_2022,Rovelli Gifts,035-640555,Via Ludovico il Moro 22,Bergamo,24100,Italy,Rovelli,Giovanni,2
10182.0,31.0,36.74,5.0,1138.0,2018-11-12,2132.0,5,6,44.0,S24_2022,Mini Gifts Distributors Ltd.,4155551450,5677 Strong St.,San Rafael,97562,USA,Nelson,Valarie,2
10193.0,20.0,50.62,9.0,1012.0,2018-11-21,2124.0,5,6,44.0,S24_2022,"Australian Collectables, Ltd",61-9-3844-6555,7 Allen Street,Glen Waverly,3150,Australia,Connery,Sean,2
10205.0,24.0,38.08,4.0,913.0,2018-12-03,2113.0,5,6,44.0,S24_2022,Euro Shopping Channel,(91) 555 94 44,"C/ Moralzarzal, 86",Madrid,28034,Spain,Freyre,Diego,2
10214.0,49.0,47.94,2.0,2349.0,2019-01-26,2060.0,5,6,44.0,S24_2022,"Corrida Auto Replicas, Ltd",(91) 555 22 82,"C/ Araquil, 67",Madrid,28023,Spain,Sommer,Mart¡n,2
10227.0,24.0,48.38,5.0,1161.0,2019-03-02,2026.0,5,6,44.0,S24_2022,"Saveley & Henriot, Co.",78.32.5555,"2, rue du Commerce",Lyon,69004,France,Saveley,Mary,2
10244.0,39.0,45.25,9.0,1764.0,2019-04-29,1969.0,5,6,44.0,S24_2022,Euro Shopping Channel,(91) 555 94 44,"C/ Moralzarzal, 86",Madrid,28034,Spain,Freyre,Diego,2
10255.0,37.0,45.7,2.0,1690.0,2019-06-04,1934.0,5,6,44.0,S24_2022,Mini Caravy,88.60.1555,"24, place Kluber",Strasbourg,67000,France,Citeaux,Frederique,2
10280.0,45.0,47.49,11.0,2137.0,2019-08-17,1861.0,5,6,44.0,S24_2022,Amica Models & Co.,011-4988555,Via Monte Bianco 34,Torino,10100,Italy,Accorti,Paolo,2
10289.0,45.0,48.38,4.0,2177.0,2019-09-03,1845.0,5,6,44.0,S24_2022,Herkku Gifts,+47 2267 3215,"Drammen 121, PR 744 Sentrum",Bergen,N 5804,Norway,Oeztan,Veysel,2
10304.0,44.0,39.42,15.0,1734.0,2019-10-11,1808.0,5,6,44.0,S24_2022,Auto Assoc. & Cie.,30.59.8555,"67, avenue de l'Europe",Versailles,78000,France,Tonini,Daniel,2
10312.0,23.0,37.63,12.0,865.0,2019-10-21,1799.0,5,6,44.0,S24_2022,Mini Gifts Distributors Ltd.,4155551450,5677 Strong St.,San Rafael,97562,USA,Nelson,Valarie,2
10322.0,30.0,116.67,4.0,3500.0,2019-11-04,1786.0,5,6,44.0,S24_2022,Online Diecast Creations Co.,6035558647,2304 Long Airport Avenue,Nashua,62005,USA,Young,Valarie,1
10332.0,26.0,85.52,10.0,2223.0,2019-11-17,1774.0,5,6,44.0,S24_2022,"AV Stores, Co.",(171) 555-1555,Fauntleroy Circus,Manchester,EC2 5NT,UK,Ashworth,Victoria,2
10345.0,43.0,53.76,1.0,2311.0,2019-11-25,1767.0,5,6,44.0,S24_2022,Atelier graphique,40.32.2555,"54, rue Royale",Nantes,44000,France,Schmitt,Carine,2
10356.0,26.0,31.86,7.0,828.0,2019-12-09,1754.0,5,6,44.0,S24_2022,Lyon Souveniers,+33 1 46 62 7555,27 rue du Colonel Pierre Avia,Paris,75508,France,Da Cunha,Daniel,2
10367.0,28.0,30.59,12.0,856.0,2020-01-12,1721.0,4,6,44.0,S24_2022,Toys4GrownUps.com,6265557265,78934 Hillside Dr.,Pasadena,90003,USA,Young,Julie,2
10380.0,27.0,68.35,5.0,1845.0,2020-02-16,1687.0,5,6,44.0,S24_2022,Euro Shopping Channel,(91) 555 94 44,"C/ Moralzarzal, 86",Madrid,28034,Spain,Freyre,Diego,2
10391.0,24.0,168.42,1.0,4042.0,2020-03-09,1666.0,5,6,44.0,S24_2022,"Anna's Decorations, Ltd",02 9936 8555,201 Miller Street,North Sydney,2060,Australia,O'Hara,Anna,1
10421.0,40.0,45.7,2.0,1828.0,2020-05-29,1586.0,2,6,44.0,S24_2022,Mini Gifts Distributors Ltd.,4155551450,5677 Strong St.,San Rafael,97562,USA,Nelson,Valarie,2
10103.0,36.0,102.23,1.0,3680.0,2018-01-29,2438.0,5,5,127.0,S24_2300,Baane Mini Imports,07-98 9555,Erling Skakkes gate 78,Stavern,4110,Norway,Bergulfsen,Jonas,1
10114.0,21.0,139.29,5.0,2925.0,2018-04-01,2377.0,5,5,127.0,S24_2300,"La Corne D'abondance, Co.",(1) 42.34.2555,"265, boulevard Charonne",Paris,75012,France,Bertrand,Marie,2
10126.0,27.0,126.51,1.0,3415.0,2018-05-28,2321.0,5,5,127.0,S24_2300,"Corrida Auto Replicas, Ltd",(91) 555 22 82,"C/ Araquil, 67",Madrid,28023,Spain,Sommer,Mart¡n,1
10140.0,47.0,108.62,1.0,5105.0,2018-07-24,2265.0,5,5,127.0,S24_2300,Technics Stores Inc.,6505556809,9408 Furth Circle,Burlingame,94217,USA,Hirano,Juri,1
10151.0,42.0,121.4,8.0,5098.0,2018-09-21,2207.0,5,5,127.0,S24_2300,"Oulu Toy Supplies, Inc.",981-443655,Torikatu 38,Oulu,90110,Finland,Koskitalo,Pirkko,1
10165.0,32.0,145.68,17.0,4661.0,2018-10-22,2177.0,5,5,127.0,S24_2300,"Dragon Souveniers, Ltd.",+65 221 7555,"Bronz Sok., Bronz Apt. 3/6 Tesvikiye",Singapore,79903,Singapore,Natividad,Eric,1
10175.0,28.0,106.07,6.0,2969.0,2018-11-06,2163.0,5,5,127.0,S24_2300,"Stylish Desk Decors, Co.",(171) 555-0297,35 King George,London,WX3 6FW,UK,Brown,Ann,2
10184.0,24.0,145.68,11.0,3496.0,2018-11-14,2156.0,5,5,127.0,S24_2300,"Iberia Gift Imports, Corp.",(95) 555 82 82,"C/ Romero, 33",Sevilla,41101,Spain,Roel,Jose Pedro,1
10194.0,49.0,117.57,1.0,5760.0,2018-11-25,2146.0,5,5,127.0,S24_2300,"Saveley & Henriot, Co.",78.32.5555,"2, rue du Commerce",Lyon,69004,France,Saveley,Mary,1
10207.0,46.0,148.24,12.0,6819.0,2018-12-09,2133.0,5,5,127.0,S24_2300,Diecast Collectables,6175552555,6251 Ingle Ln.,Boston,51003,USA,Franco,Valarie,1
10217.0,28.0,112.46,1.0,3148.0,2019-02-04,2077.0,5,5,127.0,S24_2300,Handji Gifts& Co,+65 224 1555,Village Close - 106 Linden Road Sandown,Singapore,69045,Singapore,Victorino,Wendy,1
10229.0,48.0,118.84,6.0,5704.0,2019-03-11,2043.0,5,5,127.0,S24_2300,Mini Gifts Distributors Ltd.,4155551450,5677 Strong St.,San Rafael,97562,USA,Nelson,Valarie,1
10246.0,29.0,121.4,10.0,3520.0,2019-05-05,1989.0,5,5,127.0,S24_2300,Euro Shopping Channel,(91) 555 94 44,"C/ Moralzarzal, 86",Madrid,28034,Spain,Freyre,Diego,1
10259.0,47.0,112.46,9.0,5285.0,2019-06-15,1949.0,5,5,127.0,S24_2300,Handji Gifts& Co,+65 224 1555,Village Close - 106 Linden Road Sandown,Singapore,69045,Singapore,Victorino,Wendy,1
10271.0,43.0,130.35,10.0,5605.0,2019-07-20,1915.0,5,5,127.0,S24_2300,Mini Gifts Distributors Ltd.,4155551450,5677 Strong St.,San Rafael,97562,USA,Nelson,Valarie,1
10281.0,25.0,111.18,6.0,2779.0,2019-08-19,1886.0,5,5,127.0,S24_2300,Diecast Classics Inc.,2155551555,7586 Pompton St.,Allentown,70267,USA,Yu,Kyung,2
10291.0,48.0,112.46,1.0,5398.0,2019-09-08,1867.0,5,5,127.0,S24_2300,Scandinavian Gift Ideas,0695-34 6555,?kergatan 24,Boras,S-844 67,Sweden,Larsson,Maria,1
10305.0,24.0,132.9,10.0,3189.0,2019-10-13,1833.0,5,5,127.0,S24_2300,Marta's Replicas Co.,6175558555,39323 Spinnaker Dr.,Cambridge,51247,USA,Hernandez,Marta,1
10313.0,42.0,132.9,4.0,5581.0,2019-10-22,1825.0,5,5,127.0,S24_2300,Canadian Gift Exchange Network,(604) 555-3392,1900 Oak St.,Vancouver,V3F 2K1,Canada,Tannamuri,Yoshi,1
10324.0,31.0,123.24,2.0,3820.0,2019-11-05,1812.0,5,5,127.0,S24_2300,Vitachrome Inc.,2125551500,2678 Kingston Rd.,NYC,10022,USA,Frick,Michael,1
10334.0,42.0,131.62,5.0,5528.0,2019-11-19,1799.0,3,5,127.0,S24_2300,"Volvo Model Replicas, Co",0921-12 3555,Berguvsvgen  8,Lule,S-958 22,Sweden,Berglund,Christina,1
10348.0,37.0,161.66,1.0,5981.0,2019-11-01,1818.0,5,5,127.0,S24_2300,"Corrida Auto Replicas, Ltd",(91) 555 22 82,"C/ Araquil, 67",Madrid,28023,Spain,Sommer,Mart¡n,1
10358.0,41.0,138.65,7.0,5684.0,2019-12-10,1780.0,5,5,127.0,S24_2300,Euro Shopping Channel,(91) 555 94 44,"C/ Moralzarzal, 86",Madrid,28034,Spain,Freyre,Diego,1
10371.0,20.0,172.47,5.0,3449.0,2020-01-23,1737.0,5,5,127.0,S24_2300,Mini Gifts Distributors Ltd.,4155551450,5677 Strong St.,San Rafael,97562,USA,Nelson,Valarie,1
10382.0,20.0,132.72,3.0,2654.0,2020-02-17,1713.0,5,5,127.0,S24_2300,Mini Gifts Distributors Ltd.,4155551450,5677 Strong St.,San Rafael,97562,USA,Nelson,Valarie,2
10412.0,67.0,121.4,10.0,7951.5,2020-05-03,1638.0,5,5,127.0,S24_2300,Euro Shopping Channel,(91) 555 94 44,"C/ Moralzarzal, 86",Madrid,28034,Spain,Freyre,Diego,0
10425.0,49.0,112.46,9.0,5510.0,2020-05-31,1611.0,2,5,127.0,S24_2300,La Rochelle Gifts,40.67.8555,"67, rue des Cinquante Otages",Nantes,44000,France,Labrune,Janine,1
10108.0,35.0,58.87,15.0,2060.0,2018-03-03,2432.0,5,1,69.0,S24_2360,Cruz & Sons Co.,+63 2 555 3587,15 McCallum Street - NatWest Center #13-03,Makati City,1227 MM,Philippines,Cruz,Arnold,2
10121.0,32.0,76.88,2.0,2460.0,2018-05-07,2368.0,5,1,69.0,S24_2360,Reims Collectables,26.47.1555,59 rue de l'Abbaye,Reims,51100,France,Henriot,Paul,2
10135.0,29.0,61.64,16.0,1787.0,2018-07-02,2313.0,5,1,69.0,S24_2360,Mini Gifts Distributors Ltd.,4155551450,5677 Strong St.,San Rafael,97562,USA,Nelson,Valarie,2
10145.0,27.0,60.95,3.0,1645.0,2018-08-25,2260.0,5,1,69.0,S24_2360,Toys4GrownUps.com,6265557265,78934 Hillside Dr.,Pasadena,90003,USA,Young,Julie,2
10169.0,38.0,74.11,11.0,2816.0,2018-11-04,2190.0,5,1,69.0,S24_2360,"Anna's Decorations, Ltd",02 9936 8555,201 Miller Street,North Sydney,2060,Australia,O'Hara,Anna,2
10180.0,35.0,72.03,6.0,2521.0,2018-11-11,2184.0,5,1,69.0,S24_2360,Daedalus Designs Imports,20.16.1555,"184, chausse de Tournai",Lille,59000,France,Rance,Martine,2
10190.0,42.0,76.19,3.0,3199.0,2018-11-19,2177.0,5,1,69.0,S24_2360,Euro Shopping Channel,(91) 555 94 44,"C/ Moralzarzal, 86",Madrid,28034,Spain,Freyre,Diego,1
10211.0,21.0,63.72,11.0,1338.0,2019-01-15,2121.0,5,1,69.0,S24_2360,Auto Canal Petit,(1) 47.55.6555,"25, rue Lauriston",Paris,75016,France,Perrier,Dominique,2
10224.0,37.0,80.34,4.0,2972.0,2019-02-21,2085.0,5,1,69.0,S24_2360,Daedalus Designs Imports,20.16.1555,"184, chausse de Tournai",Lille,59000,France,Rance,Martine,2
10237.0,26.0,79.65,4.0,2070.0,2019-04-05,2043.0,5,1,69.0,S24_2360,Vitachrome Inc.,2125551500,2678 Kingston Rd.,NYC,10022,USA,Frick,Michael,2
10252.0,47.0,65.8,8.0,3092.0,2019-05-26,1993.0,5,1,69.0,S24_2360,Auto Canal Petit,(1) 47.55.6555,"25, rue Lauriston",Paris,75016,France,Perrier,Dominique,1
10264.0,37.0,65.1,6.0,2408.0,2019-06-30,1959.0,5,1,69.0,S24_2360,Gifts4AllAges.com,6175559555,8616 Spinnaker Dr.,Boston,51003,USA,Yoshido,Juri,2
10276.0,46.0,75.49,12.0,3472.0,2019-08-02,1927.0,5,1,69.0,S24_2360,Online Mini Collectables,6175557555,7635 Spinnaker Dr.,Brickhaven,58339,USA,Barajas,Miguel,1
10285.0,38.0,59.56,3.0,2263.0,2019-08-27,1903.0,5,1,69.0,S24_2360,Marta's Replicas Co.,6175558555,39323 Spinnaker Dr.,Cambridge,51247,USA,Hernandez,Marta,2
10299.0,33.0,66.49,6.0,2194.0,2019-09-30,1870.0,5,1,69.0,S24_2360,"Toys of Finland, Co.",90-224 8555,Keskuskatu 45,Helsinki,21240,Finland,Karttunen,Matti,2
10309.0,24.0,56.1,2.0,1346.0,2019-10-15,1856.0,5,1,69.0,S24_2360,Baane Mini Imports,07-98 9555,Erling Skakkes gate 78,Stavern,4110,Norway,Bergulfsen,Jonas,2
10319.0,31.0,81.73,7.0,2533.0,2019-11-03,1838.0,5,1,69.0,S24_2360,Microscale Inc.,2125551957,5290 North Pendale Street,NYC,10022,USA,Kuo,Kee,2
10330.0,42.0,81.03,1.0,3403.0,2019-11-16,1826.0,5,1,69.0,S24_2360,Cruz & Sons Co.,+63 2 555 3587,15 McCallum Street - NatWest Center #13-03,Makati City,1227 MM,Philippines,Cruz,Arnold,1
10341.0,32.0,103.35,6.0,3307.0,2019-11-24,1819.0,5,1,69.0,S24_2360,Salzburg Collectables,6562-9555,Geislweg 14,Salzburg,5020,Austria,Pipps,Georg,1
10355.0,41.0,70.65,3.0,2896.0,2019-12-07,1807.0,5,1,69.0,S24_2360,Euro Shopping Channel,(91) 555 94 44,"C/ Moralzarzal, 86",Madrid,28034,Spain,Freyre,Diego,2
10363.0,43.0,61.23,14.0,2632.0,2020-01-06,1778.0,5,1,69.0,S24_2360,Suominen Souveniers,+358 9 8045 555,"Software Engineering Center, SEC Oy",Espoo,FIN-02271,Finland,Suominen,Kalle,2
10375.0,20.0,102.3,14.0,2046.0,2020-02-03,1751.0,5,1,69.0,S24_2360,La Rochelle Gifts,40.67.8555,"67, rue des Cinquante Otages",Nantes,44000,France,Labrune,Janine,2
10390.0,35.0,65.13,4.0,2279.0,2020-03-04,1722.0,5,1,69.0,S24_2360,Mini Gifts Distributors Ltd.,4155551450,5677 Strong St.,San Rafael,97562,USA,Nelson,Valarie,2
10403.0,27.0,79.65,4.0,2150.0,2020-04-08,1688.0,5,1,69.0,S24_2360,"UK Collectables, Ltd.",(171) 555-2282,Berkeley Gardens 12  Brewery,Liverpool,WX1 6LT,UK,Devon,Elizabeth,2
10110.0,43.0,78.15,11.0,3360.0,2018-03-18,2441.0,5,0,90.0,S24_2766,"AV Stores, Co.",(171) 555-1555,Fauntleroy Circus,Manchester,EC2 5NT,UK,Ashworth,Victoria,1
10124.0,32.0,72.7,10.0,2326.0,2018-05-21,2378.0,5,0,90.0,S24_2766,Signal Gift Stores,7025551838,8489 Strong St.,Las Vegas,83030,USA,King,Sue,2
10148.0,21.0,73.6,4.0,1545.0,2018-09-11,2266.0,5,0,90.0,S24_2766,"Anna's Decorations, Ltd",02 9936 8555,201 Miller Street,North Sydney,2060,Australia,O'Hara,Anna,2
10161.0,20.0,107.23,3.0,2144.0,2018-10-17,2231.0,5,0,90.0,S24_2766,Heintze Collectables,86 21 3555,Smagsloget 45,Aaarhus,8200,Denmark,Ibsen,Palle,2
10172.0,22.0,74.51,1.0,1639.0,2018-11-05,2213.0,5,0,90.0,S24_2766,Gift Depot Inc.,2035552570,25593 South Bay Ln.,Bridgewater,97562,USA,King,Julie,2
10182.0,36.0,73.6,14.0,2649.0,2018-11-12,2207.0,5,0,90.0,S24_2766,Mini Gifts Distributors Ltd.,4155551450,5677 Strong St.,San Rafael,97562,USA,Nelson,Valarie,2
10192.0,46.0,83.6,2.0,3845.0,2018-11-20,2200.0,5,0,90.0,S24_2766,Online Diecast Creations Co.,6035558647,2304 Long Airport Avenue,Nashua,62005,USA,Young,Valarie,1
10204.0,47.0,96.32,8.0,4527.0,2018-12-02,2189.0,5,0,90.0,S24_2766,Muscle Machine Inc,2125557413,4092 Furth Circle,NYC,10022,USA,Young,Jeff,1
10212.0,45.0,88.14,1.0,3966.0,2019-01-16,2145.0,5,0,90.0,S24_2766,Euro Shopping Channel,(91) 555 94 44,"C/ Moralzarzal, 86",Madrid,28034,Spain,Freyre,Diego,1
10227.0,47.0,88.14,14.0,4142.0,2019-03-02,2101.0,5,0,90.0,S24_2766,"Saveley & Henriot, Co.",78.32.5555,"2, rue du Commerce",Lyon,69004,France,Saveley,Mary,1
10241.0,47.0,94.5,6.0,4441.0,2019-04-13,2060.0,5,0,90.0,S24_2766,Mini Caravy,88.60.1555,"24, place Kluber",Strasbourg,67000,France,Citeaux,Frederique,1
10267.0,38.0,87.24,3.0,3315.0,2019-07-07,1976.0,5,0,90.0,S24_2766,Muscle Machine Inc,2125557413,4092 Furth Circle,NYC,10022,USA,Young,Jeff,1
10279.0,49.0,79.97,3.0,3918.0,2019-08-09,1944.0,5,0,90.0,S24_2766,Euro Shopping Channel,(91) 555 94 44,"C/ Moralzarzal, 86",Madrid,28034,Spain,Freyre,Diego,1
10288.0,35.0,80.87,9.0,2830.0,2019-09-01,1922.0,5,0,90.0,S24_2766,Handji Gifts& Co,+65 224 1555,Village Close - 106 Linden Road Sandown,Singapore,69045,Singapore,Victorino,Wendy,2
10302.0,49.0,108.14,5.0,5298.0,2018-10-06,2253.0,5,0,90.0,S24_2766,"UK Collectables, Ltd.",(171) 555-2282,Berkeley Gardens 12  Brewery,Liverpool,WX1 6LT,UK,Devon,Elizabeth,1
10311.0,28.0,93.6,4.0,2620.0,2019-10-16,1879.0,5,0,90.0,S24_2766,Euro Shopping Channel,(91) 555 94 44,"C/ Moralzarzal, 86",Madrid,28034,Spain,Freyre,Diego,2
10321.0,30.0,72.7,1.0,2181.0,2019-11-04,1861.0,5,0,90.0,S24_2766,FunGiftIdeas.com,5085552555,1785 First Street,New Bedford,50553,USA,Benitez,Violeta,2
10332.0,39.0,86.72,7.0,3382.0,2019-11-17,1849.0,5,0,90.0,S24_2766,"AV Stores, Co.",(171) 555-1555,Fauntleroy Circus,Manchester,EC2 5NT,UK,Ashworth,Victoria,1
10346.0,25.0,115.07,1.0,2876.0,2019-11-29,1838.0,5,0,90.0,S24_2766,Signal Gift Stores,7025551838,8489 Strong St.,Las Vegas,83030,USA,King,Sue,2
10368.0,40.0,102.68,2.0,4107.0,2020-01-19,1788.0,5,0,90.0,S24_2766,Mini Gifts Distributors Ltd.,4155551450,5677 Strong St.,San Rafael,97562,USA,Nelson,Valarie,1
10380.0,36.0,37.5,6.0,1350.0,2020-02-16,1761.0,5,0,90.0,S24_2766,Euro Shopping Channel,(91) 555 94 44,"C/ Moralzarzal, 86",Madrid,28034,Spain,Freyre,Diego,2
10407.0,67.0,94.5,6.0,7182.0,2020-04-22,1696.0,3,0,90.0,S24_2766,The Sharp Gifts Warehouse,4085553659,3086 Ingle Ln.,San Jose,94217,USA,Frick,Sue,0
10420.0,39.0,100.87,9.0,3933.0,2020-05-29,1660.0,2,0,90.0,S24_2766,Souveniers And Things Co.,+61 2 9495 8555,"Monitor Money Building, 815 Pacific Hwy",Chatswood,2067,Australia,Huxley,Adrian,1
10104.0,44.0,39.6,10.0,1742.0,2018-01-31,2510.0,5,0,35.0,S24_2840,Euro Shopping Channel,(91) 555 94 44,"C/ Moralzarzal, 86",Madrid,28034,Spain,Freyre,Diego,2
10114.0,24.0,30.06,1.0,721.0,2018-04-01,2451.0,5,0,35.0,S24_2840,"La Corne D'abondance, Co.",(1) 42.34.2555,"265, boulevard Charonne",Paris,75012,France,Bertrand,Marie,2
10127.0,39.0,38.19,12.0,1489.0,2018-06-03,2389.0,5,0,35.0,S24_2840,Muscle Machine Inc,2125557413,4092 Furth Circle,NYC,10022,USA,Young,Jeff,2
10141.0,21.0,42.43,6.0,891.0,2018-08-01,2331.0,5,0,35.0,S24_2840,Suominen Souveniers,+358 9 8045 555,"Software Engineering Center, SEC Oy",Espoo,FIN-02271,Finland,Suominen,Kalle,2
10151.0,30.0,40.31,4.0,1209.0,2018-09-21,2281.0,5,0,35.0,S24_2840,"Oulu Toy Supplies, Inc.",981-443655,Torikatu 38,Oulu,90110,Finland,Koskitalo,Pirkko,2
10165.0,27.0,31.82,13.0,859.0,2018-10-22,2251.0,5,0,35.0,S24_2840,"Dragon Souveniers, Ltd.",+65 221 7555,"Bronz Sok., Bronz Apt. 3/6 Tesvikiye",Singapore,79903,Singapore,Natividad,Eric,2
10175.0,37.0,31.12,2.0,1151.0,2018-11-06,2237.0,5,0,35.0,S24_2840,"Stylish Desk Decors, Co.",(171) 555-0297,35 King George,London,WX3 6FW,UK,Brown,Ann,2
10184.0,42.0,31.82,7.0,1336.0,2018-11-14,2230.0,5,0,35.0,S24_2840,"Iberia Gift Imports, Corp.",(95) 555 82 82,"C/ Romero, 33",Sevilla,41101,Spain,Roel,Jose Pedro,2
10195.0,32.0,28.29,7.0,905.0,2018-11-25,2220.0,5,0,35.0,S24_2840,Mini Classics,9145554562,3758 North Pendale Street,White Plains,24067,USA,Frick,Steve,2
10207.0,42.0,29.7,8.0,1247.0,2018-12-09,2207.0,5,0,35.0,S24_2840,Diecast Collectables,6175552555,6251 Ingle Ln.,Boston,51003,USA,Franco,Valarie,2
10219.0,21.0,40.31,3.0,846.0,2019-02-10,2145.0,5,0,35.0,S24_2840,Signal Collectibles Ltd.,4155554312,2793 Furth Circle,Brisbane,94217,USA,Taylor,Sue,2
10229.0,33.0,32.88,2.0,1085.0,2019-03-11,2117.0,5,0,35.0,S24_2840,Mini Gifts Distributors Ltd.,4155551450,5677 Strong St.,San Rafael,97562,USA,Nelson,Valarie,2
10246.0,49.0,36.07,6.0,1767.0,2019-05-05,2063.0,5,0,35.0,S24_2840,Euro Shopping Channel,(91) 555 94 44,"C/ Moralzarzal, 86",Madrid,28034,Spain,Freyre,Diego,2
10259.0,31.0,33.24,5.0,1030.0,2019-06-15,2023.0,5,0,35.0,S24_2840,Handji Gifts& Co,+65 224 1555,Village Close - 106 Linden Road Sandown,Singapore,69045,Singapore,Victorino,Wendy,2
10271.0,38.0,41.72,6.0,1585.0,2019-07-20,1989.0,5,0,35.0,S24_2840,Mini Gifts Distributors Ltd.,4155551450,5677 Strong St.,San Rafael,97562,USA,Nelson,Valarie,2
10281.0,20.0,40.66,2.0,813.0,2019-08-19,1960.0,5,0,35.0,S24_2840,Diecast Classics Inc.,2155551555,7586 Pompton St.,Allentown,70267,USA,Yu,Kyung,2
10292.0,39.0,30.06,9.0,1172.0,2019-09-08,1941.0,5,0,35.0,S24_2840,Land of Toys Inc.,2125557818,897 Long Airport Avenue,NYC,10022,USA,Yu,Kwai,2
10305.0,48.0,31.47,6.0,1510.0,2019-10-13,1907.0,5,0,35.0,S24_2840,Marta's Replicas Co.,6175558555,39323 Spinnaker Dr.,Cambridge,51247,USA,Hernandez,Marta,2
10314.0,39.0,37.13,15.0,1448.0,2019-10-22,1899.0,5,0,35.0,S24_2840,Heintze Collectables,86 21 3555,Smagsloget 45,Aaarhus,8200,Denmark,Ibsen,Palle,2
10324.0,30.0,111.27,9.0,3338.0,2019-11-05,1886.0,5,0,35.0,S24_2840,Vitachrome Inc.,2125551500,2678 Kingston Rd.,NYC,10022,USA,Frick,Michael,1
10335.0,33.0,37.13,2.0,1225.0,2019-11-19,1873.0,5,0,35.0,S24_2840,Mini Gifts Distributors Ltd.,4155551450,5677 Strong St.,San Rafael,97562,USA,Nelson,Valarie,2
10349.0,36.0,37.13,3.0,1336.0,2019-12-01,1862.0,5,0,35.0,S24_2840,Muscle Machine Inc,2125557413,4092 Furth Circle,NYC,10022,USA,Young,Jeff,2
10358.0,36.0,82.94,4.0,2985.0,2019-12-10,1854.0,5,0,35.0,S24_2840,Euro Shopping Channel,(91) 555 94 44,"C/ Moralzarzal, 86",Madrid,28034,Spain,Freyre,Diego,2
10371.0,45.0,123.24,8.0,5545.0,2020-01-23,1811.0,5,0,35.0,S24_2840,Mini Gifts Distributors Ltd.,4155551450,5677 Strong St.,San Rafael,97562,USA,Nelson,Valarie,1
10383.0,40.0,152.24,3.0,6089.0,2020-02-22,1782.0,5,0,35.0,S24_2840,Euro Shopping Channel,(91) 555 94 44,"C/ Moralzarzal, 86",Madrid,28034,Spain,Freyre,Diego,1
10394.0,46.0,38.9,6.0,1789.0,2020-03-15,1761.0,5,0,35.0,S24_2840,Euro Shopping Channel,(91) 555 94 44,"C/ Moralzarzal, 86",Madrid,28034,Spain,Freyre,Diego,2
10412.0,30.0,36.07,6.0,1082.0,2020-05-03,1713.0,5,0,35.0,S24_2840,Euro Shopping Channel,(91) 555 94 44,"C/ Moralzarzal, 86",Madrid,28034,Spain,Freyre,Diego,2
10425.0,31.0,33.24,5.0,1030.0,2020-05-31,1686.0,2,0,35.0,S24_2840,La Rochelle Gifts,40.67.8555,"67, rue des Cinquante Otages",Nantes,44000,France,Labrune,Janine,2
10106.0,49.0,74.68,13.0,3659.0,2018-02-17,2521.0,5,2,68.0,S24_2841,Rovelli Gifts,035-640555,Via Ludovico il Moro 22,Bergamo,24100,Italy,Rovelli,Giovanni,1
10119.0,41.0,59.6,4.0,2443.0,2018-04-28,2452.0,5,2,68.0,S24_2841,Salzburg Collectables,6562-9555,Geislweg 14,Salzburg,5020,Austria,Pipps,Georg,2
10131.0,35.0,67.14,5.0,2349.0,2018-06-16,2404.0,5,2,68.0,S24_2841,Gift Ideas Corp.,2035554407,2440 Pompton St.,Glendale,97561,USA,Lewis,Dan,2
10143.0,27.0,60.97,8.0,1646.0,2018-08-10,2350.0,5,2,68.0,S24_2841,Mini Creations Ltd.,5085559555,4575 Hillside Dr.,New Bedford,50553,USA,Tam,Wing C,2
10155.0,23.0,72.62,6.0,1670.0,2018-10-06,2294.0,5,2,68.0,S24_2841,"Toys of Finland, Co.",90-224 8555,Keskuskatu 45,Helsinki,21240,Finland,Karttunen,Matti,2
10167.0,21.0,69.88,2.0,1467.0,2018-10-23,2278.0,0,2,68.0,S24_2841,Scandinavian Gift Ideas,0695-34 6555,?kergatan 24,Boras,S-844 67,Sweden,Larsson,Maria,2
10178.0,34.0,80.84,5.0,2748.0,2018-11-08,2263.0,5,2,68.0,S24_2841,Alpha Cognac,61.77.6555,1 rue Alsace-Lorraine,Toulouse,31000,France,Roulet,Annette,2
10186.0,22.0,69.2,2.0,1522.0,2018-11-14,2258.0,5,2,68.0,S24_2841,"Double Decker Gift Stores, Ltd",(171) 555-7555,120 Hanover Sq.,London,WA1 1DP,UK,Hardy,Thomas,2
10198.0,48.0,67.82,5.0,3255.0,2018-11-27,2246.0,5,2,68.0,S24_2841,Cruz & Sons Co.,+63 2 555 3587,15 McCallum Street - NatWest Center #13-03,Makati City,1227 MM,Philippines,Cruz,Arnold,1
10222.0,32.0,81.53,5.0,2608.0,2019-02-19,2163.0,5,2,68.0,S24_2841,Collectable Mini Designs Co.,7605558146,361 Furth Circle,San Diego,91217,USA,Thompson,Valarie,2
10249.0,20.0,67.82,1.0,1356.0,2019-05-08,2086.0,5,2,68.0,S24_2841,Cambridge Collectables Co.,6175555555,4658 Baden Av.,Cambridge,51247,USA,Tseng,Kyung,2
10262.0,24.0,67.14,10.0,1611.0,2019-06-24,2040.0,0,2,68.0,S24_2841,Euro Shopping Channel,(91) 555 94 44,"C/ Moralzarzal, 86",Madrid,28034,Spain,Freyre,Diego,2
10274.0,40.0,65.08,2.0,2603.0,2019-07-21,2014.0,5,2,68.0,S24_2841,Collectables For Less Inc.,6175558555,7825 Douglas Av.,Brickhaven,58339,USA,Nelson,Allen,2
10284.0,30.0,73.99,12.0,2219.0,2019-08-21,1984.0,5,2,68.0,S24_2841,"Norway Gifts By Mail, Co.",+47 2212 1555,"Drammensveien 126 A, PB 744 Sentrum",Oslo,N 0106,Norway,Klaeboe,Jan,2
10296.0,21.0,71.25,8.0,1496.0,2019-09-15,1960.0,5,2,68.0,S24_2841,"Bavarian Collectables Imports, Co.",+49 89 61 08 9555,Hansastr. 15,Munich,80686,Germany,Donnermeyer,Michael,2
10307.0,25.0,75.36,2.0,1884.0,2019-10-14,1932.0,5,2,68.0,S24_2841,"Classic Gift Ideas, Inc",2155554695,782 First Street,Philadelphia,71270,USA,Cervantes,Francisca,2
10316.0,34.0,63.71,10.0,2166.0,2019-11-01,1915.0,5,2,68.0,S24_2841,giftsbymail.co.uk,(198) 555-8888,Garden House Crowther Way,Cowes,PO31 7PJ,UK,Bennett,Helen,2
10328.0,48.0,58.92,1.0,2828.0,2019-11-12,1905.0,5,2,68.0,S24_2841,Rovelli Gifts,035-640555,Via Ludovico il Moro 22,Bergamo,24100,Italy,Rovelli,Giovanni,2
10339.0,55.0,112.99,12.0,6214.0,2019-11-23,1895.0,5,2,68.0,S24_2841,"Tokyo Collectables, Ltd",+81 3 3584 0555,2-2-8 Roppongi,Minato-ku,106-0032,Japan,Shimamura,Akiko,1
10351.0,25.0,74.68,5.0,1867.0,2019-12-03,1886.0,5,2,68.0,S24_2841,"Stylish Desk Decors, Co.",(171) 555-0297,35 King George,London,WX3 6FW,UK,Brown,Ann,2
10373.0,38.0,70.44,7.0,2676.0,2020-01-31,1828.0,5,2,68.0,S24_2841,"Oulu Toy Supplies, Inc.",981-443655,Torikatu 38,Oulu,90110,Finland,Koskitalo,Pirkko,2
10386.0,39.0,55.96,1.0,2182.0,2020-03-01,1799.0,4,2,68.0,S24_2841,Euro Shopping Channel,(91) 555 94 44,"C/ Moralzarzal, 86",Madrid,28034,Spain,Freyre,Diego,2
10398.0,28.0,57.55,3.0,1611.0,2020-03-30,1771.0,5,2,68.0,S24_2841,Reims Collectables,26.47.1555,59 rue de l'Abbaye,Reims,51100,France,Henriot,Paul,2
10400.0,24.0,61.66,2.0,1479.0,2020-04-01,1770.0,5,2,68.0,S24_2841,The Sharp Gifts Warehouse,4085553659,3086 Ingle Ln.,San Jose,94217,USA,Frick,Sue,2
10415.0,21.0,67.82,1.0,1424.0,2020-05-09,1733.0,1,2,68.0,S24_2841,"Australian Collectables, Ltd",61-9-3844-6555,7 Allen Street,Glen Waverly,3150,Australia,Connery,Sean,2
10110.0,46.0,129.18,10.0,5942.0,2018-03-18,2517.0,5,0,117.0,S24_2887,"AV Stores, Co.",(171) 555-1555,Fauntleroy Circus,Manchester,EC2 5NT,UK,Ashworth,Victoria,1
10124.0,25.0,93.95,9.0,2348.0,2018-05-21,2454.0,5,0,117.0,S24_2887,Signal Gift Stores,7025551838,8489 Strong St.,Las Vegas,83030,USA,King,Sue,2
10148.0,34.0,129.18,3.0,4392.0,2018-09-11,2342.0,5,0,117.0,S24_2887,"Anna's Decorations, Ltd",02 9936 8555,201 Miller Street,North Sydney,2060,Australia,O'Hara,Anna,1
10161.0,25.0,110.39,2.0,2759.0,2018-10-17,2307.0,5,0,117.0,S24_2887,Heintze Collectables,86 21 3555,Smagsloget 45,Aaarhus,8200,Denmark,Ibsen,Palle,2
10173.0,23.0,118.61,16.0,2728.0,2018-11-05,2289.0,5,0,117.0,S24_2887,Rovelli Gifts,035-640555,Via Ludovico il Moro 22,Bergamo,24100,Italy,Rovelli,Giovanni,2
10182.0,20.0,119.79,13.0,2395.0,2018-11-12,2283.0,5,0,117.0,S24_2887,Mini Gifts Distributors Ltd.,4155551450,5677 Strong St.,San Rafael,97562,USA,Nelson,Valarie,2
10192.0,23.0,132.71,1.0,3052.0,2018-11-20,2276.0,5,0,117.0,S24_2887,Online Diecast Creations Co.,6035558647,2304 Long Airport Avenue,Nashua,62005,USA,Young,Valarie,1
10204.0,42.0,101.0,7.0,4242.0,2018-12-02,2265.0,5,0,117.0,S24_2887,Muscle Machine Inc,2125557413,4092 Furth Circle,NYC,10022,USA,Young,Jeff,1
10213.0,27.0,103.35,3.0,2790.0,2019-01-22,2215.0,5,0,117.0,S24_2887,"Double Decker Gift Stores, Ltd",(171) 555-7555,120 Hanover Sq.,London,WA1 1DP,UK,Hardy,Thomas,2
10227.0,33.0,131.53,13.0,4340.0,2019-03-02,2177.0,5,0,117.0,S24_2887,"Saveley & Henriot, Co.",78.32.5555,"2, rue du Commerce",Lyon,69004,France,Saveley,Mary,1
10241.0,28.0,98.65,5.0,2762.0,2019-04-13,2136.0,5,0,117.0,S24_2887,Mini Caravy,88.60.1555,"24, place Kluber",Strasbourg,67000,France,Citeaux,Frederique,2
10267.0,43.0,108.04,2.0,4645.0,2019-07-07,2052.0,5,0,117.0,S24_2887,Muscle Machine Inc,2125557413,4092 Furth Circle,NYC,10022,USA,Young,Jeff,1
10279.0,48.0,116.27,2.0,5580.0,2019-08-09,2020.0,5,0,117.0,S24_2887,Euro Shopping Channel,(91) 555 94 44,"C/ Moralzarzal, 86",Madrid,28034,Spain,Freyre,Diego,1
10288.0,48.0,136.23,8.0,6539.0,2019-09-01,1998.0,5,0,117.0,S24_2887,Handji Gifts& Co,+65 224 1555,Village Close - 106 Linden Road Sandown,Singapore,69045,Singapore,Victorino,Wendy,1
10302.0,45.0,123.31,4.0,5548.0,2018-10-06,2329.0,5,0,117.0,S24_2887,"UK Collectables, Ltd.",(171) 555-2282,Berkeley Gardens 12  Brewery,Liverpool,WX1 6LT,UK,Devon,Elizabeth,1
10311.0,43.0,106.87,3.0,4595.0,2019-10-16,1955.0,5,0,117.0,S24_2887,Euro Shopping Channel,(91) 555 94 44,"C/ Moralzarzal, 86",Madrid,28034,Spain,Freyre,Diego,1
10332.0,44.0,42.26,11.0,1859.0,2019-11-17,1924.0,5,0,117.0,S24_2887,"AV Stores, Co.",(171) 555-1555,Fauntleroy Circus,Manchester,EC2 5NT,UK,Ashworth,Victoria,2
10346.0,24.0,87.24,5.0,2093.0,2019-11-29,1913.0,5,0,117.0,S24_2887,Signal Gift Stores,7025551838,8489 Strong St.,Las Vegas,83030,USA,King,Sue,2
10368.0,31.0,136.23,5.0,4223.0,2020-01-19,1863.0,5,0,117.0,S24_2887,Mini Gifts Distributors Ltd.,4155551450,5677 Strong St.,San Rafael,97562,USA,Nelson,Valarie,1
10380.0,44.0,36.29,7.0,1596.0,2020-02-16,1836.0,5,0,117.0,S24_2887,Euro Shopping Channel,(91) 555 94 44,"C/ Moralzarzal, 86",Madrid,28034,Spain,Freyre,Diego,2
10407.0,59.0,98.65,5.0,5820.0,2020-04-22,1771.0,3,0,117.0,S24_2887,The Sharp Gifts Warehouse,4085553659,3086 Ingle Ln.,San Jose,94217,USA,Frick,Sue,1
10420.0,55.0,96.3,8.0,5296.0,2020-05-29,1735.0,2,0,117.0,S24_2887,Souveniers And Things Co.,+61 2 9495 8555,"Monitor Money Building, 815 Pacific Hwy",Chatswood,2067,Australia,Huxley,Adrian,1
10109.0,29.0,32.1,6.0,930.0,2018-03-10,2547.0,5,0,37.0,S24_2972,Motor Mint Distributors Inc.,2155559857,11328 Douglas Av.,Philadelphia,71270,USA,Hernandez,Rosa,2
10122.0,39.0,30.96,4.0,1207.0,2018-05-08,2489.0,5,0,37.0,S24_2972,Marseille Mini Autos,91.24.4555,"12, rue des Bouchers",Marseille,13008,France,Lebihan,Laurence,2
10135.0,20.0,35.87,1.0,717.0,2018-07-02,2435.0,5,0,37.0,S24_2972,Mini Gifts Distributors Ltd.,4155551450,5677 Strong St.,San Rafael,97562,USA,Nelson,Valarie,2
10147.0,25.0,42.67,1.0,1066.0,2018-09-05,2371.0,5,0,37.0,S24_2972,Collectables For Less Inc.,6175558555,7825 Douglas Av.,Brickhaven,58339,USA,Nelson,Allen,2
10171.0,36.0,35.49,4.0,1277.0,2018-11-05,2311.0,5,0,37.0,S24_2972,Quebec Home Shopping Network,(514) 555-8054,43 rue St. Laurent,Montreal,H1J 1C3,Canada,Fresnisre,Jean,2
10181.0,37.0,42.67,8.0,1578.0,2018-11-12,2305.0,5,0,37.0,S24_2972,Herkku Gifts,+47 2267 3215,"Drammen 121, PR 744 Sentrum",Bergen,N 5804,Norway,Oeztan,Veysel,2
10192.0,30.0,30.59,13.0,917.0,2018-11-20,2298.0,5,0,37.0,S24_2972,Online Diecast Creations Co.,6035558647,2304 Long Airport Avenue,Nashua,62005,USA,Young,Valarie,2
10203.0,21.0,37.0,2.0,777.0,2018-12-02,2287.0,5,0,37.0,S24_2972,Euro Shopping Channel,(91) 555 94 44,"C/ Moralzarzal, 86",Madrid,28034,Spain,Freyre,Diego,2
10212.0,34.0,43.42,12.0,1476.0,2019-01-16,2243.0,5,0,37.0,S24_2972,Euro Shopping Channel,(91) 555 94 44,"C/ Moralzarzal, 86",Madrid,28034,Spain,Freyre,Diego,2
10225.0,42.0,36.63,3.0,1538.0,2019-02-22,2207.0,5,0,37.0,S24_2972,"Vida Sport, Ltd",0897-034555,Grenzacherweg 237,Gensve,1203,Switzerland,Holz,Michael,2
10239.0,20.0,44.56,2.0,891.0,2019-04-12,2159.0,5,0,37.0,S24_2972,"Oulu Toy Supplies, Inc.",981-443655,Torikatu 38,Oulu,90110,Finland,Koskitalo,Pirkko,2
10253.0,40.0,42.67,7.0,1706.0,2019-06-01,2110.0,0,0,37.0,S24_2972,"UK Collectables, Ltd.",(171) 555-2282,Berkeley Gardens 12  Brewery,Liverpool,WX1 6LT,UK,Devon,Elizabeth,2
10266.0,34.0,40.4,8.0,1373.0,2019-07-06,2076.0,5,0,37.0,S24_2972,L'ordine Souveniers,0522-556555,Strada Provinciale 124,Reggio Emilia,42100,Italy,Moroni,Maurizio,2
10278.0,31.0,38.89,8.0,1205.0,2019-08-06,2046.0,5,0,37.0,S24_2972,Signal Gift Stores,7025551838,8489 Strong St.,Las Vegas,83030,USA,King,Sue,2
10287.0,36.0,39.65,6.0,1427.0,2019-08-30,2023.0,5,0,37.0,S24_2972,"Vida Sport, Ltd",0897-034555,Grenzacherweg 237,Gensve,1203,Switzerland,Holz,Michael,2
10301.0,48.0,34.36,10.0,1649.0,2018-10-05,2353.0,5,0,37.0,S24_2972,"Norway Gifts By Mail, Co.",+47 2212 1555,"Drammensveien 126 A, PB 744 Sentrum",Oslo,N 0106,Norway,Klaeboe,Jan,2
10310.0,33.0,41.91,4.0,1383.0,2019-10-16,1978.0,5,0,37.0,S24_2972,"Toms Spezialitten, Ltd",0221-5554327,Mehrheimerstr. 369,Koln,50739,Germany,Pfalzheim,Henriette,2
10321.0,37.0,33.23,12.0,1229.0,2019-11-04,1960.0,5,0,37.0,S24_2972,FunGiftIdeas.com,5085552555,1785 First Street,New Bedford,50553,USA,Benitez,Violeta,2
10331.0,27.0,42.24,13.0,1140.0,2019-11-17,1948.0,5,0,37.0,S24_2972,Motor Mint Distributors Inc.,2155559857,11328 Douglas Av.,Philadelphia,71270,USA,Hernandez,Rosa,2
10342.0,39.0,40.4,9.0,1575.0,2019-11-24,1942.0,5,0,37.0,S24_2972,"Australian Collectors, Co.",03 9520 4555,636 St Kilda Road,Melbourne,3004,Australia,Ferguson,Peter,2
10355.0,36.0,38.52,4.0,1386.0,2019-12-07,1930.0,5,0,37.0,S24_2972,Euro Shopping Channel,(91) 555 94 44,"C/ Moralzarzal, 86",Madrid,28034,Spain,Freyre,Diego,2
10367.0,36.0,139.4,2.0,5018.0,2020-01-12,1895.0,4,0,37.0,S24_2972,Toys4GrownUps.com,6265557265,78934 Hillside Dr.,Pasadena,90003,USA,Young,Julie,1
10378.0,41.0,142.85,7.0,5856.0,2020-02-10,1867.0,5,0,37.0,S24_2972,Euro Shopping Channel,(91) 555 94 44,"C/ Moralzarzal, 86",Madrid,28034,Spain,Freyre,Diego,1
10390.0,37.0,132.29,5.0,4894.0,2020-03-04,1845.0,5,0,37.0,S24_2972,Mini Gifts Distributors Ltd.,4155551450,5677 Strong St.,San Rafael,97562,USA,Nelson,Valarie,1
10405.0,47.0,44.56,2.0,2094.0,2020-04-14,1805.0,5,0,37.0,S24_2972,Mini Caravy,88.60.1555,"24, place Kluber",Strasbourg,67000,France,Citeaux,Frederique,2
10419.0,15.0,42.67,7.0,640.0,2020-05-17,1773.0,5,0,37.0,S24_2972,Salzburg Collectables,6562-9555,Geislweg 14,Salzburg,5020,Austria,Pipps,Georg,2
10105.0,44.0,72.58,4.0,3193.0,2018-02-11,2600.0,5,6,88.0,S24_3151,Danish Wholesale Imports,31 12 3555,Vinb'ltet 34,Kobenhavn,1734,Denmark,Petersen,Jytte,1
10119.0,35.0,87.62,13.0,3066.0,2018-04-28,2525.0,5,6,88.0,S24_3151,Salzburg Collectables,6562-9555,Geislweg 14,Salzburg,5020,Austria,Pipps,Georg,1
10129.0,41.0,94.71,4.0,3883.0,2018-06-12,2481.0,5,6,88.0,S24_3151,"Stylish Desk Decors, Co.",(171) 555-0297,35 King George,London,WX3 6FW,UK,Brown,Ann,1
10142.0,49.0,98.25,1.0,4814.0,2018-08-08,2425.0,5,6,88.0,S24_3151,Mini Gifts Distributors Ltd.,4155551450,5677 Strong St.,San Rafael,97562,USA,Nelson,Valarie,1
10154.0,31.0,91.17,2.0,2826.0,2018-10-02,2371.0,5,6,88.0,S24_3151,Boards & Toys Co.,3105552373,4097 Douglas Av.,Glendale,92561,USA,Young,Leslie,2
10167.0,20.0,79.66,11.0,1593.0,2018-10-23,2351.0,0,6,88.0,S24_3151,Scandinavian Gift Ideas,0695-34 6555,?kergatan 24,Boras,S-844 67,Sweden,Larsson,Maria,2
10177.0,45.0,72.58,2.0,3266.0,2018-11-07,2337.0,5,6,88.0,S24_3151,CAF Imports,+34 913 728 555,"Merchants House, 27-30 Merchant's Quay",Madrid,28023,Spain,Fernandez,Jesus,1
10185.0,33.0,74.35,2.0,2453.0,2018-11-14,2331.0,5,6,88.0,S24_3151,Mini Creations Ltd.,5085559555,4575 Hillside Dr.,New Bedford,50553,USA,Tam,Wing C,2
10197.0,47.0,83.2,8.0,3910.0,2018-11-26,2320.0,5,6,88.0,S24_3151,Enaco Distributors,(93) 203 4555,"Rambla de Catalu¤a, 23",Barcelona,8022,Spain,Saavedra,Eduardo,1
10208.0,20.0,89.4,2.0,1788.0,2019-01-02,2284.0,5,6,88.0,S24_3151,"Saveley & Henriot, Co.",78.32.5555,"2, rue du Commerce",Lyon,69004,France,Saveley,Mary,2
10222.0,47.0,70.81,14.0,3328.0,2019-02-19,2237.0,5,6,88.0,S24_3151,Collectable Mini Designs Co.,7605558146,361 Furth Circle,San Diego,91217,USA,Thompson,Valarie,1
10233.0,40.0,94.71,2.0,3788.0,2019-03-29,2200.0,5,6,88.0,S24_3151,Tekni Collectables Inc.,2015559350,7476 Moss Rd.,Newark,94019,USA,Brown,William,1
10248.0,30.0,101.79,5.0,3053.0,2019-05-07,2162.0,0,6,88.0,S24_3151,Land of Toys Inc.,2125557818,897 Long Airport Avenue,NYC,10022,USA,Yu,Kwai,1
10261.0,22.0,91.17,3.0,2005.0,2019-06-17,2122.0,5,6,88.0,S24_3151,Quebec Home Shopping Network,(514) 555-8054,43 rue St. Laurent,Montreal,H1J 1C3,Canada,Fresnisre,Jean,2
10273.0,27.0,103.56,6.0,2796.0,2019-07-21,2089.0,5,6,88.0,S24_3151,Petit Auto,(02) 5554 67,Rue Joseph-Bens 532,Bruxelles,B-1180,Belgium,Dewey,Catherine,2
10283.0,34.0,92.94,8.0,3159.0,2019-08-20,2060.0,5,6,88.0,S24_3151,"Royal Canadian Collectables, Ltd.",(604) 555-4555,23 Tsawassen Blvd.,Tsawassen,T2F 8M4,Canada,Lincoln,Elizabeth,1
10295.0,46.0,84.97,3.0,3908.0,2019-09-10,2040.0,5,6,88.0,S24_3151,Gifts4AllAges.com,6175559555,8616 Spinnaker Dr.,Boston,51003,USA,Yoshido,Juri,1
10306.0,31.0,84.08,2.0,2606.0,2019-10-14,2007.0,5,6,88.0,S24_3151,"AV Stores, Co.",(171) 555-1555,Fauntleroy Circus,Manchester,EC2 5NT,UK,Ashworth,Victoria,2
10315.0,24.0,86.74,1.0,2081.0,2019-10-29,1993.0,5,6,88.0,S24_3151,La Rochelle Gifts,40.67.8555,"67, rue des Cinquante Otages",Nantes,44000,France,Labrune,Janine,2
10326.0,41.0,85.85,3.0,3519.0,2019-11-09,1983.0,5,6,88.0,S24_3151,"Volvo Model Replicas, Co",0921-12 3555,Berguvsvgen  8,Lule,S-958 22,Sweden,Berglund,Christina,1
10339.0,55.0,195.6,13.0,7951.5,2019-11-23,1970.0,5,6,88.0,S24_3151,"Tokyo Collectables, Ltd",+81 3 3584 0555,2-2-8 Roppongi,Minato-ku,106-0032,Japan,Shimamura,Akiko,0
10350.0,30.0,100.7,9.0,3021.0,2019-12-02,1962.0,5,6,88.0,S24_3151,Euro Shopping Channel,(91) 555 94 44,"C/ Moralzarzal, 86",Madrid,28034,Spain,Freyre,Diego,1
10373.0,33.0,57.32,12.0,1891.0,2020-01-31,1903.0,5,6,88.0,S24_3151,"Oulu Toy Supplies, Inc.",981-443655,Torikatu 38,Oulu,90110,Finland,Koskitalo,Pirkko,2
10396.0,27.0,83.2,7.0,2246.0,2020-03-23,1852.0,5,6,88.0,S24_3151,Mini Gifts Distributors Ltd.,4155551450,5677 Strong St.,San Rafael,97562,USA,Nelson,Valarie,2
10414.0,60.0,101.79,5.0,6107.0,2020-05-06,1809.0,3,6,88.0,S24_3151,Gifts4AllAges.com,6175559555,8616 Spinnaker Dr.,Boston,51003,USA,Yoshido,Juri,1
10110.0,27.0,73.62,12.0,1987.0,2018-03-18,2590.0,5,0,85.0,S24_3191,"AV Stores, Co.",(171) 555-1555,Fauntleroy Circus,Manchester,EC2 5NT,UK,Ashworth,Victoria,2
10124.0,49.0,83.04,11.0,4068.0,2018-05-21,2527.0,5,0,85.0,S24_3191,Signal Gift Stores,7025551838,8489 Strong St.,Las Vegas,83030,USA,King,Sue,1
10148.0,31.0,73.62,5.0,2282.0,2018-09-11,2415.0,5,0,85.0,S24_3191,"Anna's Decorations, Ltd",02 9936 8555,201 Miller Street,North Sydney,2060,Australia,O'Hara,Anna,2
10161.0,20.0,77.05,4.0,1541.0,2018-10-17,2380.0,5,0,85.0,S24_3191,Heintze Collectables,86 21 3555,Smagsloget 45,Aaarhus,8200,Denmark,Ibsen,Palle,2
10172.0,24.0,81.33,2.0,1951.0,2018-11-05,2362.0,5,0,85.0,S24_3191,Gift Depot Inc.,2035552570,25593 South Bay Ln.,Bridgewater,97562,USA,King,Julie,2
10182.0,33.0,94.17,15.0,3107.0,2018-11-12,2356.0,5,0,85.0,S24_3191,Mini Gifts Distributors Ltd.,4155551450,5677 Strong St.,San Rafael,97562,USA,Nelson,Valarie,1
10192.0,32.0,72.77,3.0,2328.0,2018-11-20,2349.0,5,0,85.0,S24_3191,Online Diecast Creations Co.,6035558647,2304 Long Airport Avenue,Nashua,62005,USA,Young,Valarie,2
10204.0,40.0,79.62,9.0,3184.0,2018-12-02,2338.0,5,0,85.0,S24_3191,Muscle Machine Inc,2125557413,4092 Furth Circle,NYC,10022,USA,Young,Jeff,1
10212.0,27.0,79.62,2.0,2149.0,2019-01-16,2294.0,5,0,85.0,S24_3191,Euro Shopping Channel,(91) 555 94 44,"C/ Moralzarzal, 86",Madrid,28034,Spain,Freyre,Diego,2
10227.0,40.0,79.62,15.0,3184.0,2019-03-02,2250.0,5,0,85.0,S24_3191,"Saveley & Henriot, Co.",78.32.5555,"2, rue du Commerce",Lyon,69004,France,Saveley,Mary,1
10241.0,26.0,81.33,7.0,2114.0,2019-04-13,2209.0,5,0,85.0,S24_3191,Mini Caravy,88.60.1555,"24, place Kluber",Strasbourg,67000,France,Citeaux,Frederique,2
10267.0,44.0,96.74,4.0,4256.0,2019-07-07,2125.0,5,0,85.0,S24_3191,Muscle Machine Inc,2125557413,4092 Furth Circle,NYC,10022,USA,Young,Jeff,1
10279.0,33.0,71.06,4.0,2344.0,2019-08-09,2093.0,5,0,85.0,S24_3191,Euro Shopping Channel,(91) 555 94 44,"C/ Moralzarzal, 86",Madrid,28034,Spain,Freyre,Diego,2
10288.0,34.0,68.49,10.0,2328.0,2019-09-01,2071.0,5,0,85.0,S24_3191,Handji Gifts& Co,+65 224 1555,Village Close - 106 Linden Road Sandown,Singapore,69045,Singapore,Victorino,Wendy,2
10302.0,48.0,74.48,6.0,3575.0,2018-10-06,2402.0,5,0,85.0,S24_3191,"UK Collectables, Ltd.",(171) 555-2282,Berkeley Gardens 12  Brewery,Liverpool,WX1 6LT,UK,Devon,Elizabeth,1
10311.0,25.0,83.04,5.0,2076.0,2019-10-16,2028.0,5,0,85.0,S24_3191,Euro Shopping Channel,(91) 555 94 44,"C/ Moralzarzal, 86",Madrid,28034,Spain,Freyre,Diego,2
10321.0,39.0,84.75,2.0,3305.0,2019-11-04,2010.0,5,0,85.0,S24_3191,FunGiftIdeas.com,5085552555,1785 First Street,New Bedford,50553,USA,Benitez,Violeta,1
10332.0,45.0,34.19,12.0,1538.0,2019-11-17,1998.0,5,0,85.0,S24_3191,"AV Stores, Co.",(171) 555-1555,Fauntleroy Circus,Manchester,EC2 5NT,UK,Ashworth,Victoria,2
10346.0,24.0,138.58,2.0,3325.0,2019-11-29,1987.0,5,0,85.0,S24_3191,Signal Gift Stores,7025551838,8489 Strong St.,Las Vegas,83030,USA,King,Sue,1
10368.0,46.0,79.62,1.0,3662.0,2020-01-19,1937.0,5,0,85.0,S24_3191,Mini Gifts Distributors Ltd.,4155551450,5677 Strong St.,San Rafael,97562,USA,Nelson,Valarie,1
10380.0,44.0,79.06,9.0,3478.0,2020-02-16,1910.0,5,0,85.0,S24_3191,Euro Shopping Channel,(91) 555 94 44,"C/ Moralzarzal, 86",Madrid,28034,Spain,Freyre,Diego,1
10407.0,13.0,81.33,7.0,1057.0,2020-04-22,1845.0,3,0,85.0,S24_3191,The Sharp Gifts Warehouse,4085553659,3086 Ingle Ln.,San Jose,94217,USA,Frick,Sue,2
10420.0,35.0,96.74,10.0,3385.0,2020-05-29,1809.0,2,0,85.0,S24_3191,Souveniers And Things Co.,+61 2 9495 8555,"Monitor Money Building, 815 Pacific Hwy",Chatswood,2067,Australia,Huxley,Adrian,1
10108.0,30.0,63.07,5.0,1892.0,2018-03-03,2628.0,5,0,61.0,S24_3371,Cruz & Sons Co.,+63 2 555 3587,15 McCallum Street - NatWest Center #13-03,Makati City,1227 MM,Philippines,Cruz,Arnold,2
10122.0,34.0,50.21,9.0,1707.0,2018-05-08,2563.0,5,0,61.0,S24_3371,Marseille Mini Autos,91.24.4555,"12, rue des Bouchers",Marseille,13008,France,Lebihan,Laurence,2
10135.0,27.0,66.13,6.0,1785.0,2018-07-02,2509.0,5,0,61.0,S24_3371,Mini Gifts Distributors Ltd.,4155551450,5677 Strong St.,San Rafael,97562,USA,Nelson,Valarie,2
10147.0,30.0,68.58,6.0,2057.0,2018-09-05,2445.0,5,0,61.0,S24_3371,Collectables For Less Inc.,6175558555,7825 Douglas Av.,Brickhaven,58339,USA,Nelson,Allen,2
10169.0,34.0,50.21,1.0,1707.0,2018-11-04,2386.0,5,0,61.0,S24_3371,"Anna's Decorations, Ltd",02 9936 8555,201 Miller Street,North Sydney,2060,Australia,O'Hara,Anna,2
10181.0,23.0,65.52,13.0,1506.0,2018-11-12,2379.0,5,0,61.0,S24_3371,Herkku Gifts,+47 2267 3215,"Drammen 121, PR 744 Sentrum",Bergen,N 5804,Norway,Oeztan,Veysel,2
10191.0,48.0,60.01,2.0,2880.0,2018-11-20,2372.0,5,0,61.0,S24_3371,"Toms Spezialitten, Ltd",0221-5554327,Mehrheimerstr. 369,Koln,50739,Germany,Pfalzheim,Henriette,2
10203.0,34.0,64.9,7.0,2206.0,2018-12-02,2361.0,5,0,61.0,S24_3371,Euro Shopping Channel,(91) 555 94 44,"C/ Moralzarzal, 86",Madrid,28034,Spain,Freyre,Diego,2
10211.0,48.0,48.98,1.0,2351.0,2019-01-15,2318.0,5,0,61.0,S24_3371,Auto Canal Petit,(1) 47.55.6555,"25, rue Lauriston",Paris,75016,France,Perrier,Dominique,2
10225.0,24.0,50.21,8.0,1205.0,2019-02-22,2281.0,5,0,61.0,S24_3371,"Vida Sport, Ltd",0897-034555,Grenzacherweg 237,Gensve,1203,Switzerland,Holz,Michael,2
10238.0,47.0,62.45,2.0,2935.0,2019-04-09,2236.0,5,0,61.0,S24_3371,Danish Wholesale Imports,31 12 3555,Vinb'ltet 34,Kobenhavn,1734,Denmark,Petersen,Jytte,2
10253.0,24.0,52.66,12.0,1263.0,2019-06-01,2184.0,0,0,61.0,S24_3371,"UK Collectables, Ltd.",(171) 555-2282,Berkeley Gardens 12  Brewery,Liverpool,WX1 6LT,UK,Devon,Elizabeth,2
10266.0,47.0,62.45,13.0,2935.0,2019-07-06,2150.0,5,0,61.0,S24_3371,L'ordine Souveniers,0522-556555,Strada Provinciale 124,Reggio Emilia,42100,Italy,Moroni,Maurizio,2
10276.0,20.0,61.23,2.0,1224.0,2019-08-02,2124.0,5,0,61.0,S24_3371,Online Mini Collectables,6175557555,7635 Spinnaker Dr.,Brickhaven,58339,USA,Barajas,Miguel,2
10287.0,20.0,67.97,11.0,1359.0,2019-08-30,2097.0,5,0,61.0,S24_3371,"Vida Sport, Ltd",0897-034555,Grenzacherweg 237,Gensve,1203,Switzerland,Holz,Michael,2
10300.0,31.0,58.78,4.0,1822.0,2018-10-04,2428.0,5,0,61.0,S24_3371,"Blauer See Auto, Co.",+49 69 66 90 2555,Lyonerstr. 34,Frankfurt,60528,Germany,Keitel,Roland,2
10310.0,38.0,56.94,9.0,2163.0,2019-10-16,2052.0,5,0,61.0,S24_3371,"Toms Spezialitten, Ltd",0221-5554327,Mehrheimerstr. 369,Koln,50739,Germany,Pfalzheim,Henriette,2
10320.0,26.0,61.23,2.0,1591.0,2019-11-03,2035.0,5,0,61.0,S24_3371,"Volvo Model Replicas, Co",0921-12 3555,Berguvsvgen  8,Lule,S-958 22,Sweden,Berglund,Christina,2
10331.0,25.0,123.14,9.0,3078.0,2019-11-17,2022.0,5,0,61.0,S24_3371,Motor Mint Distributors Inc.,2155559857,11328 Douglas Av.,Philadelphia,71270,USA,Hernandez,Rosa,1
10342.0,48.0,62.45,10.0,2997.0,2019-11-24,2016.0,5,0,61.0,S24_3371,"Australian Collectors, Co.",03 9520 4555,636 St Kilda Road,Melbourne,3004,Australia,Ferguson,Peter,2
10355.0,44.0,62.45,6.0,2747.0,2019-12-07,2004.0,5,0,61.0,S24_3371,Euro Shopping Channel,(91) 555 94 44,"C/ Moralzarzal, 86",Madrid,28034,Spain,Freyre,Diego,2
10363.0,21.0,116.56,15.0,2447.0,2020-01-06,1975.0,5,0,61.0,S24_3371,Suominen Souveniers,+358 9 8045 555,"Software Engineering Center, SEC Oy",Espoo,FIN-02271,Finland,Suominen,Kalle,2
10378.0,46.0,41.54,6.0,1910.0,2020-02-10,1941.0,5,0,61.0,S24_3371,Euro Shopping Channel,(91) 555 94 44,"C/ Moralzarzal, 86",Madrid,28034,Spain,Freyre,Diego,2
10390.0,46.0,52.84,6.0,2430.0,2020-03-04,1919.0,5,0,61.0,S24_3371,Mini Gifts Distributors Ltd.,4155551450,5677 Strong St.,San Rafael,97562,USA,Nelson,Valarie,2
10419.0,55.0,52.66,12.0,2896.0,2020-05-17,1846.0,5,0,61.0,S24_3371,Salzburg Collectables,6562-9555,Geislweg 14,Salzburg,5020,Austria,Pipps,Georg,2
10106.0,31.0,52.6,14.0,1630.0,2018-02-17,2667.0,5,6,65.0,S24_3420,Rovelli Gifts,035-640555,Via Ludovico il Moro 22,Bergamo,24100,Italy,Rovelli,Giovanni,2
10119.0,20.0,72.98,5.0,1459.0,2018-04-28,2598.0,5,6,65.0,S24_3420,Salzburg Collectables,6562-9555,Geislweg 14,Salzburg,5020,Austria,Pipps,Georg,2
10131.0,29.0,59.18,6.0,1716.0,2018-06-16,2550.0,5,6,65.0,S24_3420,Gift Ideas Corp.,2035554407,2440 Pompton St.,Glendale,97561,USA,Lewis,Dan,2
10143.0,33.0,77.59,9.0,2560.0,2018-08-10,2496.0,5,6,65.0,S24_3420,Mini Creations Ltd.,5085559555,4575 Hillside Dr.,New Bedford,50553,USA,Tam,Wing C,2
10155.0,34.0,55.89,7.0,1900.0,2018-10-06,2440.0,5,6,65.0,S24_3420,"Toys of Finland, Co.",90-224 8555,Keskuskatu 45,Helsinki,21240,Finland,Karttunen,Matti,2
10167.0,32.0,63.12,3.0,2019.0,2018-10-23,2424.0,0,6,65.0,S24_3420,Scandinavian Gift Ideas,0695-34 6555,?kergatan 24,Boras,S-844 67,Sweden,Larsson,Maria,2
10178.0,27.0,73.64,6.0,1988.0,2018-11-08,2409.0,5,6,65.0,S24_3420,Alpha Cognac,61.77.6555,1 rue Alsace-Lorraine,Toulouse,31000,France,Roulet,Annette,2
10186.0,21.0,69.04,3.0,1449.0,2018-11-14,2404.0,5,6,65.0,S24_3420,"Double Decker Gift Stores, Ltd",(171) 555-7555,120 Hanover Sq.,London,WA1 1DP,UK,Hardy,Thomas,2
10198.0,27.0,71.67,6.0,1935.0,2018-11-27,2392.0,5,6,65.0,S24_3420,Cruz & Sons Co.,+63 2 555 3587,15 McCallum Street - NatWest Center #13-03,Makati City,1227 MM,Philippines,Cruz,Arnold,2
10222.0,43.0,70.35,6.0,3025.0,2019-02-19,2309.0,5,6,65.0,S24_3420,Collectable Mini Designs Co.,7605558146,361 Furth Circle,San Diego,91217,USA,Thompson,Valarie,1
10249.0,25.0,69.7,2.0,1742.0,2019-05-08,2232.0,5,6,65.0,S24_3420,Cambridge Collectables Co.,6175555555,4658 Baden Av.,Cambridge,51247,USA,Tseng,Kyung,2
10262.0,46.0,70.35,11.0,3236.0,2019-06-24,2186.0,0,6,65.0,S24_3420,Euro Shopping Channel,(91) 555 94 44,"C/ Moralzarzal, 86",Madrid,28034,Spain,Freyre,Diego,1
10274.0,24.0,72.33,3.0,1735.0,2019-07-21,2160.0,5,6,65.0,S24_3420,Collectables For Less Inc.,6175558555,7825 Douglas Av.,Brickhaven,58339,USA,Nelson,Allen,2
10284.0,39.0,71.67,13.0,2795.0,2019-08-21,2130.0,5,6,65.0,S24_3420,"Norway Gifts By Mail, Co.",+47 2212 1555,"Drammensveien 126 A, PB 744 Sentrum",Oslo,N 0106,Norway,Klaeboe,Jan,2
10296.0,31.0,53.92,9.0,1671.0,2019-09-15,2106.0,5,6,65.0,S24_3420,"Bavarian Collectables Imports, Co.",+49 89 61 08 9555,Hansastr. 15,Munich,80686,Germany,Donnermeyer,Michael,2
10307.0,22.0,71.67,3.0,1576.0,2019-10-14,2078.0,5,6,65.0,S24_3420,"Classic Gift Ideas, Inc",2155554695,782 First Street,Philadelphia,71270,USA,Cervantes,Francisca,2
10316.0,47.0,76.93,11.0,3615.0,2019-11-01,2061.0,5,6,65.0,S24_3420,giftsbymail.co.uk,(198) 555-8888,Garden House Crowther Way,Cowes,PO31 7PJ,UK,Bennett,Helen,1
10328.0,20.0,72.98,2.0,1459.0,2019-11-12,2051.0,5,6,65.0,S24_3420,Rovelli Gifts,035-640555,Via Ludovico il Moro 22,Bergamo,24100,Italy,Rovelli,Giovanni,2
10339.0,29.0,99.69,14.0,2891.0,2019-11-23,2041.0,5,6,65.0,S24_3420,"Tokyo Collectables, Ltd",+81 3 3584 0555,2-2-8 Roppongi,Minato-ku,106-0032,Japan,Shimamura,Akiko,2
10351.0,38.0,68.38,4.0,2598.0,2019-12-03,2032.0,5,6,65.0,S24_3420,"Stylish Desk Decors, Co.",(171) 555-0297,35 King George,London,WX3 6FW,UK,Brown,Ann,2
10361.0,34.0,113.88,6.0,3871.0,2019-12-17,2019.0,5,6,65.0,S24_3420,Souveniers And Things Co.,+61 2 9495 8555,"Monitor Money Building, 815 Pacific Hwy",Chatswood,2067,Australia,Huxley,Adrian,1
10373.0,46.0,66.0,11.0,3036.0,2020-01-31,1975.0,5,6,65.0,S24_3420,"Oulu Toy Supplies, Inc.",981-443655,Torikatu 38,Oulu,90110,Finland,Koskitalo,Pirkko,1
10386.0,35.0,63.76,9.0,2231.0,2020-03-01,1946.0,4,6,65.0,S24_3420,Euro Shopping Channel,(91) 555 94 44,"C/ Moralzarzal, 86",Madrid,28034,Spain,Freyre,Diego,2
10398.0,34.0,71.67,13.0,2436.0,2020-03-30,1918.0,5,6,65.0,S24_3420,Reims Collectables,26.47.1555,59 rue de l'Abbaye,Reims,51100,France,Henriot,Paul,2
10400.0,38.0,57.2,3.0,2173.0,2020-04-01,1917.0,5,6,65.0,S24_3420,The Sharp Gifts Warehouse,4085553659,3086 Ingle Ln.,San Jose,94217,USA,Frick,Sue,2
10415.0,18.0,69.7,2.0,1254.0,2020-05-09,1880.0,1,6,65.0,S24_3420,"Australian Collectables, Ltd",61-9-3844-6555,7 Allen Street,Glen Waverly,3150,Australia,Connery,Sean,2
10110.0,37.0,100.66,14.0,3724.0,2018-03-18,2664.0,5,0,107.0,S24_3432,"AV Stores, Co.",(171) 555-1555,Fauntleroy Circus,Manchester,EC2 5NT,UK,Ashworth,Victoria,1
10124.0,43.0,121.0,13.0,5203.0,2018-05-21,2601.0,5,0,107.0,S24_3432,Signal Gift Stores,7025551838,8489 Strong St.,Las Vegas,83030,USA,King,Sue,1
10148.0,27.0,128.5,7.0,3469.0,2018-09-11,2489.0,5,0,107.0,S24_3432,"Anna's Decorations, Ltd",02 9936 8555,201 Miller Street,North Sydney,2060,Australia,O'Hara,Anna,1
10161.0,30.0,104.94,6.0,3148.0,2018-10-17,2454.0,5,0,107.0,S24_3432,Heintze Collectables,86 21 3555,Smagsloget 45,Aaarhus,8200,Denmark,Ibsen,Palle,1
10172.0,22.0,98.51,4.0,2167.0,2018-11-05,2436.0,5,0,107.0,S24_3432,Gift Depot Inc.,2035552570,25593 South Bay Ln.,Bridgewater,97562,USA,King,Julie,2
10182.0,49.0,127.43,17.0,6244.0,2018-11-12,2430.0,5,0,107.0,S24_3432,Mini Gifts Distributors Ltd.,4155551450,5677 Strong St.,San Rafael,97562,USA,Nelson,Valarie,1
10192.0,46.0,121.0,5.0,5566.0,2018-11-20,2423.0,5,0,107.0,S24_3432,Online Diecast Creations Co.,6035558647,2304 Long Airport Avenue,Nashua,62005,USA,Young,Valarie,1
10204.0,48.0,91.02,11.0,4368.0,2018-12-02,2412.0,5,0,107.0,S24_3432,Muscle Machine Inc,2125557413,4092 Furth Circle,NYC,10022,USA,Young,Jeff,1
10212.0,46.0,87.81,4.0,4039.0,2019-01-16,2368.0,5,0,107.0,S24_3432,Euro Shopping Channel,(91) 555 94 44,"C/ Moralzarzal, 86",Madrid,28034,Spain,Freyre,Diego,1
10226.0,48.0,92.09,2.0,4420.0,2019-02-26,2328.0,5,0,107.0,S24_3432,Collectable Mini Designs Co.,7605558146,361 Furth Circle,San Diego,91217,USA,Thompson,Valarie,1
10241.0,27.0,86.73,9.0,2341.0,2019-04-13,2283.0,5,0,107.0,S24_3432,Mini Caravy,88.60.1555,"24, place Kluber",Strasbourg,67000,France,Citeaux,Frederique,2
10267.0,43.0,118.86,6.0,5110.0,2019-07-07,2199.0,5,0,107.0,S24_3432,Muscle Machine Inc,2125557413,4092 Furth Circle,NYC,10022,USA,Young,Jeff,1
10279.0,48.0,128.5,6.0,6168.0,2019-08-09,2167.0,5,0,107.0,S24_3432,Euro Shopping Channel,(91) 555 94 44,"C/ Moralzarzal, 86",Madrid,28034,Spain,Freyre,Diego,1
10288.0,41.0,118.86,12.0,4873.0,2019-09-01,2145.0,5,0,107.0,S24_3432,Handji Gifts& Co,+65 224 1555,Village Close - 106 Linden Road Sandown,Singapore,69045,Singapore,Victorino,Wendy,1
10301.0,22.0,96.37,2.0,2120.0,2018-10-05,2477.0,5,0,107.0,S24_3432,"Norway Gifts By Mail, Co.",+47 2212 1555,"Drammensveien 126 A, PB 744 Sentrum",Oslo,N 0106,Norway,Klaeboe,Jan,2
10311.0,46.0,92.09,7.0,4236.0,2019-10-16,2102.0,5,0,107.0,S24_3432,Euro Shopping Channel,(91) 555 94 44,"C/ Moralzarzal, 86",Madrid,28034,Spain,Freyre,Diego,1
10321.0,21.0,89.95,4.0,1888.0,2019-11-04,2084.0,5,0,107.0,S24_3432,FunGiftIdeas.com,5085552555,1785 First Street,New Bedford,50553,USA,Benitez,Violeta,2
10332.0,31.0,37.18,13.0,1152.0,2019-11-17,2072.0,5,0,107.0,S24_3432,"AV Stores, Co.",(171) 555-1555,Fauntleroy Circus,Manchester,EC2 5NT,UK,Ashworth,Victoria,2
10346.0,26.0,95.88,6.0,2492.0,2019-11-29,2061.0,5,0,107.0,S24_3432,Signal Gift Stores,7025551838,8489 Strong St.,Las Vegas,83030,USA,King,Sue,2
10368.0,20.0,99.58,4.0,1991.0,2020-01-19,2011.0,5,0,107.0,S24_3432,Mini Gifts Distributors Ltd.,4155551450,5677 Strong St.,San Rafael,97562,USA,Nelson,Valarie,2
10380.0,34.0,116.27,11.0,3953.0,2020-02-16,1984.0,5,0,107.0,S24_3432,Euro Shopping Channel,(91) 555 94 44,"C/ Moralzarzal, 86",Madrid,28034,Spain,Freyre,Diego,1
10407.0,43.0,86.73,9.0,3729.0,2020-04-22,1919.0,3,0,107.0,S24_3432,The Sharp Gifts Warehouse,4085553659,3086 Ingle Ln.,San Jose,94217,USA,Frick,Sue,1
10420.0,26.0,100.66,12.0,2617.0,2020-05-29,1883.0,2,0,107.0,S24_3432,Souveniers And Things Co.,+61 2 9495 8555,"Monitor Money Building, 815 Pacific Hwy",Chatswood,2067,Australia,Huxley,Adrian,2
10105.0,50.0,79.67,1.0,3983.0,2018-02-11,2722.0,5,6,83.0,S24_3816,Danish Wholesale Imports,31 12 3555,Vinb'ltet 34,Kobenhavn,1734,Denmark,Petersen,Jytte,1
10119.0,35.0,90.57,10.0,3169.0,2018-04-28,2647.0,5,6,83.0,S24_3816,Salzburg Collectables,6562-9555,Geislweg 14,Salzburg,5020,Austria,Pipps,Georg,1
10129.0,50.0,77.99,1.0,3899.0,2018-06-12,2603.0,5,6,83.0,S24_3816,"Stylish Desk Decors, Co.",(171) 555-0297,35 King George,London,WX3 6FW,UK,Brown,Ann,1
10143.0,23.0,80.51,14.0,1851.0,2018-08-10,2545.0,5,6,83.0,S24_3816,Mini Creations Ltd.,5085559555,4575 Hillside Dr.,New Bedford,50553,USA,Tam,Wing C,2
10155.0,37.0,67.93,12.0,2513.0,2018-10-06,2489.0,5,6,83.0,S24_3816,"Toys of Finland, Co.",90-224 8555,Keskuskatu 45,Helsinki,21240,Finland,Karttunen,Matti,2
10167.0,29.0,83.86,8.0,2431.0,2018-10-23,2473.0,0,6,83.0,S24_3816,Scandinavian Gift Ideas,0695-34 6555,?kergatan 24,Boras,S-844 67,Sweden,Larsson,Maria,2
10178.0,21.0,72.12,11.0,1514.0,2018-11-08,2458.0,5,6,83.0,S24_3816,Alpha Cognac,61.77.6555,1 rue Alsace-Lorraine,Toulouse,31000,France,Roulet,Annette,2
10186.0,36.0,85.54,8.0,3079.0,2018-11-14,2453.0,5,6,83.0,S24_3816,"Double Decker Gift Stores, Ltd",(171) 555-7555,120 Hanover Sq.,London,WA1 1DP,UK,Hardy,Thomas,1
10197.0,22.0,86.38,5.0,1900.0,2018-11-26,2442.0,5,6,83.0,S24_3816,Enaco Distributors,(93) 203 4555,"Rambla de Catalu¤a, 23",Barcelona,8022,Spain,Saavedra,Eduardo,2
10222.0,46.0,80.51,11.0,3703.0,2019-02-19,2358.0,5,6,83.0,S24_3816,Collectable Mini Designs Co.,7605558146,361 Furth Circle,San Diego,91217,USA,Thompson,Valarie,1
10248.0,23.0,76.31,2.0,1755.0,2019-05-07,2282.0,0,6,83.0,S24_3816,Land of Toys Inc.,2125557818,897 Long Airport Avenue,NYC,10022,USA,Yu,Kwai,2
10262.0,49.0,87.21,16.0,4273.0,2019-06-24,2235.0,0,6,83.0,S24_3816,Euro Shopping Channel,(91) 555 94 44,"C/ Moralzarzal, 86",Madrid,28034,Spain,Freyre,Diego,1
10273.0,48.0,83.02,3.0,3984.0,2019-07-21,2209.0,5,6,83.0,S24_3816,Petit Auto,(02) 5554 67,Rue Joseph-Bens 532,Bruxelles,B-1180,Belgium,Dewey,Catherine,1
10283.0,33.0,72.96,5.0,2407.0,2019-08-20,2180.0,5,6,83.0,S24_3816,"Royal Canadian Collectables, Ltd.",(604) 555-4555,23 Tsawassen Blvd.,Tsawassen,T2F 8M4,Canada,Lincoln,Elizabeth,2
10296.0,22.0,77.15,14.0,1697.0,2019-09-15,2155.0,5,6,83.0,S24_3816,"Bavarian Collectables Imports, Co.",+49 89 61 08 9555,Hansastr. 15,Munich,80686,Germany,Donnermeyer,Michael,2
10307.0,22.0,91.41,8.0,2011.0,2019-10-14,2127.0,5,6,83.0,S24_3816,"Classic Gift Ideas, Inc",2155554695,782 First Street,Philadelphia,71270,USA,Cervantes,Francisca,2
10316.0,25.0,92.25,16.0,2306.0,2019-11-01,2110.0,5,6,83.0,S24_3816,giftsbymail.co.uk,(198) 555-8888,Garden House Crowther Way,Cowes,PO31 7PJ,UK,Bennett,Helen,2
10326.0,20.0,92.25,2.0,1845.0,2019-11-09,2103.0,5,6,83.0,S24_3816,"Volvo Model Replicas, Co",0921-12 3555,Berguvsvgen  8,Lule,S-958 22,Sweden,Berglund,Christina,2
10339.0,42.0,59.36,16.0,2493.0,2019-11-23,2090.0,5,6,83.0,S24_3816,"Tokyo Collectables, Ltd",+81 3 3584 0555,2-2-8 Roppongi,Minato-ku,106-0032,Japan,Shimamura,Akiko,2
10350.0,25.0,60.34,10.0,1508.0,2019-12-02,2082.0,5,6,83.0,S24_3816,Euro Shopping Channel,(91) 555 94 44,"C/ Moralzarzal, 86",Madrid,28034,Spain,Freyre,Diego,2
10373.0,23.0,104.1,10.0,2394.0,2020-01-31,2023.0,5,6,83.0,S24_3816,"Oulu Toy Supplies, Inc.",981-443655,Torikatu 38,Oulu,90110,Finland,Koskitalo,Pirkko,2
10385.0,37.0,85.54,2.0,3164.0,2020-02-28,1996.0,5,6,83.0,S24_3816,Mini Gifts Distributors Ltd.,4155551450,5677 Strong St.,San Rafael,97562,USA,Nelson,Valarie,1
10396.0,37.0,90.57,8.0,3351.0,2020-03-23,1973.0,5,6,83.0,S24_3816,Mini Gifts Distributors Ltd.,4155551450,5677 Strong St.,San Rafael,97562,USA,Nelson,Valarie,1
10400.0,42.0,72.96,8.0,3064.0,2020-04-01,1965.0,5,6,83.0,S24_3816,The Sharp Gifts Warehouse,4085553659,3086 Ingle Ln.,San Jose,94217,USA,Frick,Sue,1
10414.0,51.0,76.31,2.0,3891.0,2020-05-06,1931.0,3,6,83.0,S24_3816,Gifts4AllAges.com,6175559555,8616 Spinnaker Dr.,Boston,51003,USA,Yoshido,Juri,1
10108.0,40.0,136.22,1.0,5448.0,2018-03-03,2727.0,5,0,140.0,S24_3856,Cruz & Sons Co.,+63 2 555 3587,15 McCallum Street - NatWest Center #13-03,Makati City,1227 MM,Philippines,Cruz,Arnold,1
10122.0,43.0,127.79,5.0,5494.0,2018-05-08,2662.0,5,0,140.0,S24_3856,Marseille Mini Autos,91.24.4555,"12, rue des Bouchers",Marseille,13008,France,Lebihan,Laurence,1
10135.0,47.0,134.81,2.0,6336.0,2018-07-02,2608.0,5,0,140.0,S24_3856,Mini Gifts Distributors Ltd.,4155551450,5677 Strong St.,San Rafael,97562,USA,Nelson,Valarie,1
10147.0,23.0,126.39,2.0,2906.0,2018-09-05,2544.0,5,0,140.0,S24_3856,Collectables For Less Inc.,6175558555,7825 Douglas Av.,Brickhaven,58339,USA,Nelson,Allen,2
10170.0,34.0,112.34,1.0,3819.0,2018-11-04,2485.0,5,0,140.0,S24_3856,Mini Auto Werke,7675-3555,Kirchgasse 6,Graz,8010,Austria,Mendel,Roland,1
10181.0,25.0,154.47,9.0,3861.0,2018-11-12,2478.0,5,0,140.0,S24_3856,Herkku Gifts,+47 2267 3215,"Drammen 121, PR 744 Sentrum",Bergen,N 5804,Norway,Oeztan,Veysel,1
10192.0,45.0,140.43,14.0,6319.0,2018-11-20,2471.0,5,0,140.0,S24_3856,Online Diecast Creations Co.,6035558647,2304 Long Airport Avenue,Nashua,62005,USA,Young,Valarie,1
10203.0,47.0,148.86,3.0,6996.0,2018-12-02,2460.0,5,0,140.0,S24_3856,Euro Shopping Channel,(91) 555 94 44,"C/ Moralzarzal, 86",Madrid,28034,Spain,Freyre,Diego,1
10212.0,49.0,141.83,13.0,6949.0,2019-01-16,2416.0,5,0,140.0,S24_3856,Euro Shopping Channel,(91) 555 94 44,"C/ Moralzarzal, 86",Madrid,28034,Spain,Freyre,Diego,1
10225.0,40.0,113.75,4.0,4550.0,2019-02-22,2380.0,5,0,140.0,S24_3856,"Vida Sport, Ltd",0897-034555,Grenzacherweg 237,Gensve,1203,Switzerland,Holz,Michael,1
10239.0,29.0,154.47,3.0,4479.0,2019-04-12,2332.0,5,0,140.0,S24_3856,"Oulu Toy Supplies, Inc.",981-443655,Torikatu 38,Oulu,90110,Finland,Koskitalo,Pirkko,1
10253.0,39.0,132.0,8.0,5148.0,2019-06-01,2283.0,0,0,140.0,S24_3856,"UK Collectables, Ltd.",(171) 555-2282,Berkeley Gardens 12  Brewery,Liverpool,WX1 6LT,UK,Devon,Elizabeth,1
10266.0,24.0,122.17,9.0,2932.0,2019-07-06,2249.0,5,0,140.0,S24_3856,L'ordine Souveniers,0522-556555,Strada Provinciale 124,Reggio Emilia,42100,Italy,Moroni,Maurizio,2
10278.0,25.0,126.39,9.0,3159.0,2019-08-06,2219.0,5,0,140.0,S24_3856,Signal Gift Stores,7025551838,8489 Strong St.,Las Vegas,83030,USA,King,Sue,1
10287.0,36.0,119.37,7.0,4297.0,2019-08-30,2196.0,5,0,140.0,S24_3856,"Vida Sport, Ltd",0897-034555,Grenzacherweg 237,Gensve,1203,Switzerland,Holz,Michael,1
10301.0,50.0,154.47,11.0,7723.0,2018-10-05,2526.0,5,0,140.0,S24_3856,"Norway Gifts By Mail, Co.",+47 2212 1555,"Drammensveien 126 A, PB 744 Sentrum",Oslo,N 0106,Norway,Klaeboe,Jan,0
10310.0,45.0,122.17,5.0,5497.0,2019-10-16,2151.0,5,0,140.0,S24_3856,"Toms Spezialitten, Ltd",0221-5554327,Mehrheimerstr. 369,Koln,50739,Germany,Pfalzheim,Henriette,1
10321.0,26.0,155.88,13.0,4052.0,2019-11-04,2133.0,5,0,140.0,S24_3856,FunGiftIdeas.com,5085552555,1785 First Street,New Bedford,50553,USA,Benitez,Violeta,1
10331.0,21.0,149.33,1.0,3135.0,2019-11-17,2121.0,5,0,140.0,S24_3856,Motor Mint Distributors Inc.,2155559857,11328 Douglas Av.,Philadelphia,71270,USA,Hernandez,Rosa,1
10342.0,42.0,119.37,6.0,5013.0,2019-11-24,2115.0,5,0,140.0,S24_3856,"Australian Collectors, Co.",03 9520 4555,636 St Kilda Road,Melbourne,3004,Australia,Ferguson,Peter,1
10355.0,32.0,165.71,8.0,5302.0,2019-12-07,2103.0,5,0,140.0,S24_3856,Euro Shopping Channel,(91) 555 94 44,"C/ Moralzarzal, 86",Madrid,28034,Spain,Freyre,Diego,1
10363.0,31.0,94.58,1.0,2931.0,2020-01-06,2074.0,5,0,140.0,S24_3856,Suominen Souveniers,+358 9 8045 555,"Software Engineering Center, SEC Oy",Espoo,FIN-02271,Finland,Suominen,Kalle,2
10378.0,33.0,53.27,3.0,1757.0,2020-02-10,2040.0,5,0,140.0,S24_3856,Euro Shopping Channel,(91) 555 94 44,"C/ Moralzarzal, 86",Madrid,28034,Spain,Freyre,Diego,2
10390.0,45.0,150.29,8.0,6763.0,2020-03-04,2018.0,5,0,140.0,S24_3856,Mini Gifts Distributors Ltd.,4155551450,5677 Strong St.,San Rafael,97562,USA,Nelson,Valarie,1
10405.0,67.0,154.47,3.0,7951.5,2020-04-14,1978.0,5,0,140.0,S24_3856,Mini Caravy,88.60.1555,"24, place Kluber",Strasbourg,67000,France,Citeaux,Frederique,0
10419.0,67.0,132.0,8.0,7951.5,2020-05-17,1946.0,5,0,140.0,S24_3856,Salzburg Collectables,6562-9555,Geislweg 14,Salzburg,5020,Austria,Pipps,Georg,0
10106.0,50.0,64.83,11.0,3241.0,2018-02-17,2767.0,5,2,68.0,S24_3949,Rovelli Gifts,035-640555,Via Ludovico il Moro 22,Bergamo,24100,Italy,Rovelli,Giovanni,1
10119.0,28.0,70.29,2.0,1968.0,2018-04-28,2698.0,5,2,68.0,S24_3949,Salzburg Collectables,6562-9555,Geislweg 14,Salzburg,5020,Austria,Pipps,Georg,2
10131.0,50.0,81.89,3.0,4094.0,2018-06-16,2650.0,5,2,68.0,S24_3949,Gift Ideas Corp.,2035554407,2440 Pompton St.,Glendale,97561,USA,Lewis,Dan,1
10143.0,28.0,66.19,6.0,1853.0,2018-08-10,2596.0,5,2,68.0,S24_3949,Mini Creations Ltd.,5085559555,4575 Hillside Dr.,New Bedford,50553,USA,Tam,Wing C,2
10155.0,44.0,77.11,4.0,3392.0,2018-10-06,2540.0,5,2,68.0,S24_3949,"Toys of Finland, Co.",90-224 8555,Keskuskatu 45,Helsinki,21240,Finland,Karttunen,Matti,1
10168.0,27.0,73.02,18.0,1971.0,2018-10-28,2519.0,5,2,68.0,S24_3949,Technics Stores Inc.,6505556809,9408 Furth Circle,Burlingame,94217,USA,Hirano,Juri,2
10178.0,30.0,72.33,3.0,2169.0,2018-11-08,2509.0,5,2,68.0,S24_3949,Alpha Cognac,61.77.6555,1 rue Alsace-Lorraine,Toulouse,31000,France,Roulet,Annette,2
10198.0,43.0,66.19,3.0,2846.0,2018-11-27,2491.0,5,2,68.0,S24_3949,Cruz & Sons Co.,+63 2 555 3587,15 McCallum Street - NatWest Center #13-03,Makati City,1227 MM,Philippines,Cruz,Arnold,2
10210.0,29.0,69.6,16.0,2018.0,2019-01-12,2446.0,5,2,68.0,S24_3949,Osaka Souveniers Co.,+81 06 6342 5555,"Dojima Avanza 4F, 1-6-20 Dojima, Kita-ku",Osaka,530-0003,Japan,Kentary,Mory,2
10222.0,48.0,56.64,3.0,2718.0,2019-02-19,2409.0,5,2,68.0,S24_3949,Collectable Mini Designs Co.,7605558146,361 Furth Circle,San Diego,91217,USA,Thompson,Valarie,2
10235.0,33.0,60.05,12.0,1981.0,2019-04-02,2368.0,5,2,68.0,S24_3949,"Royal Canadian Collectables, Ltd.",(604) 555-4555,23 Tsawassen Blvd.,Tsawassen,T2F 8M4,Canada,Lincoln,Elizabeth,2
10250.0,40.0,75.06,13.0,3002.0,2019-05-11,2330.0,5,2,68.0,S24_3949,The Sharp Gifts Warehouse,4085553659,3086 Ingle Ln.,San Jose,94217,USA,Frick,Sue,1
10262.0,48.0,61.42,8.0,2948.0,2019-06-24,2287.0,0,2,68.0,S24_3949,Euro Shopping Channel,(91) 555 94 44,"C/ Moralzarzal, 86",Madrid,28034,Spain,Freyre,Diego,2
10275.0,41.0,81.89,18.0,3357.0,2019-07-23,2259.0,5,2,68.0,S24_3949,La Rochelle Gifts,40.67.8555,"67, rue des Cinquante Otages",Nantes,44000,France,Labrune,Janine,1
10284.0,21.0,55.96,10.0,1175.0,2019-08-21,2231.0,5,2,68.0,S24_3949,"Norway Gifts By Mail, Co.",+47 2212 1555,"Drammensveien 126 A, PB 744 Sentrum",Oslo,N 0106,Norway,Klaeboe,Jan,2
10296.0,32.0,71.65,6.0,2292.0,2019-09-15,2207.0,5,2,68.0,S24_3949,"Bavarian Collectables Imports, Co.",+49 89 61 08 9555,Hansastr. 15,Munich,80686,Germany,Donnermeyer,Michael,2
10308.0,43.0,76.43,16.0,3286.0,2019-10-15,2178.0,5,2,68.0,S24_3949,Mini Classics,9145554562,3758 North Pendale Street,White Plains,24067,USA,Frick,Steve,1
10316.0,30.0,77.79,8.0,2333.0,2019-11-01,2162.0,5,2,68.0,S24_3949,giftsbymail.co.uk,(198) 555-8888,Garden House Crowther Way,Cowes,PO31 7PJ,UK,Bennett,Helen,2
10328.0,35.0,76.43,3.0,2675.0,2019-11-12,2152.0,5,2,68.0,S24_3949,Rovelli Gifts,035-640555,Via Ludovico il Moro 22,Bergamo,24100,Italy,Rovelli,Giovanni,2
10339.0,45.0,96.92,11.0,4361.0,2019-11-23,2142.0,5,2,68.0,S24_3949,"Tokyo Collectables, Ltd",+81 3 3584 0555,2-2-8 Roppongi,Minato-ku,106-0032,Japan,Shimamura,Akiko,1
10351.0,34.0,59.37,3.0,2018.0,2019-12-03,2133.0,5,2,68.0,S24_3949,"Stylish Desk Decors, Co.",(171) 555-0297,35 King George,London,WX3 6FW,UK,Brown,Ann,2
10361.0,26.0,142.73,7.0,3710.0,2019-12-17,2120.0,5,2,68.0,S24_3949,Souveniers And Things Co.,+61 2 9495 8555,"Monitor Money Building, 815 Pacific Hwy",Chatswood,2067,Australia,Huxley,Adrian,1
10373.0,39.0,73.0,13.0,2847.0,2020-01-31,2076.0,5,2,68.0,S24_3949,"Oulu Toy Supplies, Inc.",981-443655,Torikatu 38,Oulu,90110,Finland,Koskitalo,Pirkko,2
10386.0,41.0,73.32,12.0,3006.0,2020-03-01,2047.0,4,2,68.0,S24_3949,Euro Shopping Channel,(91) 555 94 44,"C/ Moralzarzal, 86",Madrid,28034,Spain,Freyre,Diego,1
10398.0,41.0,68.24,2.0,2797.0,2020-03-30,2019.0,5,2,68.0,S24_3949,Reims Collectables,26.47.1555,59 rue de l'Abbaye,Reims,51100,France,Henriot,Paul,2
10401.0,64.0,60.05,12.0,3843.0,2020-04-03,2016.0,3,2,68.0,S24_3949,Tekni Collectables Inc.,2015559350,7476 Moss Rd.,Newark,94019,USA,Brown,William,1
10416.0,18.0,75.06,13.0,1351.0,2020-05-10,1980.0,5,2,68.0,S24_3949,L'ordine Souveniers,0522-556555,Strada Provinciale 124,Reggio Emilia,42100,Italy,Moroni,Maurizio,2
10100.0,49.0,34.47,1.0,1689.0,2018-01-06,2836.0,5,6,41.0,S24_3969,Online Diecast Creations Co.,6035558647,2304 Long Airport Avenue,Nashua,62005,USA,Young,Valarie,2
10110.0,48.0,34.47,5.0,1654.0,2018-03-18,2766.0,5,6,41.0,S24_3969,"AV Stores, Co.",(171) 555-1555,Fauntleroy Circus,Manchester,EC2 5NT,UK,Ashworth,Victoria,2
10124.0,46.0,33.23,4.0,1528.0,2018-05-21,2703.0,5,6,41.0,S24_3969,Signal Gift Stores,7025551838,8489 Strong St.,Las Vegas,83030,USA,King,Sue,2
10149.0,26.0,38.98,9.0,1013.0,2018-09-12,2590.0,5,6,41.0,S24_3969,Signal Collectibles Ltd.,4155554312,2793 Furth Circle,Brisbane,94217,USA,Taylor,Sue,2
10173.0,35.0,33.23,11.0,1163.0,2018-11-05,2537.0,5,6,41.0,S24_3969,Rovelli Gifts,035-640555,Via Ludovico il Moro 22,Bergamo,24100,Italy,Rovelli,Giovanni,2
10182.0,23.0,42.26,8.0,971.0,2018-11-12,2531.0,5,6,41.0,S24_3969,Mini Gifts Distributors Ltd.,4155551450,5677 Strong St.,San Rafael,97562,USA,Nelson,Valarie,2
10193.0,22.0,41.03,12.0,902.0,2018-11-21,2523.0,5,6,41.0,S24_3969,"Australian Collectables, Ltd",61-9-3844-6555,7 Allen Street,Glen Waverly,3150,Australia,Connery,Sean,2
10204.0,39.0,33.23,2.0,1295.0,2018-12-02,2513.0,5,6,41.0,S24_3969,Muscle Machine Inc,2125557413,4092 Furth Circle,NYC,10022,USA,Young,Jeff,2
10214.0,44.0,34.88,5.0,1534.0,2019-01-26,2459.0,5,6,41.0,S24_3969,"Corrida Auto Replicas, Ltd",(91) 555 22 82,"C/ Araquil, 67",Madrid,28023,Spain,Sommer,Mart¡n,2
10227.0,27.0,43.9,8.0,1185.0,2019-03-02,2425.0,5,6,41.0,S24_3969,"Saveley & Henriot, Co.",78.32.5555,"2, rue du Commerce",Lyon,69004,France,Saveley,Mary,2
10242.0,46.0,36.93,1.0,1698.0,2019-04-20,2377.0,5,6,41.0,S24_3969,Microscale Inc.,2125551957,5290 North Pendale Street,NYC,10022,USA,Kuo,Kee,2
10280.0,33.0,41.85,14.0,1381.0,2019-08-17,2259.0,5,6,41.0,S24_3969,Amica Models & Co.,011-4988555,Via Monte Bianco 34,Torino,10100,Italy,Accorti,Paolo,2
10288.0,33.0,40.62,3.0,1340.0,2019-09-01,2245.0,5,6,41.0,S24_3969,Handji Gifts& Co,+65 224 1555,Village Close - 106 Linden Road Sandown,Singapore,69045,Singapore,Victorino,Wendy,2
10303.0,24.0,40.21,1.0,965.0,2019-10-06,2211.0,5,6,41.0,S24_3969,"Iberia Gift Imports, Corp.",(95) 555 82 82,"C/ Romero, 33",Sevilla,41101,Spain,Roel,Jose Pedro,2
10312.0,31.0,35.29,15.0,1093.0,2019-10-21,2197.0,5,6,41.0,S24_3969,Mini Gifts Distributors Ltd.,4155551450,5677 Strong St.,San Rafael,97562,USA,Nelson,Valarie,2
10332.0,41.0,77.24,14.0,3166.0,2019-11-17,2171.0,5,6,41.0,S24_3969,"AV Stores, Co.",(171) 555-1555,Fauntleroy Circus,Manchester,EC2 5NT,UK,Ashworth,Victoria,1
10346.0,22.0,97.44,4.0,2143.0,2019-11-29,2160.0,5,6,41.0,S24_3969,Signal Gift Stores,7025551838,8489 Strong St.,Las Vegas,83030,USA,King,Sue,2
10368.0,46.0,37.34,3.0,1717.0,2020-01-19,2110.0,5,6,41.0,S24_3969,Mini Gifts Distributors Ltd.,4155551450,5677 Strong St.,San Rafael,97562,USA,Nelson,Valarie,2
10380.0,43.0,95.03,12.0,4086.0,2020-02-16,2083.0,5,6,41.0,S24_3969,Euro Shopping Channel,(91) 555 94 44,"C/ Moralzarzal, 86",Madrid,28034,Spain,Freyre,Diego,1
10408.0,15.0,36.93,1.0,553.0,2020-04-22,2018.0,5,6,41.0,S24_3969,"Tokyo Collectables, Ltd",+81 3 3584 0555,2-2-8 Roppongi,Minato-ku,106-0032,Japan,Shimamura,Akiko,2
10420.0,15.0,43.49,3.0,652.0,2020-05-29,1982.0,2,6,41.0,S24_3969,Souveniers And Things Co.,+61 2 9495 8555,"Monitor Money Building, 815 Pacific Hwy",Chatswood,2067,Australia,Huxley,Adrian,2
10104.0,26.0,112.37,5.0,2921.0,2018-01-31,2832.0,5,0,118.0,S24_4048,Euro Shopping Channel,(91) 555 94 44,"C/ Moralzarzal, 86",Madrid,28034,Spain,Freyre,Diego,2
10115.0,44.0,126.56,1.0,5568.0,2018-04-04,2770.0,5,0,118.0,S24_4048,Classic Legends Inc.,2125558493,5905 Pompton St.,NYC,10022,USA,Hernandez,Maria,1
10127.0,20.0,96.99,7.0,1939.0,2018-06-03,2711.0,5,0,118.0,S24_4048,Muscle Machine Inc,2125557413,4092 Furth Circle,NYC,10022,USA,Young,Jeff,2
10141.0,40.0,94.62,1.0,3784.0,2018-08-01,2653.0,5,0,118.0,S24_4048,Suominen Souveniers,+358 9 8045 555,"Software Engineering Center, SEC Oy",Espoo,FIN-02271,Finland,Suominen,Kalle,1
10152.0,23.0,121.83,3.0,2802.0,2018-09-25,2599.0,5,0,118.0,S24_4048,"Australian Gift Network, Co",61-7-3844-6555,31 Duncan St. West End,South Brisbane,4101,Australia,Calaghan,Tony,2
10165.0,24.0,99.36,8.0,2384.0,2018-10-22,2573.0,5,0,118.0,S24_4048,"Dragon Souveniers, Ltd.",+65 221 7555,"Bronz Sok., Bronz Apt. 3/6 Tesvikiye",Singapore,79903,Singapore,Natividad,Eric,2
10176.0,29.0,100.54,7.0,2915.0,2018-11-06,2559.0,5,0,118.0,S24_4048,L'ordine Souveniers,0522-556555,Strada Provinciale 124,Reggio Emilia,42100,Italy,Moroni,Maurizio,2
10184.0,49.0,118.28,2.0,5795.0,2018-11-14,2552.0,5,0,118.0,S24_4048,"Iberia Gift Imports, Corp.",(95) 555 82 82,"C/ Romero, 33",Sevilla,41101,Spain,Roel,Jose Pedro,1
10195.0,34.0,108.82,2.0,3699.0,2018-11-25,2542.0,5,0,118.0,S24_4048,Mini Classics,9145554562,3758 North Pendale Street,White Plains,24067,USA,Frick,Steve,1
10207.0,28.0,106.45,3.0,2980.0,2018-12-09,2529.0,5,0,118.0,S24_4048,Diecast Collectables,6175552555,6251 Ingle Ln.,Boston,51003,USA,Franco,Valarie,2
10220.0,37.0,136.02,7.0,5032.0,2019-02-12,2465.0,5,0,118.0,S24_4048,"Clover Collections, Co.",+353 1862 1555,25 Maiden Lane,Dublin,2,Ireland,Cassidy,Dean,1
10230.0,45.0,105.27,5.0,4737.0,2019-03-15,2435.0,5,0,118.0,S24_4048,"Blauer See Auto, Co.",+49 69 66 90 2555,Lyonerstr. 34,Frankfurt,60528,Germany,Keitel,Roland,1
10246.0,46.0,137.2,1.0,6311.0,2019-05-05,2385.0,5,0,118.0,S24_4048,Euro Shopping Channel,(91) 555 94 44,"C/ Moralzarzal, 86",Madrid,28034,Spain,Freyre,Diego,1
10271.0,22.0,139.57,1.0,3070.0,2019-07-20,2310.0,5,0,118.0,S24_4048,Mini Gifts Distributors Ltd.,4155551450,5677 Strong St.,San Rafael,97562,USA,Nelson,Valarie,1
10282.0,39.0,123.01,10.0,4797.0,2019-08-20,2280.0,5,0,118.0,S24_4048,Mini Gifts Distributors Ltd.,4155551450,5677 Strong St.,San Rafael,97562,USA,Nelson,Valarie,1
10292.0,27.0,141.94,4.0,3832.0,2019-09-08,2262.0,5,0,118.0,S24_4048,Land of Toys Inc.,2125557818,897 Long Airport Avenue,NYC,10022,USA,Yu,Kwai,1
10305.0,36.0,128.93,1.0,4641.0,2019-10-13,2228.0,5,0,118.0,S24_4048,Marta's Replicas Co.,6175558555,39323 Spinnaker Dr.,Cambridge,51247,USA,Hernandez,Marta,1
10314.0,38.0,105.27,10.0,4000.0,2019-10-22,2220.0,5,0,118.0,S24_4048,Heintze Collectables,86 21 3555,Smagsloget 45,Aaarhus,8200,Denmark,Ibsen,Palle,1
10325.0,44.0,121.04,5.0,5325.0,2019-11-05,2207.0,5,0,118.0,S24_4048,Baane Mini Imports,07-98 9555,Erling Skakkes gate 78,Stavern,4110,Norway,Bergulfsen,Jonas,1
10336.0,31.0,148.99,5.0,4618.0,2019-11-20,2193.0,5,0,118.0,S24_4048,"La Corne D'abondance, Co.",(1) 42.34.2555,"265, boulevard Charonne",Paris,75012,France,Bertrand,Marie,1
10349.0,23.0,138.39,2.0,3182.0,2019-12-01,2183.0,5,0,118.0,S24_4048,Muscle Machine Inc,2125557413,4092 Furth Circle,NYC,10022,USA,Young,Jeff,1
10359.0,22.0,118.32,7.0,2603.0,2019-12-15,2170.0,5,0,118.0,S24_4048,Reims Collectables,26.47.1555,59 rue de l'Abbaye,Reims,51100,France,Henriot,Paul,2
10371.0,28.0,50.32,9.0,1408.0,2020-01-23,2132.0,5,0,118.0,S24_4048,Mini Gifts Distributors Ltd.,4155551450,5677 Strong St.,San Rafael,97562,USA,Nelson,Valarie,2
10383.0,21.0,93.91,4.0,1972.0,2020-02-22,2103.0,5,0,118.0,S24_4048,Euro Shopping Channel,(91) 555 94 44,"C/ Moralzarzal, 86",Madrid,28034,Spain,Freyre,Diego,2
10394.0,37.0,140.75,7.0,5207.0,2020-03-15,2082.0,5,0,118.0,S24_4048,Euro Shopping Channel,(91) 555 94 44,"C/ Moralzarzal, 86",Madrid,28034,Spain,Freyre,Diego,1
10412.0,31.0,137.2,1.0,4253.0,2020-05-03,2034.0,5,0,118.0,S24_4048,Euro Shopping Channel,(91) 555 94 44,"C/ Moralzarzal, 86",Madrid,28034,Spain,Freyre,Diego,1
10103.0,25.0,114.92,15.0,2873.0,2018-01-29,2860.0,5,6,97.0,S24_4258,Baane Mini Imports,07-98 9555,Erling Skakkes gate 78,Stavern,4110,Norway,Bergulfsen,Jonas,2
10126.0,34.0,105.18,15.0,3576.0,2018-05-28,2742.0,5,6,97.0,S24_4258,"Corrida Auto Replicas, Ltd",(91) 555 22 82,"C/ Araquil, 67",Madrid,28023,Spain,Sommer,Mart¡n,1
10139.0,29.0,112.97,4.0,3276.0,2018-07-16,2694.0,5,6,97.0,S24_4258,Souveniers And Things Co.,+61 2 9495 8555,"Monitor Money Building, 815 Pacific Hwy",Chatswood,2067,Australia,Huxley,Adrian,1
10149.0,20.0,90.57,1.0,1811.0,2018-09-12,2637.0,5,6,97.0,S24_4258,Signal Collectibles Ltd.,4155554312,2793 Furth Circle,Brisbane,94217,USA,Taylor,Sue,2
10163.0,42.0,91.55,5.0,3845.0,2018-10-20,2600.0,5,6,97.0,S24_4258,Classic Legends Inc.,2125558493,5905 Pompton St.,NYC,10022,USA,Hernandez,Maria,1
10173.0,22.0,116.87,3.0,2571.0,2018-11-05,2585.0,5,6,97.0,S24_4258,Rovelli Gifts,035-640555,Via Ludovico il Moro 22,Bergamo,24100,Italy,Rovelli,Giovanni,2
10183.0,47.0,107.13,12.0,5035.0,2018-11-13,2578.0,5,6,97.0,S24_4258,"Classic Gift Ideas, Inc",2155554695,782 First Street,Philadelphia,71270,USA,Cervantes,Francisca,1
10193.0,20.0,113.95,4.0,2279.0,2018-11-21,2571.0,5,6,97.0,S24_4258,"Australian Collectables, Ltd",61-9-3844-6555,7 Allen Street,Glen Waverly,3150,Australia,Connery,Sean,2
10206.0,33.0,97.39,10.0,3213.0,2018-12-05,2558.0,5,6,97.0,S24_4258,Canadian Gift Exchange Network,(604) 555-3392,1900 Oak St.,Vancouver,V3F 2K1,Canada,Tannamuri,Yoshi,1
10215.0,39.0,90.57,7.0,3532.0,2019-01-29,2504.0,5,6,97.0,S24_4258,West Coast Collectables Co.,3105553722,3675 Furth Circle,Burbank,94019,USA,Thompson,Steve,1
10228.0,33.0,103.23,6.0,3406.0,2019-03-10,2465.0,5,6,97.0,S24_4258,Cambridge Collectables Co.,6175555555,4658 Baden Av.,Cambridge,51247,USA,Tseng,Kyung,1
10244.0,40.0,86.68,4.0,3467.0,2019-04-29,2416.0,5,6,97.0,S24_4258,Euro Shopping Channel,(91) 555 94 44,"C/ Moralzarzal, 86",Madrid,28034,Spain,Freyre,Diego,1
10257.0,46.0,78.89,4.0,3628.0,2019-06-14,2371.0,5,6,97.0,S24_4258,The Sharp Gifts Warehouse,4085553659,3086 Ingle Ln.,San Jose,94217,USA,Frick,Sue,1
10269.0,48.0,97.39,2.0,4674.0,2019-07-16,2340.0,5,6,97.0,S24_4258,Salzburg Collectables,6562-9555,Geislweg 14,Salzburg,5020,Austria,Pipps,Georg,1
10280.0,21.0,78.89,6.0,1656.0,2019-08-17,2309.0,5,6,97.0,S24_4258,Amica Models & Co.,011-4988555,Via Monte Bianco 34,Torino,10100,Italy,Accorti,Paolo,2
10290.0,45.0,114.92,1.0,5171.0,2019-09-07,2289.0,5,6,97.0,S24_4258,Auto-Moto Classics Inc.,6175558428,16780 Pompton St.,Brickhaven,58339,USA,Taylor,Leslie,1
10304.0,33.0,101.29,10.0,3342.0,2019-10-11,2256.0,5,6,97.0,S24_4258,Auto Assoc. & Cie.,30.59.8555,"67, avenue de l'Europe",Versailles,78000,France,Tonini,Daniel,1
10312.0,44.0,111.02,7.0,4884.0,2019-10-21,2247.0,5,6,97.0,S24_4258,Mini Gifts Distributors Ltd.,4155551450,5677 Strong St.,San Rafael,97562,USA,Nelson,Valarie,1
10324.0,33.0,189.93,3.0,6267.0,2019-11-05,2233.0,5,6,97.0,S24_4258,Vitachrome Inc.,2125551500,2678 Kingston Rd.,NYC,10022,USA,Frick,Michael,1
10348.0,39.0,50.31,2.0,1962.0,2019-11-01,2238.0,5,6,97.0,S24_4258,"Corrida Auto Replicas, Ltd",(91) 555 22 82,"C/ Araquil, 67",Madrid,28023,Spain,Sommer,Mart¡n,2
10358.0,41.0,167.0,6.0,6847.0,2019-12-10,2200.0,5,6,97.0,S24_4258,Euro Shopping Channel,(91) 555 94 44,"C/ Moralzarzal, 86",Madrid,28034,Spain,Freyre,Diego,1
10369.0,40.0,86.92,3.0,3476.0,2020-01-20,2160.0,5,6,97.0,S24_4258,Collectables For Less Inc.,6175558555,7825 Douglas Av.,Brickhaven,58339,USA,Nelson,Allen,1
10382.0,33.0,139.17,4.0,4592.0,2020-02-17,2133.0,5,6,97.0,S24_4258,Mini Gifts Distributors Ltd.,4155551450,5677 Strong St.,San Rafael,97562,USA,Nelson,Valarie,1
10423.0,28.0,78.89,4.0,2208.0,2020-05-30,2031.0,2,6,97.0,S24_4258,Petit Auto,(02) 5554 67,Rue Joseph-Bens 532,Bruxelles,B-1180,Belgium,Dewey,Catherine,2
10106.0,26.0,63.76,3.0,1657.0,2018-02-17,2865.0,5,2,72.0,S24_4278,Rovelli Gifts,035-640555,Via Ludovico il Moro 22,Bergamo,24100,Italy,Rovelli,Giovanni,2
10120.0,29.0,85.49,9.0,2479.0,2018-04-29,2795.0,5,2,72.0,S24_4278,"Australian Collectors, Co.",03 9520 4555,636 St Kilda Road,Melbourne,3004,Australia,Ferguson,Peter,2
10133.0,46.0,77.52,4.0,3565.0,2018-06-27,2737.0,5,2,72.0,S24_4278,Euro Shopping Channel,(91) 555 94 44,"C/ Moralzarzal, 86",Madrid,28034,Spain,Freyre,Diego,1
10145.0,33.0,84.77,15.0,2797.0,2018-08-25,2679.0,5,2,72.0,S24_4278,Toys4GrownUps.com,6265557265,78934 Hillside Dr.,Pasadena,90003,USA,Young,Julie,2
10168.0,48.0,78.25,10.0,3756.0,2018-10-28,2616.0,5,2,72.0,S24_4278,Technics Stores Inc.,6505556809,9408 Furth Circle,Burlingame,94217,USA,Hirano,Juri,1
10210.0,40.0,71.0,8.0,2840.0,2019-01-12,2541.0,5,2,72.0,S24_4278,Osaka Souveniers Co.,+81 06 6342 5555,"Dojima Avanza 4F, 1-6-20 Dojima, Kita-ku",Osaka,530-0003,Japan,Kentary,Mory,2
10223.0,23.0,74.62,10.0,1716.0,2019-02-20,2503.0,5,2,72.0,S24_4278,"Australian Collectors, Co.",03 9520 4555,636 St Kilda Road,Melbourne,3004,Australia,Ferguson,Peter,2
10235.0,40.0,81.14,4.0,3245.0,2019-04-02,2463.0,5,2,72.0,S24_4278,"Royal Canadian Collectables, Ltd.",(604) 555-4555,23 Tsawassen Blvd.,Tsawassen,T2F 8M4,Canada,Lincoln,Elizabeth,1
10250.0,37.0,74.62,5.0,2760.0,2019-05-11,2425.0,5,2,72.0,S24_4278,The Sharp Gifts Warehouse,4085553659,3086 Ingle Ln.,San Jose,94217,USA,Frick,Sue,2
10263.0,24.0,75.35,11.0,1808.0,2019-06-28,2378.0,5,2,72.0,S24_4278,Gift Depot Inc.,2035552570,25593 South Bay Ln.,Bridgewater,97562,USA,King,Julie,2
10275.0,27.0,62.31,10.0,1682.0,2019-07-23,2354.0,5,2,72.0,S24_4278,La Rochelle Gifts,40.67.8555,"67, rue des Cinquante Otages",Nantes,44000,France,Labrune,Janine,2
10284.0,21.0,71.0,2.0,1491.0,2019-08-21,2326.0,5,2,72.0,S24_4278,"Norway Gifts By Mail, Co.",+47 2212 1555,"Drammensveien 126 A, PB 744 Sentrum",Oslo,N 0106,Norway,Klaeboe,Jan,2
10297.0,23.0,72.45,5.0,1666.0,2019-09-16,2301.0,5,2,72.0,S24_4278,"Clover Collections, Co.",+353 1862 1555,25 Maiden Lane,Dublin,2,Ireland,Cassidy,Dean,2
10308.0,44.0,83.32,8.0,3666.0,2019-10-15,2273.0,5,2,72.0,S24_4278,Mini Classics,9145554562,3758 North Pendale Street,White Plains,24067,USA,Frick,Steve,1
10317.0,35.0,83.32,1.0,2916.0,2019-11-02,2256.0,5,2,72.0,S24_4278,Technics Stores Inc.,6505556809,9408 Furth Circle,Burlingame,94217,USA,Hirano,Juri,2
10328.0,43.0,60.86,4.0,2616.0,2019-11-12,2247.0,5,2,72.0,S24_4278,Rovelli Gifts,035-640555,Via Ludovico il Moro 22,Bergamo,24100,Italy,Rovelli,Giovanni,2
10340.0,40.0,84.77,1.0,3390.0,2019-11-24,2236.0,5,2,72.0,S24_4278,Enaco Distributors,(93) 203 4555,"Rambla de Catalu¤a, 23",Barcelona,8022,Spain,Saavedra,Eduardo,1
10353.0,35.0,89.9,3.0,3146.0,2019-12-04,2227.0,5,2,72.0,S24_4278,Gift Ideas Corp.,2035554407,2440 Pompton St.,Glendale,97561,USA,Lewis,Dan,1
10361.0,25.0,62.46,1.0,1561.0,2019-12-17,2215.0,5,2,72.0,S24_4278,Souveniers And Things Co.,+61 2 9495 8555,"Monitor Money Building, 815 Pacific Hwy",Chatswood,2067,Australia,Huxley,Adrian,2
10375.0,43.0,214.6325,2.0,7951.5,2020-02-03,2168.0,5,2,72.0,S24_4278,La Rochelle Gifts,40.67.8555,"67, rue des Cinquante Otages",Nantes,44000,France,Labrune,Janine,0
10386.0,50.0,63.34,8.0,3167.0,2020-03-01,2142.0,4,2,72.0,S24_4278,Euro Shopping Channel,(91) 555 94 44,"C/ Moralzarzal, 86",Madrid,28034,Spain,Freyre,Diego,1
10398.0,45.0,78.25,14.0,3521.0,2020-03-30,2114.0,5,2,72.0,S24_4278,Reims Collectables,26.47.1555,59 rue de l'Abbaye,Reims,51100,France,Henriot,Paul,1
10401.0,52.0,81.14,4.0,4219.0,2020-04-03,2111.0,3,2,72.0,S24_4278,Tekni Collectables Inc.,2015559350,7476 Moss Rd.,Newark,94019,USA,Brown,William,1
10416.0,48.0,74.62,5.0,3581.0,2020-05-10,2075.0,5,2,72.0,S24_4278,L'ordine Souveniers,0522-556555,Strada Provinciale 124,Reggio Emilia,42100,Italy,Moroni,Maurizio,1
10108.0,31.0,68.71,10.0,2130.0,2018-03-03,2875.0,5,0,80.0,S24_4620,Cruz & Sons Co.,+63 2 555 3587,15 McCallum Street - NatWest Center #13-03,Makati City,1227 MM,Philippines,Cruz,Arnold,2
10122.0,29.0,71.14,14.0,2063.0,2018-05-08,2810.0,5,0,80.0,S24_4620,Marseille Mini Autos,91.24.4555,"12, rue des Bouchers",Marseille,13008,France,Lebihan,Laurence,2
10135.0,23.0,87.31,11.0,2008.0,2018-07-02,2756.0,5,0,80.0,S24_4620,Mini Gifts Distributors Ltd.,4155551450,5677 Strong St.,San Rafael,97562,USA,Nelson,Valarie,2
10147.0,31.0,64.67,11.0,2004.0,2018-09-05,2692.0,5,0,80.0,S24_4620,Collectables For Less Inc.,6175558555,7825 Douglas Av.,Brickhaven,58339,USA,Nelson,Allen,2
10169.0,24.0,94.58,6.0,2269.0,2018-11-04,2633.0,5,0,80.0,S24_4620,"Anna's Decorations, Ltd",02 9936 8555,201 Miller Street,North Sydney,2060,Australia,O'Hara,Anna,2
10180.0,28.0,71.14,1.0,1991.0,2018-11-11,2627.0,5,0,80.0,S24_4620,Daedalus Designs Imports,20.16.1555,"184, chausse de Tournai",Lille,59000,France,Rance,Martine,2
10191.0,44.0,66.29,7.0,2916.0,2018-11-20,2619.0,5,0,80.0,S24_4620,"Toms Spezialitten, Ltd",0221-5554327,Mehrheimerstr. 369,Koln,50739,Germany,Pfalzheim,Henriette,2
10211.0,22.0,92.16,6.0,2027.0,2019-01-15,2564.0,5,0,80.0,S24_4620,Auto Canal Petit,(1) 47.55.6555,"25, rue Lauriston",Paris,75016,France,Perrier,Dominique,2
10225.0,46.0,70.33,13.0,3235.0,2019-02-22,2527.0,5,0,80.0,S24_4620,"Vida Sport, Ltd",0897-034555,Grenzacherweg 237,Gensve,1203,Switzerland,Holz,Michael,1
10238.0,22.0,93.77,7.0,2062.0,2019-04-09,2482.0,5,0,80.0,S24_4620,Danish Wholesale Imports,31 12 3555,Vinb'ltet 34,Kobenhavn,1734,Denmark,Petersen,Jytte,2
10252.0,38.0,87.31,3.0,3317.0,2019-05-26,2436.0,5,0,80.0,S24_4620,Auto Canal Petit,(1) 47.55.6555,"25, rue Lauriston",Paris,75016,France,Perrier,Dominique,1
10264.0,47.0,83.27,1.0,3913.0,2019-06-30,2402.0,5,0,80.0,S24_4620,Gifts4AllAges.com,6175559555,8616 Spinnaker Dr.,Boston,51003,USA,Yoshido,Juri,1
10276.0,48.0,75.18,7.0,3608.0,2019-08-02,2370.0,5,0,80.0,S24_4620,Online Mini Collectables,6175557555,7635 Spinnaker Dr.,Brickhaven,58339,USA,Barajas,Miguel,1
10287.0,40.0,88.12,16.0,3524.0,2019-08-30,2343.0,5,0,80.0,S24_4620,"Vida Sport, Ltd",0897-034555,Grenzacherweg 237,Gensve,1203,Switzerland,Holz,Michael,1
10299.0,32.0,80.84,1.0,2586.0,2019-09-30,2313.0,5,0,80.0,S24_4620,"Toys of Finland, Co.",90-224 8555,Keskuskatu 45,Helsinki,21240,Finland,Karttunen,Matti,2
10310.0,49.0,97.01,14.0,4753.0,2019-10-16,2298.0,5,0,80.0,S24_4620,"Toms Spezialitten, Ltd",0221-5554327,Mehrheimerstr. 369,Koln,50739,Germany,Pfalzheim,Henriette,1
10319.0,43.0,85.69,2.0,3684.0,2019-11-03,2281.0,5,0,80.0,S24_4620,Microscale Inc.,2125551957,5290 North Pendale Street,NYC,10022,USA,Kuo,Kee,1
10331.0,41.0,139.4,2.0,5715.0,2019-11-17,2268.0,5,0,80.0,S24_4620,Motor Mint Distributors Inc.,2155559857,11328 Douglas Av.,Philadelphia,71270,USA,Hernandez,Rosa,1
10343.0,30.0,103.29,1.0,3098.0,2019-11-24,2262.0,5,0,80.0,S24_4620,Reims Collectables,26.47.1555,59 rue de l'Abbaye,Reims,51100,France,Henriot,Paul,1
10355.0,28.0,95.39,9.0,2670.0,2019-12-07,2250.0,5,0,80.0,S24_4620,Euro Shopping Channel,(91) 555 94 44,"C/ Moralzarzal, 86",Madrid,28034,Spain,Freyre,Diego,2
10363.0,43.0,119.87,9.0,5154.0,2020-01-06,2221.0,5,0,80.0,S24_4620,Suominen Souveniers,+358 9 8045 555,"Software Engineering Center, SEC Oy",Espoo,FIN-02271,Finland,Suominen,Kalle,1
10378.0,41.0,119.37,2.0,4894.0,2020-02-10,2187.0,5,0,80.0,S24_4620,Euro Shopping Channel,(91) 555 94 44,"C/ Moralzarzal, 86",Madrid,28034,Spain,Freyre,Diego,1
10390.0,30.0,82.42,10.0,2472.0,2020-03-04,2165.0,5,0,80.0,S24_4620,Mini Gifts Distributors Ltd.,4155551450,5677 Strong St.,San Rafael,97562,USA,Nelson,Valarie,2
10103.0,31.0,104.01,3.0,3224.0,2018-01-29,2931.0,5,5,96.0,S32_1268,Baane Mini Imports,07-98 9555,Erling Skakkes gate 78,Stavern,4110,Norway,Bergulfsen,Jonas,1
10114.0,32.0,114.61,7.0,3667.0,2018-04-01,2870.0,5,5,96.0,S32_1268,"La Corne D'abondance, Co.",(1) 42.34.2555,"265, boulevard Charonne",Paris,75012,France,Bertrand,Marie,1
10126.0,43.0,96.31,3.0,4141.0,2018-05-28,2814.0,5,5,96.0,S32_1268,"Corrida Auto Replicas, Ltd",(91) 555 22 82,"C/ Araquil, 67",Madrid,28023,Spain,Sommer,Mart¡n,1
10140.0,26.0,108.83,3.0,2829.0,2018-07-24,2758.0,5,5,96.0,S32_1268,Technics Stores Inc.,6505556809,9408 Furth Circle,Burlingame,94217,USA,Hirano,Juri,2
10151.0,27.0,113.65,10.0,3068.0,2018-09-21,2700.0,5,5,96.0,S32_1268,"Oulu Toy Supplies, Inc.",981-443655,Torikatu 38,Oulu,90110,Finland,Koskitalo,Pirkko,1
10164.0,24.0,109.79,1.0,2634.0,2018-10-21,2671.0,4,5,96.0,S32_1268,Mini Auto Werke,7675-3555,Kirchgasse 6,Graz,8010,Austria,Mendel,Roland,2
10175.0,22.0,110.76,8.0,2436.0,2018-11-06,2656.0,5,5,96.0,S32_1268,"Stylish Desk Decors, Co.",(171) 555-0297,35 King George,London,WX3 6FW,UK,Brown,Ann,2
10184.0,46.0,100.16,13.0,4607.0,2018-11-14,2649.0,5,5,96.0,S32_1268,"Iberia Gift Imports, Corp.",(95) 555 82 82,"C/ Romero, 33",Sevilla,41101,Spain,Roel,Jose Pedro,1
10194.0,37.0,97.27,3.0,3598.0,2018-11-25,2639.0,5,5,96.0,S32_1268,"Saveley & Henriot, Co.",78.32.5555,"2, rue du Commerce",Lyon,69004,France,Saveley,Mary,1
10207.0,49.0,80.9,14.0,3964.0,2018-12-09,2626.0,5,5,96.0,S32_1268,Diecast Collectables,6175552555,6251 Ingle Ln.,Boston,51003,USA,Franco,Valarie,1
10217.0,21.0,106.9,3.0,2244.0,2019-02-04,2570.0,5,5,96.0,S32_1268,Handji Gifts& Co,+65 224 1555,Village Close - 106 Linden Road Sandown,Singapore,69045,Singapore,Victorino,Wendy,2
10229.0,25.0,111.72,8.0,2793.0,2019-03-11,2536.0,5,5,96.0,S32_1268,Mini Gifts Distributors Ltd.,4155551450,5677 Strong St.,San Rafael,97562,USA,Nelson,Valarie,2
10245.0,37.0,111.72,1.0,4133.0,2019-05-04,2483.0,5,5,96.0,S32_1268,Super Scale Inc.,2035559545,567 North Pendale Street,New Haven,97823,USA,Murphy,Leslie,1
10259.0,45.0,86.68,11.0,3900.0,2019-06-15,2442.0,5,5,96.0,S32_1268,Handji Gifts& Co,+65 224 1555,Village Close - 106 Linden Road Sandown,Singapore,69045,Singapore,Victorino,Wendy,1
10270.0,32.0,85.72,1.0,2743.0,2019-07-19,2409.0,5,5,96.0,S32_1268,Souveniers And Things Co.,+61 2 9495 8555,"Monitor Money Building, 815 Pacific Hwy",Chatswood,2067,Australia,Huxley,Adrian,2
10281.0,29.0,82.83,8.0,2402.0,2019-08-19,2379.0,5,5,96.0,S32_1268,Diecast Classics Inc.,2155551555,7586 Pompton St.,Allentown,70267,USA,Yu,Kyung,2
10291.0,26.0,83.79,3.0,2178.0,2019-09-08,2360.0,5,5,96.0,S32_1268,Scandinavian Gift Ideas,0695-34 6555,?kergatan 24,Boras,S-844 67,Sweden,Larsson,Maria,2
10305.0,28.0,112.68,12.0,3155.0,2019-10-13,2326.0,5,5,96.0,S32_1268,Marta's Replicas Co.,6175558555,39323 Spinnaker Dr.,Cambridge,51247,USA,Hernandez,Marta,1
10313.0,27.0,87.64,6.0,2366.0,2019-10-22,2318.0,5,5,96.0,S32_1268,Canadian Gift Exchange Network,(604) 555-3392,1900 Oak St.,Vancouver,V3F 2K1,Canada,Tannamuri,Yoshi,2
10324.0,20.0,98.18,11.0,1963.0,2019-11-05,2305.0,5,5,96.0,S32_1268,Vitachrome Inc.,2125551500,2678 Kingston Rd.,NYC,10022,USA,Frick,Michael,2
10335.0,44.0,107.87,1.0,4746.0,2019-11-19,2292.0,5,5,96.0,S32_1268,Mini Gifts Distributors Ltd.,4155551450,5677 Strong St.,San Rafael,97562,USA,Nelson,Valarie,1
10348.0,42.0,152.07,3.0,6386.0,2019-11-01,2311.0,5,5,96.0,S32_1268,"Corrida Auto Replicas, Ltd",(91) 555 22 82,"C/ Araquil, 67",Madrid,28023,Spain,Sommer,Mart¡n,1
10358.0,41.0,108.0,1.0,4428.0,2019-12-10,2273.0,5,5,96.0,S32_1268,Euro Shopping Channel,(91) 555 94 44,"C/ Moralzarzal, 86",Madrid,28034,Spain,Freyre,Diego,1
10371.0,26.0,155.54,1.0,4044.0,2020-01-23,2230.0,5,5,96.0,S32_1268,Mini Gifts Distributors Ltd.,4155551450,5677 Strong St.,San Rafael,97562,USA,Nelson,Valarie,1
10382.0,26.0,104.17,6.0,2708.0,2020-02-17,2206.0,5,5,96.0,S32_1268,Mini Gifts Distributors Ltd.,4155551450,5677 Strong St.,San Rafael,97562,USA,Nelson,Valarie,2
10411.0,26.0,111.72,1.0,2904.0,2020-05-01,2133.0,5,5,96.0,S32_1268,Quebec Home Shopping Network,(514) 555-8054,43 rue St. Laurent,Montreal,H1J 1C3,Canada,Fresnisre,Jean,2
10425.0,41.0,86.68,11.0,3553.0,2020-05-31,2104.0,2,5,96.0,S32_1268,La Rochelle Gifts,40.67.8555,"67, rue des Cinquante Otages",Nantes,44000,France,Labrune,Janine,1
10107.0,20.0,92.9,8.0,1858.0,2018-02-24,2932.0,5,1,99.0,S32_1374,Land of Toys Inc.,2125557818,897 Long Airport Avenue,NYC,10022,USA,Yu,Kwai,2
10120.0,22.0,111.88,6.0,2461.0,2018-04-29,2869.0,5,1,99.0,S32_1374,"Australian Collectors, Co.",03 9520 4555,636 St Kilda Road,Melbourne,3004,Australia,Ferguson,Peter,2
10133.0,23.0,114.87,1.0,2642.0,2018-06-27,2811.0,5,1,99.0,S32_1374,Euro Shopping Channel,(91) 555 94 44,"C/ Moralzarzal, 86",Madrid,28034,Spain,Freyre,Diego,2
10145.0,33.0,93.9,12.0,3098.0,2018-08-25,2753.0,5,1,99.0,S32_1374,Toys4GrownUps.com,6265557265,78934 Hillside Dr.,Pasadena,90003,USA,Young,Julie,1
10168.0,28.0,115.87,7.0,3244.0,2018-10-28,2690.0,5,1,99.0,S32_1374,Technics Stores Inc.,6505556809,9408 Furth Circle,Burlingame,94217,USA,Hirano,Juri,1
10188.0,44.0,98.89,7.0,4351.0,2018-11-18,2670.0,5,1,99.0,S32_1374,Herkku Gifts,+47 2267 3215,"Drammen 121, PR 744 Sentrum",Bergen,N 5804,Norway,Oeztan,Veysel,1
10210.0,46.0,79.91,5.0,3675.0,2019-01-12,2616.0,5,1,99.0,S32_1374,Osaka Souveniers Co.,+81 06 6342 5555,"Dojima Avanza 4F, 1-6-20 Dojima, Kita-ku",Osaka,530-0003,Japan,Kentary,Mory,1
10223.0,21.0,117.87,7.0,2475.0,2019-02-20,2578.0,5,1,99.0,S32_1374,"Australian Collectors, Co.",03 9520 4555,636 St Kilda Road,Melbourne,3004,Australia,Ferguson,Peter,2
10235.0,41.0,101.89,1.0,4177.0,2019-04-02,2538.0,5,1,99.0,S32_1374,"Royal Canadian Collectables, Ltd.",(604) 555-4555,23 Tsawassen Blvd.,Tsawassen,T2F 8M4,Canada,Lincoln,Elizabeth,1
10250.0,31.0,105.88,2.0,3282.0,2019-05-11,2500.0,5,1,99.0,S32_1374,The Sharp Gifts Warehouse,4085553659,3086 Ingle Ln.,San Jose,94217,USA,Frick,Sue,1
10263.0,31.0,79.91,8.0,2477.0,2019-06-28,2453.0,5,1,99.0,S32_1374,Gift Depot Inc.,2035552570,25593 South Bay Ln.,Bridgewater,97562,USA,King,Julie,2
10275.0,23.0,81.91,7.0,1883.0,2019-07-23,2429.0,5,1,99.0,S32_1374,La Rochelle Gifts,40.67.8555,"67, rue des Cinquante Otages",Nantes,44000,France,Labrune,Janine,2
10285.0,37.0,98.89,12.0,3658.0,2019-08-27,2395.0,5,1,99.0,S32_1374,Marta's Replicas Co.,6175558555,39323 Spinnaker Dr.,Cambridge,51247,USA,Hernandez,Marta,1
10297.0,26.0,109.88,2.0,2856.0,2019-09-16,2376.0,5,1,99.0,S32_1374,"Clover Collections, Co.",+353 1862 1555,25 Maiden Lane,Dublin,2,Ireland,Cassidy,Dean,2
10308.0,24.0,79.91,5.0,1917.0,2019-10-15,2348.0,5,1,99.0,S32_1374,Mini Classics,9145554562,3758 North Pendale Street,White Plains,24067,USA,Frick,Steve,2
10318.0,47.0,112.88,7.0,5305.0,2019-11-02,2331.0,5,1,99.0,S32_1374,Diecast Classics Inc.,2155551555,7586 Pompton St.,Allentown,70267,USA,Yu,Kyung,1
10329.0,45.0,63.91,11.0,2875.0,2019-11-15,2319.0,5,1,99.0,S32_1374,Land of Toys Inc.,2125557818,897 Long Airport Avenue,NYC,10022,USA,Yu,Kwai,2
10340.0,55.0,117.87,2.0,6482.0,2019-11-24,2311.0,5,1,99.0,S32_1374,Enaco Distributors,(93) 203 4555,"Rambla de Catalu¤a, 23",Barcelona,8022,Spain,Saavedra,Eduardo,1
10353.0,46.0,81.17,5.0,3733.0,2019-12-04,2302.0,5,1,99.0,S32_1374,Gift Ideas Corp.,2035554407,2440 Pompton St.,Glendale,97561,USA,Lewis,Dan,1
10363.0,50.0,131.53,2.0,6576.0,2020-01-06,2270.0,5,1,99.0,S32_1374,Suominen Souveniers,+358 9 8045 555,"Software Engineering Center, SEC Oy",Espoo,FIN-02271,Finland,Suominen,Kalle,1
10375.0,37.0,171.71,3.0,6353.0,2020-02-03,2243.0,5,1,99.0,S32_1374,La Rochelle Gifts,40.67.8555,"67, rue des Cinquante Otages",Nantes,44000,France,Labrune,Janine,1
10387.0,44.0,94.9,1.0,4175.0,2020-03-02,2216.0,5,1,99.0,S32_1374,"Dragon Souveniers, Ltd.",+65 221 7555,"Bronz Sok., Bronz Apt. 3/6 Tesvikiye",Singapore,79903,Singapore,Natividad,Eric,1
10401.0,49.0,101.89,1.0,4992.0,2020-04-03,2185.0,3,1,99.0,S32_1374,Tekni Collectables Inc.,2015559350,7476 Moss Rd.,Newark,94019,USA,Brown,William,1
10416.0,45.0,105.88,2.0,4764.0,2020-05-10,2149.0,5,1,99.0,S32_1374,L'ordine Souveniers,0522-556555,Strada Provinciale 124,Reggio Emilia,42100,Italy,Moroni,Maurizio,1
10108.0,27.0,43.45,13.0,1173.0,2018-03-03,2949.0,5,1,40.0,S32_2206,Cruz & Sons Co.,+63 2 555 3587,15 McCallum Street - NatWest Center #13-03,Makati City,1227 MM,Philippines,Cruz,Arnold,2
10122.0,31.0,44.66,17.0,1384.0,2018-05-08,2884.0,5,1,40.0,S32_2206,Marseille Mini Autos,91.24.4555,"12, rue des Bouchers",Marseille,13008,France,Lebihan,Laurence,2
10135.0,33.0,40.23,14.0,1327.0,2018-07-02,2830.0,5,1,40.0,S32_2206,Mini Gifts Distributors Ltd.,4155551450,5677 Strong St.,San Rafael,97562,USA,Nelson,Valarie,2
10145.0,31.0,35.8,1.0,1109.0,2018-08-25,2777.0,5,1,40.0,S32_2206,Toys4GrownUps.com,6265557265,78934 Hillside Dr.,Pasadena,90003,USA,Young,Julie,2
10169.0,26.0,39.83,9.0,1035.0,2018-11-04,2707.0,5,1,40.0,S32_2206,"Anna's Decorations, Ltd",02 9936 8555,201 Miller Street,North Sydney,2060,Australia,O'Hara,Anna,2
10180.0,34.0,45.46,4.0,1545.0,2018-11-11,2701.0,5,1,40.0,S32_2206,Daedalus Designs Imports,20.16.1555,"184, chausse de Tournai",Lille,59000,France,Rance,Martine,2
10190.0,46.0,32.99,1.0,1517.0,2018-11-19,2694.0,5,1,40.0,S32_2206,Euro Shopping Channel,(91) 555 94 44,"C/ Moralzarzal, 86",Madrid,28034,Spain,Freyre,Diego,2
10211.0,41.0,42.24,9.0,1731.0,2019-01-15,2638.0,5,1,40.0,S32_2206,Auto Canal Petit,(1) 47.55.6555,"25, rue Lauriston",Paris,75016,France,Perrier,Dominique,2
10224.0,43.0,39.43,2.0,1695.0,2019-02-21,2602.0,5,1,40.0,S32_2206,Daedalus Designs Imports,20.16.1555,"184, chausse de Tournai",Lille,59000,France,Rance,Martine,2
10237.0,26.0,40.23,2.0,1045.0,2019-04-05,2560.0,5,1,40.0,S32_2206,Vitachrome Inc.,2125551500,2678 Kingston Rd.,NYC,10022,USA,Frick,Michael,2
10252.0,36.0,48.28,6.0,1738.0,2019-05-26,2510.0,5,1,40.0,S32_2206,Auto Canal Petit,(1) 47.55.6555,"25, rue Lauriston",Paris,75016,France,Perrier,Dominique,2
10264.0,20.0,32.59,4.0,651.0,2019-06-30,2476.0,5,1,40.0,S32_2206,Gifts4AllAges.com,6175559555,8616 Spinnaker Dr.,Boston,51003,USA,Yoshido,Juri,2
10276.0,27.0,36.61,10.0,988.0,2019-08-02,2444.0,5,1,40.0,S32_2206,Online Mini Collectables,6175557555,7635 Spinnaker Dr.,Brickhaven,58339,USA,Barajas,Miguel,2
10285.0,37.0,41.03,1.0,1518.0,2019-08-27,2420.0,5,1,40.0,S32_2206,Marta's Replicas Co.,6175558555,39323 Spinnaker Dr.,Cambridge,51247,USA,Hernandez,Marta,2
10299.0,24.0,42.24,4.0,1013.0,2019-09-30,2387.0,5,1,40.0,S32_2206,"Toys of Finland, Co.",90-224 8555,Keskuskatu 45,Helsinki,21240,Finland,Karttunen,Matti,2
10310.0,36.0,43.05,17.0,1549.0,2019-10-16,2372.0,5,1,40.0,S32_2206,"Toms Spezialitten, Ltd",0221-5554327,Mehrheimerstr. 369,Koln,50739,Germany,Pfalzheim,Henriette,2
10319.0,29.0,38.22,5.0,1108.0,2019-11-03,2355.0,5,1,40.0,S32_2206,Microscale Inc.,2125551957,5290 North Pendale Street,NYC,10022,USA,Kuo,Kee,2
10331.0,28.0,146.52,3.0,4102.0,2019-11-17,2342.0,5,1,40.0,S32_2206,Motor Mint Distributors Inc.,2155559857,11328 Douglas Av.,Philadelphia,71270,USA,Hernandez,Rosa,1
10343.0,29.0,128.04,5.0,3713.0,2019-11-24,2336.0,5,1,40.0,S32_2206,Reims Collectables,26.47.1555,59 rue de l'Abbaye,Reims,51100,France,Henriot,Paul,1
10355.0,38.0,39.83,10.0,1513.0,2019-12-07,2324.0,5,1,40.0,S32_2206,Euro Shopping Channel,(91) 555 94 44,"C/ Moralzarzal, 86",Madrid,28034,Spain,Freyre,Diego,2
10364.0,48.0,48.28,1.0,2317.0,2020-01-06,2295.0,5,1,40.0,S32_2206,Marseille Mini Autos,91.24.4555,"12, rue des Bouchers",Marseille,13008,France,Lebihan,Laurence,2
10378.0,40.0,82.46,1.0,3298.0,2020-02-10,2261.0,5,1,40.0,S32_2206,Euro Shopping Channel,(91) 555 94 44,"C/ Moralzarzal, 86",Madrid,28034,Spain,Freyre,Diego,1
10390.0,41.0,44.56,11.0,1826.0,2020-03-04,2239.0,5,1,40.0,S32_2206,Mini Gifts Distributors Ltd.,4155551450,5677 Strong St.,San Rafael,97562,USA,Nelson,Valarie,2
10403.0,30.0,40.23,2.0,1206.0,2020-04-08,2205.0,5,1,40.0,S32_2206,"UK Collectables, Ltd.",(171) 555-2282,Berkeley Gardens 12  Brewery,Liverpool,WX1 6LT,UK,Devon,Elizabeth,2
10104.0,35.0,47.62,11.0,1666.0,2018-01-31,3004.0,5,5,54.0,S32_2509,Euro Shopping Channel,(91) 555 94 44,"C/ Moralzarzal, 86",Madrid,28034,Spain,Freyre,Diego,2
10114.0,28.0,55.73,2.0,1560.0,2018-04-01,2945.0,5,5,54.0,S32_2509,"La Corne D'abondance, Co.",(1) 42.34.2555,"265, boulevard Charonne",Paris,75012,France,Bertrand,Marie,2
10127.0,45.0,51.95,13.0,2337.0,2018-06-03,2883.0,5,5,54.0,S32_2509,Muscle Machine Inc,2125557413,4092 Furth Circle,NYC,10022,USA,Young,Jeff,2
10141.0,24.0,45.99,7.0,1103.0,2018-08-01,2825.0,5,5,54.0,S32_2509,Suominen Souveniers,+358 9 8045 555,"Software Engineering Center, SEC Oy",Espoo,FIN-02271,Finland,Suominen,Kalle,2
10151.0,41.0,63.85,5.0,2617.0,2018-09-21,2775.0,5,5,54.0,S32_2509,"Oulu Toy Supplies, Inc.",981-443655,Torikatu 38,Oulu,90110,Finland,Koskitalo,Pirkko,2
10165.0,48.0,45.99,14.0,2207.0,2018-10-22,2745.0,5,5,54.0,S32_2509,"Dragon Souveniers, Ltd.",+65 221 7555,"Bronz Sok., Bronz Apt. 3/6 Tesvikiye",Singapore,79903,Singapore,Natividad,Eric,2
10175.0,50.0,63.31,3.0,3165.0,2018-11-06,2731.0,5,5,54.0,S32_2509,"Stylish Desk Decors, Co.",(171) 555-0297,35 King George,London,WX3 6FW,UK,Brown,Ann,1
10184.0,33.0,62.77,8.0,2071.0,2018-11-14,2724.0,5,5,54.0,S32_2509,"Iberia Gift Imports, Corp.",(95) 555 82 82,"C/ Romero, 33",Sevilla,41101,Spain,Roel,Jose Pedro,2
10195.0,32.0,43.29,8.0,1385.0,2018-11-25,2714.0,5,5,54.0,S32_2509,Mini Classics,9145554562,3758 North Pendale Street,White Plains,24067,USA,Frick,Steve,2
10207.0,27.0,60.06,9.0,1621.0,2018-12-09,2701.0,5,5,54.0,S32_2509,Diecast Collectables,6175552555,6251 Ingle Ln.,Boston,51003,USA,Franco,Valarie,2
10219.0,35.0,55.19,4.0,1931.0,2019-02-10,2639.0,5,5,54.0,S32_2509,Signal Collectibles Ltd.,4155554312,2793 Furth Circle,Brisbane,94217,USA,Taylor,Sue,2
10229.0,23.0,54.11,3.0,1244.0,2019-03-11,2611.0,5,5,54.0,S32_2509,Mini Gifts Distributors Ltd.,4155551450,5677 Strong St.,San Rafael,97562,USA,Nelson,Valarie,2
10246.0,35.0,48.7,7.0,1704.0,2019-05-05,2557.0,5,5,54.0,S32_2509,Euro Shopping Channel,(91) 555 94 44,"C/ Moralzarzal, 86",Madrid,28034,Spain,Freyre,Diego,2
10259.0,40.0,43.83,6.0,1753.0,2019-06-15,2517.0,5,5,54.0,S32_2509,Handji Gifts& Co,+65 224 1555,Village Close - 106 Linden Road Sandown,Singapore,69045,Singapore,Victorino,Wendy,2
10271.0,35.0,47.62,7.0,1666.0,2019-07-20,2483.0,5,5,54.0,S32_2509,Mini Gifts Distributors Ltd.,4155551450,5677 Strong St.,San Rafael,97562,USA,Nelson,Valarie,2
10281.0,31.0,55.19,3.0,1710.0,2019-08-19,2454.0,5,5,54.0,S32_2509,Diecast Classics Inc.,2155551555,7586 Pompton St.,Allentown,70267,USA,Yu,Kyung,2
10292.0,50.0,46.53,10.0,2326.0,2019-09-08,2435.0,5,5,54.0,S32_2509,Land of Toys Inc.,2125557818,897 Long Airport Avenue,NYC,10022,USA,Yu,Kwai,2
10305.0,40.0,57.9,7.0,2316.0,2019-10-13,2401.0,5,5,54.0,S32_2509,Marta's Replicas Co.,6175558555,39323 Spinnaker Dr.,Cambridge,51247,USA,Hernandez,Marta,2
10313.0,38.0,45.45,1.0,1727.0,2019-10-22,2393.0,5,5,54.0,S32_2509,Canadian Gift Exchange Network,(604) 555-3392,1900 Oak St.,Vancouver,V3F 2K1,Canada,Tannamuri,Yoshi,2
10325.0,38.0,214.6325,3.0,7951.5,2019-11-05,2380.0,5,5,54.0,S32_2509,Baane Mini Imports,07-98 9555,Erling Skakkes gate 78,Stavern,4110,Norway,Bergulfsen,Jonas,0
10335.0,40.0,60.6,3.0,2424.0,2019-11-19,2367.0,5,5,54.0,S32_2509,Mini Gifts Distributors Ltd.,4155551450,5677 Strong St.,San Rafael,97562,USA,Nelson,Valarie,2
10349.0,33.0,46.53,1.0,1535.0,2019-12-01,2356.0,5,5,54.0,S32_2509,Muscle Machine Inc,2125557413,4092 Furth Circle,NYC,10022,USA,Young,Jeff,2
10359.0,36.0,176.63,3.0,6358.0,2019-12-15,2343.0,5,5,54.0,S32_2509,Reims Collectables,26.47.1555,59 rue de l'Abbaye,Reims,51100,France,Henriot,Paul,1
10371.0,20.0,66.47,2.0,1329.0,2020-01-23,2305.0,5,5,54.0,S32_2509,Mini Gifts Distributors Ltd.,4155551450,5677 Strong St.,San Rafael,97562,USA,Nelson,Valarie,2
10383.0,32.0,53.18,5.0,1701.0,2020-02-22,2276.0,5,5,54.0,S32_2509,Euro Shopping Channel,(91) 555 94 44,"C/ Moralzarzal, 86",Madrid,28034,Spain,Freyre,Diego,2
10394.0,36.0,62.77,3.0,2259.0,2020-03-15,2255.0,5,5,54.0,S32_2509,Euro Shopping Channel,(91) 555 94 44,"C/ Moralzarzal, 86",Madrid,28034,Spain,Freyre,Diego,2
10412.0,19.0,48.7,7.0,925.0,2020-05-03,2207.0,5,5,54.0,S32_2509,Euro Shopping Channel,(91) 555 94 44,"C/ Moralzarzal, 86",Madrid,28034,Spain,Freyre,Diego,2
10425.0,11.0,43.83,6.0,482.0,2020-05-31,2180.0,2,5,54.0,S32_2509,La Rochelle Gifts,40.67.8555,"67, rue des Cinquante Otages",Nantes,44000,France,Labrune,Janine,2
10104.0,49.0,65.87,4.0,3227.0,2018-01-31,3032.0,5,4,62.0,S32_3207,Euro Shopping Channel,(91) 555 94 44,"C/ Moralzarzal, 86",Madrid,28034,Spain,Freyre,Diego,1
10116.0,27.0,63.38,1.0,1711.0,2018-04-11,2963.0,5,4,62.0,S32_3207,Royale Belge,(071) 23 67 2555,"Boulevard Tirou, 255",Charleroi,B-6000,Belgium,Cartrain,Pascale,2
10127.0,29.0,70.84,6.0,2054.0,2018-06-03,2911.0,5,4,62.0,S32_3207,Muscle Machine Inc,2125557413,4092 Furth Circle,NYC,10022,USA,Young,Jeff,2
10142.0,42.0,74.57,16.0,3131.0,2018-08-08,2846.0,5,4,62.0,S32_3207,Mini Gifts Distributors Ltd.,4155551450,5677 Strong St.,San Rafael,97562,USA,Nelson,Valarie,1
10152.0,33.0,50.95,2.0,1681.0,2018-09-25,2799.0,5,4,62.0,S32_3207,"Australian Gift Network, Co",61-7-3844-6555,31 Duncan St. West End,South Brisbane,4101,Australia,Calaghan,Tony,2
10165.0,44.0,53.44,7.0,2351.0,2018-10-22,2773.0,5,4,62.0,S32_3207,"Dragon Souveniers, Ltd.",+65 221 7555,"Bronz Sok., Bronz Apt. 3/6 Tesvikiye",Singapore,79903,Singapore,Natividad,Eric,2
10176.0,22.0,64.0,6.0,1408.0,2018-11-06,2759.0,5,4,62.0,S32_3207,L'ordine Souveniers,0522-556555,Strada Provinciale 124,Reggio Emilia,42100,Italy,Moroni,Maurizio,2
10184.0,48.0,50.95,1.0,2445.0,2018-11-14,2752.0,5,4,62.0,S32_3207,"Iberia Gift Imports, Corp.",(95) 555 82 82,"C/ Romero, 33",Sevilla,41101,Spain,Roel,Jose Pedro,2
10195.0,33.0,54.68,1.0,1804.0,2018-11-25,2742.0,5,4,62.0,S32_3207,Mini Classics,9145554562,3758 North Pendale Street,White Plains,24067,USA,Frick,Steve,2
10207.0,45.0,56.55,2.0,2544.0,2018-12-09,2729.0,5,4,62.0,S32_3207,Diecast Collectables,6175552555,6251 Ingle Ln.,Boston,51003,USA,Franco,Valarie,2
10220.0,20.0,52.82,6.0,1056.0,2019-02-12,2665.0,5,4,62.0,S32_3207,"Clover Collections, Co.",+353 1862 1555,25 Maiden Lane,Dublin,2,Ireland,Cassidy,Dean,2
10230.0,46.0,60.9,4.0,2801.0,2019-03-15,2635.0,5,4,62.0,S32_3207,"Blauer See Auto, Co.",+49 69 66 90 2555,Lyonerstr. 34,Frankfurt,60528,Germany,Keitel,Roland,2
10247.0,40.0,49.71,6.0,1988.0,2019-05-05,2585.0,5,4,62.0,S32_3207,Suominen Souveniers,+358 9 8045 555,"Software Engineering Center, SEC Oy",Espoo,FIN-02271,Finland,Suominen,Kalle,2
10272.0,45.0,64.63,6.0,2908.0,2019-07-20,2510.0,5,4,62.0,S32_3207,Diecast Classics Inc.,2155551555,7586 Pompton St.,Allentown,70267,USA,Yu,Kyung,2
10282.0,36.0,59.65,9.0,2147.0,2019-08-20,2480.0,5,4,62.0,S32_3207,Mini Gifts Distributors Ltd.,4155551450,5677 Strong St.,San Rafael,97562,USA,Nelson,Valarie,2
10292.0,31.0,67.73,3.0,2099.0,2019-09-08,2462.0,5,4,62.0,S32_3207,Land of Toys Inc.,2125557818,897 Long Airport Avenue,NYC,10022,USA,Yu,Kwai,2
10306.0,46.0,50.33,17.0,2315.0,2019-10-14,2427.0,5,4,62.0,S32_3207,"AV Stores, Co.",(171) 555-1555,Fauntleroy Circus,Manchester,EC2 5NT,UK,Ashworth,Victoria,2
10314.0,35.0,66.49,9.0,2327.0,2019-10-22,2420.0,5,4,62.0,S32_3207,Heintze Collectables,86 21 3555,Smagsloget 45,Aaarhus,8200,Denmark,Ibsen,Palle,2
10325.0,28.0,192.05,2.0,5377.0,2019-11-05,2407.0,5,4,62.0,S32_3207,Baane Mini Imports,07-98 9555,Erling Skakkes gate 78,Stavern,4110,Norway,Bergulfsen,Jonas,1
10336.0,31.0,84.71,9.0,2626.0,2019-11-20,2393.0,5,4,62.0,S32_3207,"La Corne D'abondance, Co.",(1) 42.34.2555,"265, boulevard Charonne",Paris,75012,France,Bertrand,Marie,2
10350.0,27.0,163.2,14.0,4406.0,2019-12-02,2382.0,5,4,62.0,S32_3207,Euro Shopping Channel,(91) 555 94 44,"C/ Moralzarzal, 86",Madrid,28034,Spain,Freyre,Diego,1
10359.0,22.0,195.51,1.0,4301.0,2019-12-15,2370.0,5,4,62.0,S32_3207,Reims Collectables,26.47.1555,59 rue de l'Abbaye,Reims,51100,France,Henriot,Paul,1
10371.0,30.0,99.55,11.0,2986.0,2020-01-23,2332.0,5,4,62.0,S32_3207,Mini Gifts Distributors Ltd.,4155551450,5677 Strong St.,San Rafael,97562,USA,Nelson,Valarie,2
10383.0,44.0,36.07,8.0,1587.0,2020-02-22,2303.0,5,4,62.0,S32_3207,Euro Shopping Channel,(91) 555 94 44,"C/ Moralzarzal, 86",Madrid,28034,Spain,Freyre,Diego,2
10394.0,30.0,60.28,4.0,1808.0,2020-03-15,2282.0,5,4,62.0,S32_3207,Euro Shopping Channel,(91) 555 94 44,"C/ Moralzarzal, 86",Madrid,28034,Spain,Freyre,Diego,2
10413.0,24.0,49.71,6.0,1193.0,2020-05-05,2232.0,5,4,62.0,S32_3207,Gift Depot Inc.,2035552570,25593 South Bay Ln.,Bridgewater,97562,USA,King,Julie,2
10103.0,45.0,75.63,7.0,3403.0,2018-01-29,3060.0,5,5,64.0,S32_3522,Baane Mini Imports,07-98 9555,Erling Skakkes gate 78,Stavern,4110,Norway,Bergulfsen,Jonas,1
10113.0,23.0,68.52,1.0,1575.0,2018-03-26,3005.0,5,5,64.0,S32_3522,Mini Gifts Distributors Ltd.,4155551450,5677 Strong St.,San Rafael,97562,USA,Nelson,Valarie,2
10126.0,26.0,62.7,7.0,1630.0,2018-05-28,2943.0,5,5,64.0,S32_3522,"Corrida Auto Replicas, Ltd",(91) 555 22 82,"C/ Araquil, 67",Madrid,28023,Spain,Sommer,Mart¡n,2
10140.0,28.0,60.76,7.0,1701.0,2018-07-24,2887.0,5,5,64.0,S32_3522,Technics Stores Inc.,6505556809,9408 Furth Circle,Burlingame,94217,USA,Hirano,Juri,2
10150.0,49.0,58.18,4.0,2850.0,2018-09-19,2831.0,5,5,64.0,S32_3522,"Dragon Souveniers, Ltd.",+65 221 7555,"Bronz Sok., Bronz Apt. 3/6 Tesvikiye",Singapore,79903,Singapore,Natividad,Eric,2
10164.0,49.0,54.94,5.0,2692.0,2018-10-21,2800.0,4,5,64.0,S32_3522,Mini Auto Werke,7675-3555,Kirchgasse 6,Graz,8010,Austria,Mendel,Roland,2
10175.0,29.0,74.98,12.0,2174.0,2018-11-06,2785.0,5,5,64.0,S32_3522,"Stylish Desk Decors, Co.",(171) 555-0297,35 King George,London,WX3 6FW,UK,Brown,Ann,2
10183.0,49.0,64.64,4.0,3167.0,2018-11-13,2779.0,5,5,64.0,S32_3522,"Classic Gift Ideas, Inc",2155554695,782 First Street,Philadelphia,71270,USA,Cervantes,Francisca,1
10194.0,39.0,54.94,7.0,2142.0,2018-11-25,2768.0,5,5,64.0,S32_3522,"Saveley & Henriot, Co.",78.32.5555,"2, rue du Commerce",Lyon,69004,France,Saveley,Mary,2
10206.0,36.0,58.82,2.0,2117.0,2018-12-05,2759.0,5,5,64.0,S32_3522,Canadian Gift Exchange Network,(604) 555-3392,1900 Oak St.,Vancouver,V3F 2K1,Canada,Tannamuri,Yoshi,2
10217.0,39.0,62.05,7.0,2419.0,2019-02-04,2699.0,5,5,64.0,S32_3522,Handji Gifts& Co,+65 224 1555,Village Close - 106 Linden Road Sandown,Singapore,69045,Singapore,Victorino,Wendy,2
10229.0,30.0,73.04,12.0,2191.0,2019-03-11,2665.0,5,5,64.0,S32_3522,Mini Gifts Distributors Ltd.,4155551450,5677 Strong St.,San Rafael,97562,USA,Nelson,Valarie,2
10245.0,44.0,69.16,5.0,3043.0,2019-05-04,2612.0,5,5,64.0,S32_3522,Super Scale Inc.,2035559545,567 North Pendale Street,New Haven,97823,USA,Murphy,Leslie,1
10258.0,20.0,61.41,2.0,1228.0,2019-06-15,2571.0,5,5,64.0,S32_3522,"Tokyo Collectables, Ltd",+81 3 3584 0555,2-2-8 Roppongi,Minato-ku,106-0032,Japan,Shimamura,Akiko,2
10270.0,21.0,63.35,5.0,1330.0,2019-07-19,2538.0,5,5,64.0,S32_3522,Souveniers And Things Co.,+61 2 9495 8555,"Monitor Money Building, 815 Pacific Hwy",Chatswood,2067,Australia,Huxley,Adrian,2
10281.0,36.0,77.57,12.0,2792.0,2019-08-19,2508.0,5,5,64.0,S32_3522,Diecast Classics Inc.,2155551555,7586 Pompton St.,Allentown,70267,USA,Yu,Kyung,2
10291.0,32.0,71.75,7.0,2296.0,2019-09-08,2489.0,5,5,64.0,S32_3522,Scandinavian Gift Ideas,0695-34 6555,?kergatan 24,Boras,S-844 67,Sweden,Larsson,Maria,2
10304.0,36.0,73.04,2.0,2629.0,2019-10-11,2457.0,5,5,64.0,S32_3522,Auto Assoc. & Cie.,30.59.8555,"67, avenue de l'Europe",Versailles,78000,France,Tonini,Daniel,2
10313.0,34.0,56.24,10.0,1912.0,2019-10-22,2447.0,5,5,64.0,S32_3522,Canadian Gift Exchange Network,(604) 555-3392,1900 Oak St.,Vancouver,V3F 2K1,Canada,Tannamuri,Yoshi,2
10324.0,48.0,171.03,4.0,7951.5,2019-11-05,2434.0,5,5,64.0,S32_3522,Vitachrome Inc.,2125551500,2678 Kingston Rd.,NYC,10022,USA,Frick,Michael,0
10348.0,31.0,101.29,5.0,3139.0,2019-11-01,2439.0,5,5,64.0,S32_3522,"Corrida Auto Replicas, Ltd",(91) 555 22 82,"C/ Araquil, 67",Madrid,28023,Spain,Sommer,Mart¡n,1
10358.0,36.0,157.49,2.0,5669.0,2019-12-10,2401.0,5,5,64.0,S32_3522,Euro Shopping Channel,(91) 555 94 44,"C/ Moralzarzal, 86",Madrid,28034,Spain,Freyre,Diego,1
10370.0,25.0,126.41,3.0,3160.0,2020-01-20,2361.0,5,5,64.0,S32_3522,"Anna's Decorations, Ltd",02 9936 8555,201 Miller Street,North Sydney,2060,Australia,O'Hara,Anna,1
10382.0,48.0,141.66,8.0,6799.0,2020-02-17,2334.0,5,5,64.0,S32_3522,Mini Gifts Distributors Ltd.,4155551450,5677 Strong St.,San Rafael,97562,USA,Nelson,Valarie,1
10411.0,27.0,69.16,5.0,1867.0,2020-05-01,2261.0,5,5,64.0,S32_3522,Quebec Home Shopping Network,(514) 555-8054,43 rue St. Laurent,Montreal,H1J 1C3,Canada,Fresnisre,Jean,2
10424.0,44.0,61.41,2.0,2702.0,2020-05-31,2232.0,2,5,64.0,S32_3522,Euro Shopping Channel,(91) 555 94 44,"C/ Moralzarzal, 86",Madrid,28034,Spain,Freyre,Diego,2
10106.0,33.0,72.92,5.0,2406.0,2018-02-17,3067.0,5,6,68.0,S32_4289,Rovelli Gifts,035-640555,Via Ludovico il Moro 22,Bergamo,24100,Italy,Rovelli,Giovanni,2
10120.0,29.0,72.23,11.0,2094.0,2018-04-29,2997.0,5,6,68.0,S32_4289,"Australian Collectors, Co.",03 9520 4555,636 St Kilda Road,Melbourne,3004,Australia,Ferguson,Peter,2
10133.0,49.0,57.1,6.0,2797.0,2018-06-27,2939.0,5,6,68.0,S32_4289,Euro Shopping Channel,(91) 555 94 44,"C/ Moralzarzal, 86",Madrid,28034,Spain,Freyre,Diego,2
10144.0,20.0,81.86,1.0,1637.0,2018-08-13,2893.0,5,6,68.0,S32_4289,Royale Belge,(071) 23 67 2555,"Boulevard Tirou, 255",Charleroi,B-6000,Belgium,Cartrain,Pascale,2
10168.0,31.0,73.61,12.0,2281.0,2018-10-28,2818.0,5,6,68.0,S32_4289,Technics Stores Inc.,6505556809,9408 Furth Circle,Burlingame,94217,USA,Hirano,Juri,2
10210.0,39.0,59.16,10.0,2307.0,2019-01-12,2743.0,5,6,68.0,S32_4289,Osaka Souveniers Co.,+81 06 6342 5555,"Dojima Avanza 4F, 1-6-20 Dojima, Kita-ku",Osaka,530-0003,Japan,Kentary,Mory,2
10223.0,20.0,66.04,12.0,1320.0,2019-02-20,2705.0,5,6,68.0,S32_4289,"Australian Collectors, Co.",03 9520 4555,636 St Kilda Road,Melbourne,3004,Australia,Ferguson,Peter,2
10235.0,34.0,77.73,6.0,2642.0,2019-04-02,2665.0,5,6,68.0,S32_4289,"Royal Canadian Collectables, Ltd.",(604) 555-4555,23 Tsawassen Blvd.,Tsawassen,T2F 8M4,Canada,Lincoln,Elizabeth,2
10250.0,50.0,61.22,7.0,3061.0,2019-05-11,2627.0,5,6,68.0,S32_4289,The Sharp Gifts Warehouse,4085553659,3086 Ingle Ln.,San Jose,94217,USA,Frick,Sue,1
10262.0,40.0,79.11,2.0,3164.0,2019-06-24,2584.0,0,6,68.0,S32_4289,Euro Shopping Channel,(91) 555 94 44,"C/ Moralzarzal, 86",Madrid,28034,Spain,Freyre,Diego,1
10275.0,28.0,63.97,12.0,1791.0,2019-07-23,2556.0,5,6,68.0,S32_4289,La Rochelle Gifts,40.67.8555,"67, rue des Cinquante Otages",Nantes,44000,France,Labrune,Janine,2
10284.0,50.0,81.86,4.0,4093.0,2019-08-21,2528.0,5,6,68.0,S32_4289,"Norway Gifts By Mail, Co.",+47 2212 1555,"Drammensveien 126 A, PB 744 Sentrum",Oslo,N 0106,Norway,Klaeboe,Jan,1
10297.0,28.0,79.8,7.0,2234.0,2019-09-16,2503.0,5,6,68.0,S32_4289,"Clover Collections, Co.",+353 1862 1555,25 Maiden Lane,Dublin,2,Ireland,Cassidy,Dean,2
10308.0,46.0,66.04,10.0,3037.0,2019-10-15,2475.0,5,6,68.0,S32_4289,Mini Classics,9145554562,3758 North Pendale Street,White Plains,24067,USA,Frick,Steve,1
10316.0,24.0,59.16,2.0,1419.0,2019-11-01,2459.0,5,6,68.0,S32_4289,giftsbymail.co.uk,(198) 555-8888,Garden House Crowther Way,Cowes,PO31 7PJ,UK,Bennett,Helen,2
10328.0,24.0,81.17,5.0,1948.0,2019-11-12,2449.0,5,6,68.0,S32_4289,Rovelli Gifts,035-640555,Via Ludovico il Moro 22,Bergamo,24100,Italy,Rovelli,Giovanni,2
10340.0,39.0,59.16,3.0,2307.0,2019-11-24,2438.0,5,6,68.0,S32_4289,Enaco Distributors,(93) 203 4555,"Rambla de Catalu¤a, 23",Barcelona,8022,Spain,Saavedra,Eduardo,2
10353.0,40.0,44.51,7.0,1780.0,2019-12-04,2429.0,5,6,68.0,S32_4289,Gift Ideas Corp.,2035554407,2440 Pompton St.,Glendale,97561,USA,Lewis,Dan,2
10361.0,49.0,72.33,2.0,3544.0,2019-12-17,2417.0,5,6,68.0,S32_4289,Souveniers And Things Co.,+61 2 9495 8555,"Monitor Money Building, 815 Pacific Hwy",Chatswood,2067,Australia,Huxley,Adrian,1
10375.0,44.0,82.26,4.0,3619.0,2020-02-03,2370.0,5,6,68.0,S32_4289,La Rochelle Gifts,40.67.8555,"67, rue des Cinquante Otages",Nantes,44000,France,Labrune,Janine,1
10388.0,35.0,111.97,8.0,3918.0,2020-03-03,2342.0,5,6,68.0,S32_4289,FunGiftIdeas.com,5085552555,1785 First Street,New Bedford,50553,USA,Benitez,Violeta,1
10398.0,22.0,67.41,4.0,1483.0,2020-03-30,2316.0,5,6,68.0,S32_4289,Reims Collectables,26.47.1555,59 rue de l'Abbaye,Reims,51100,France,Henriot,Paul,2
10401.0,62.0,77.73,6.0,4819.0,2020-04-03,2313.0,3,6,68.0,S32_4289,Tekni Collectables Inc.,2015559350,7476 Moss Rd.,Newark,94019,USA,Brown,William,1
10416.0,26.0,61.22,7.0,1591.0,2020-05-10,2277.0,5,6,68.0,S32_4289,L'ordine Souveniers,0522-556555,Strada Provinciale 124,Reggio Emilia,42100,Italy,Moroni,Maurizio,2
10108.0,31.0,118.38,16.0,3669.0,2018-03-03,3077.0,5,1,102.0,S32_4485,Cruz & Sons Co.,+63 2 555 3587,15 McCallum Street - NatWest Center #13-03,Makati City,1227 MM,Philippines,Cruz,Arnold,1
10121.0,25.0,86.74,3.0,2168.0,2018-05-07,3013.0,5,1,102.0,S32_4485,Reims Collectables,26.47.1555,59 rue de l'Abbaye,Reims,51100,France,Henriot,Paul,2
10135.0,30.0,89.8,17.0,2694.0,2018-07-02,2958.0,5,1,102.0,S32_4485,Mini Gifts Distributors Ltd.,4155551450,5677 Strong St.,San Rafael,97562,USA,Nelson,Valarie,2
10145.0,27.0,120.42,4.0,3251.0,2018-08-25,2905.0,5,1,102.0,S32_4485,Toys4GrownUps.com,6265557265,78934 Hillside Dr.,Pasadena,90003,USA,Young,Julie,1
10169.0,34.0,115.32,12.0,3920.0,2018-11-04,2835.0,5,1,102.0,S32_4485,"Anna's Decorations, Ltd",02 9936 8555,201 Miller Street,North Sydney,2060,Australia,O'Hara,Anna,1
10180.0,22.0,114.3,7.0,2514.0,2018-11-11,2829.0,5,1,102.0,S32_4485,Daedalus Designs Imports,20.16.1555,"184, chausse de Tournai",Lille,59000,France,Rance,Martine,2
10190.0,42.0,85.72,4.0,3600.0,2018-11-19,2822.0,5,1,102.0,S32_4485,Euro Shopping Channel,(91) 555 94 44,"C/ Moralzarzal, 86",Madrid,28034,Spain,Freyre,Diego,1
10211.0,37.0,109.19,12.0,4040.0,2019-01-15,2766.0,5,1,102.0,S32_4485,Auto Canal Petit,(1) 47.55.6555,"25, rue Lauriston",Paris,75016,France,Perrier,Dominique,1
10224.0,30.0,111.23,5.0,3336.0,2019-02-21,2730.0,5,1,102.0,S32_4485,Daedalus Designs Imports,20.16.1555,"184, chausse de Tournai",Lille,59000,France,Rance,Martine,1
10237.0,27.0,115.32,5.0,3113.0,2019-04-05,2688.0,5,1,102.0,S32_4485,Vitachrome Inc.,2125551500,2678 Kingston Rd.,NYC,10022,USA,Frick,Michael,1
10252.0,25.0,113.28,9.0,2832.0,2019-05-26,2638.0,5,1,102.0,S32_4485,Auto Canal Petit,(1) 47.55.6555,"25, rue Lauriston",Paris,75016,France,Perrier,Dominique,2
10264.0,34.0,97.97,7.0,3330.0,2019-06-30,2604.0,5,1,102.0,S32_4485,Gifts4AllAges.com,6175559555,8616 Spinnaker Dr.,Boston,51003,USA,Yoshido,Juri,1
10276.0,38.0,113.28,13.0,4304.0,2019-08-02,2572.0,5,1,102.0,S32_4485,Online Mini Collectables,6175557555,7635 Spinnaker Dr.,Brickhaven,58339,USA,Barajas,Miguel,1
10285.0,26.0,100.01,4.0,2600.0,2019-08-27,2548.0,5,1,102.0,S32_4485,Marta's Replicas Co.,6175558555,39323 Spinnaker Dr.,Cambridge,51247,USA,Hernandez,Marta,2
10299.0,38.0,115.32,7.0,4382.0,2019-09-30,2515.0,5,1,102.0,S32_4485,"Toys of Finland, Co.",90-224 8555,Keskuskatu 45,Helsinki,21240,Finland,Karttunen,Matti,1
10309.0,50.0,84.7,3.0,4235.0,2019-10-15,2501.0,5,1,102.0,S32_4485,Baane Mini Imports,07-98 9555,Erling Skakkes gate 78,Stavern,4110,Norway,Bergulfsen,Jonas,1
10319.0,22.0,119.4,8.0,2626.0,2019-11-03,2483.0,5,1,102.0,S32_4485,Microscale Inc.,2125551957,5290 North Pendale Street,NYC,10022,USA,Kuo,Kee,2
10331.0,32.0,157.08,4.0,5026.0,2019-11-17,2470.0,5,1,102.0,S32_4485,Motor Mint Distributors Inc.,2155559857,11328 Douglas Av.,Philadelphia,71270,USA,Hernandez,Rosa,1
10341.0,31.0,71.02,4.0,2201.0,2019-11-24,2464.0,5,1,102.0,S32_4485,Salzburg Collectables,6562-9555,Geislweg 14,Salzburg,5020,Austria,Pipps,Georg,2
10355.0,40.0,108.17,5.0,4326.0,2019-12-07,2452.0,5,1,102.0,S32_4485,Euro Shopping Channel,(91) 555 94 44,"C/ Moralzarzal, 86",Madrid,28034,Spain,Freyre,Diego,1
10365.0,22.0,155.69,3.0,3425.0,2020-01-07,2422.0,5,1,102.0,S32_4485,Mini Creations Ltd.,5085559555,4575 Hillside Dr.,New Bedford,50553,USA,Tam,Wing C,1
10375.0,41.0,114.68,15.0,4701.0,2020-02-03,2396.0,5,1,102.0,S32_4485,La Rochelle Gifts,40.67.8555,"67, rue des Cinquante Otages",Nantes,44000,France,Labrune,Janine,1
10390.0,45.0,48.98,12.0,2204.0,2020-03-04,2367.0,5,1,102.0,S32_4485,Mini Gifts Distributors Ltd.,4155551450,5677 Strong St.,San Rafael,97562,USA,Nelson,Valarie,2
10403.0,45.0,115.32,5.0,5189.0,2020-04-08,2333.0,5,1,102.0,S32_4485,"UK Collectables, Ltd.",(171) 555-2282,Berkeley Gardens 12  Brewery,Liverpool,WX1 6LT,UK,Devon,Elizabeth,1
10106.0,39.0,40.15,6.0,1565.0,2018-02-17,3115.0,5,6,43.0,S50_1341,Rovelli Gifts,035-640555,Via Ludovico il Moro 22,Bergamo,24100,Italy,Rovelli,Giovanni,2
10120.0,49.0,50.62,12.0,2480.0,2018-04-29,3045.0,5,6,43.0,S50_1341,"Australian Collectors, Co.",03 9520 4555,636 St Kilda Road,Melbourne,3004,Australia,Ferguson,Peter,2
10133.0,27.0,50.19,7.0,1355.0,2018-06-27,2987.0,5,6,43.0,S50_1341,Euro Shopping Channel,(91) 555 94 44,"C/ Moralzarzal, 86",Madrid,28034,Spain,Freyre,Diego,2
10143.0,34.0,36.66,1.0,1246.0,2018-08-10,2944.0,5,6,43.0,S50_1341,Mini Creations Ltd.,5085559555,4575 Hillside Dr.,New Bedford,50553,USA,Tam,Wing C,2
10156.0,20.0,41.02,1.0,820.0,2018-10-08,2886.0,5,6,43.0,S50_1341,Euro Shopping Channel,(91) 555 94 44,"C/ Moralzarzal, 86",Madrid,28034,Spain,Freyre,Diego,2
10168.0,48.0,51.93,13.0,2492.0,2018-10-28,2867.0,5,6,43.0,S50_1341,Technics Stores Inc.,6505556809,9408 Furth Circle,Burlingame,94217,USA,Hirano,Juri,2
10199.0,29.0,38.4,1.0,1113.0,2018-12-01,2834.0,5,6,43.0,S50_1341,West Coast Collectables Co.,3105553722,3675 Furth Circle,Burbank,94019,USA,Thompson,Steve,2
10210.0,43.0,41.02,11.0,1763.0,2019-01-12,2793.0,5,6,43.0,S50_1341,Osaka Souveniers Co.,+81 06 6342 5555,"Dojima Avanza 4F, 1-6-20 Dojima, Kita-ku",Osaka,530-0003,Japan,Kentary,Mory,2
10223.0,41.0,46.26,13.0,1896.0,2019-02-20,2755.0,5,6,43.0,S50_1341,"Australian Collectors, Co.",03 9520 4555,636 St Kilda Road,Melbourne,3004,Australia,Ferguson,Peter,2
10235.0,41.0,35.35,7.0,1449.0,2019-04-02,2715.0,5,6,43.0,S50_1341,"Royal Canadian Collectables, Ltd.",(604) 555-4555,23 Tsawassen Blvd.,Tsawassen,T2F 8M4,Canada,Lincoln,Elizabeth,2
10250.0,36.0,51.93,8.0,1869.0,2019-05-11,2677.0,5,6,43.0,S50_1341,The Sharp Gifts Warehouse,4085553659,3086 Ingle Ln.,San Jose,94217,USA,Frick,Sue,2
10262.0,49.0,37.97,3.0,1860.0,2019-06-24,2634.0,0,6,43.0,S50_1341,Euro Shopping Channel,(91) 555 94 44,"C/ Moralzarzal, 86",Madrid,28034,Spain,Freyre,Diego,2
10275.0,38.0,45.39,13.0,1724.0,2019-07-23,2606.0,5,6,43.0,S50_1341,La Rochelle Gifts,40.67.8555,"67, rue des Cinquante Otages",Nantes,44000,France,Labrune,Janine,2
10284.0,33.0,51.93,5.0,1713.0,2019-08-21,2578.0,5,6,43.0,S50_1341,"Norway Gifts By Mail, Co.",+47 2212 1555,"Drammensveien 126 A, PB 744 Sentrum",Oslo,N 0106,Norway,Klaeboe,Jan,2
10296.0,26.0,48.44,1.0,1259.0,2019-09-15,2554.0,5,6,43.0,S50_1341,"Bavarian Collectables Imports, Co.",+49 89 61 08 9555,Hansastr. 15,Munich,80686,Germany,Donnermeyer,Michael,2
10308.0,47.0,43.64,11.0,2051.0,2019-10-15,2525.0,5,6,43.0,S50_1341,Mini Classics,9145554562,3758 North Pendale Street,White Plains,24067,USA,Frick,Steve,2
10316.0,34.0,47.57,3.0,1617.0,2019-11-01,2509.0,5,6,43.0,S50_1341,giftsbymail.co.uk,(198) 555-8888,Garden House Crowther Way,Cowes,PO31 7PJ,UK,Bennett,Helen,2
10328.0,34.0,51.93,7.0,1765.0,2019-11-12,2499.0,5,6,43.0,S50_1341,Rovelli Gifts,035-640555,Via Ludovico il Moro 22,Bergamo,24100,Italy,Rovelli,Giovanni,2
10340.0,40.0,50.62,4.0,2024.0,2019-11-24,2488.0,5,6,43.0,S50_1341,Enaco Distributors,(93) 203 4555,"Rambla de Catalu¤a, 23",Barcelona,8022,Spain,Saavedra,Eduardo,2
10353.0,40.0,82.21,8.0,3288.0,2019-12-04,2479.0,5,6,43.0,S50_1341,Gift Ideas Corp.,2035554407,2440 Pompton St.,Glendale,97561,USA,Lewis,Dan,1
10361.0,33.0,82.59,3.0,2725.0,2019-12-17,2467.0,5,6,43.0,S50_1341,Souveniers And Things Co.,+61 2 9495 8555,"Monitor Money Building, 815 Pacific Hwy",Chatswood,2067,Australia,Huxley,Adrian,2
10375.0,49.0,65.8,5.0,3224.0,2020-02-03,2420.0,5,6,43.0,S50_1341,La Rochelle Gifts,40.67.8555,"67, rue des Cinquante Otages",Nantes,44000,France,Labrune,Janine,1
10388.0,27.0,118.94,1.0,3211.0,2020-03-03,2392.0,5,6,43.0,S50_1341,FunGiftIdeas.com,5085552555,1785 First Street,New Bedford,50553,USA,Benitez,Violeta,1
10398.0,49.0,36.66,5.0,1796.0,2020-03-30,2366.0,5,6,43.0,S50_1341,Reims Collectables,26.47.1555,59 rue de l'Abbaye,Reims,51100,France,Henriot,Paul,2
10401.0,56.0,35.35,7.0,1979.0,2020-04-03,2363.0,3,6,43.0,S50_1341,Tekni Collectables Inc.,2015559350,7476 Moss Rd.,Newark,94019,USA,Brown,William,2
10416.0,37.0,51.93,8.0,1921.0,2020-05-10,2327.0,5,6,43.0,S50_1341,L'ordine Souveniers,0522-556555,Strada Provinciale 124,Reggio Emilia,42100,Italy,Moroni,Maurizio,2
10104.0,33.0,112.28,7.0,3705.0,2018-01-31,3158.0,5,5,115.0,S50_1392,Euro Shopping Channel,(91) 555 94 44,"C/ Moralzarzal, 86",Madrid,28034,Spain,Freyre,Diego,1
10115.0,27.0,105.33,3.0,2843.0,2018-04-04,3096.0,5,5,115.0,S50_1392,Classic Legends Inc.,2125558493,5905 Pompton St.,NYC,10022,USA,Hernandez,Maria,2
10127.0,46.0,134.27,9.0,6176.0,2018-06-03,3037.0,5,5,115.0,S50_1392,Muscle Machine Inc,2125557413,4092 Furth Circle,NYC,10022,USA,Young,Jeff,1
10141.0,44.0,125.01,3.0,5500.0,2018-08-01,2979.0,5,5,115.0,S50_1392,Suominen Souveniers,+358 9 8045 555,"Software Engineering Center, SEC Oy",Espoo,FIN-02271,Finland,Suominen,Kalle,1
10151.0,26.0,123.85,1.0,3220.0,2018-09-21,2929.0,5,5,115.0,S50_1392,"Oulu Toy Supplies, Inc.",981-443655,Torikatu 38,Oulu,90110,Finland,Koskitalo,Pirkko,1
10165.0,48.0,94.92,10.0,4556.0,2018-10-22,2899.0,5,5,115.0,S50_1392,"Dragon Souveniers, Ltd.",+65 221 7555,"Bronz Sok., Bronz Apt. 3/6 Tesvikiye",Singapore,79903,Singapore,Natividad,Eric,1
10176.0,23.0,135.43,9.0,3114.0,2018-11-06,2885.0,5,5,115.0,S50_1392,L'ordine Souveniers,0522-556555,Strada Provinciale 124,Reggio Emilia,42100,Italy,Moroni,Maurizio,1
10184.0,45.0,109.96,4.0,4948.0,2018-11-14,2878.0,5,5,115.0,S50_1392,"Iberia Gift Imports, Corp.",(95) 555 82 82,"C/ Romero, 33",Sevilla,41101,Spain,Roel,Jose Pedro,1
10195.0,49.0,105.33,4.0,5161.0,2018-11-25,2868.0,5,5,115.0,S50_1392,Mini Classics,9145554562,3758 North Pendale Street,White Plains,24067,USA,Frick,Steve,1
10207.0,28.0,94.92,5.0,2657.0,2018-12-09,2855.0,5,5,115.0,S50_1392,Diecast Collectables,6175552555,6251 Ingle Ln.,Boston,51003,USA,Franco,Valarie,2
10220.0,37.0,107.65,9.0,3983.0,2019-02-12,2791.0,5,5,115.0,S50_1392,"Clover Collections, Co.",+353 1862 1555,25 Maiden Lane,Dublin,2,Ireland,Cassidy,Dean,1
10230.0,34.0,116.91,7.0,3974.0,2019-03-15,2761.0,5,5,115.0,S50_1392,"Blauer See Auto, Co.",+49 69 66 90 2555,Lyonerstr. 34,Frankfurt,60528,Germany,Keitel,Roland,1
10246.0,22.0,133.11,3.0,2928.0,2019-05-05,2711.0,5,5,115.0,S50_1392,Euro Shopping Channel,(91) 555 94 44,"C/ Moralzarzal, 86",Madrid,28034,Spain,Freyre,Diego,2
10259.0,29.0,105.33,2.0,3054.0,2019-06-15,2671.0,5,5,115.0,S50_1392,Handji Gifts& Co,+65 224 1555,Village Close - 106 Linden Road Sandown,Singapore,69045,Singapore,Victorino,Wendy,1
10271.0,34.0,98.39,3.0,3345.0,2019-07-20,2637.0,5,5,115.0,S50_1392,Mini Gifts Distributors Ltd.,4155551450,5677 Strong St.,San Rafael,97562,USA,Nelson,Valarie,1
10282.0,38.0,113.44,12.0,4310.0,2019-08-20,2607.0,5,5,115.0,S50_1392,Mini Gifts Distributors Ltd.,4155551450,5677 Strong St.,San Rafael,97562,USA,Nelson,Valarie,1
10292.0,41.0,121.54,6.0,4983.0,2019-09-08,2589.0,5,5,115.0,S50_1392,Land of Toys Inc.,2125557818,897 Long Airport Avenue,NYC,10022,USA,Yu,Kwai,1
10305.0,42.0,109.96,3.0,4618.0,2019-10-13,2555.0,5,5,115.0,S50_1392,Marta's Replicas Co.,6175558555,39323 Spinnaker Dr.,Cambridge,51247,USA,Hernandez,Marta,1
10314.0,28.0,121.54,12.0,3403.0,2019-10-22,2547.0,5,5,115.0,S50_1392,Heintze Collectables,86 21 3555,Smagsloget 45,Aaarhus,8200,Denmark,Ibsen,Palle,1
10325.0,38.0,136.59,4.0,5190.0,2019-11-05,2534.0,5,5,115.0,S50_1392,Baane Mini Imports,07-98 9555,Erling Skakkes gate 78,Stavern,4110,Norway,Bergulfsen,Jonas,1
10336.0,23.0,136.59,8.0,3141.0,2019-11-20,2520.0,5,5,115.0,S50_1392,"La Corne D'abondance, Co.",(1) 42.34.2555,"265, boulevard Charonne",Paris,75012,France,Bertrand,Marie,1
10350.0,31.0,71.4,8.0,2213.0,2019-12-02,2509.0,5,5,115.0,S50_1392,Euro Shopping Channel,(91) 555 94 44,"C/ Moralzarzal, 86",Madrid,28034,Spain,Freyre,Diego,2
10359.0,46.0,106.45,2.0,4896.0,2019-12-15,2497.0,5,5,115.0,S50_1392,Reims Collectables,26.47.1555,59 rue de l'Abbaye,Reims,51100,France,Henriot,Paul,1
10371.0,48.0,56.55,10.0,2714.0,2020-01-23,2459.0,5,5,115.0,S50_1392,Mini Gifts Distributors Ltd.,4155551450,5677 Strong St.,San Rafael,97562,USA,Nelson,Valarie,2
10383.0,29.0,106.45,13.0,3087.0,2020-02-22,2430.0,5,5,115.0,S50_1392,Euro Shopping Channel,(91) 555 94 44,"C/ Moralzarzal, 86",Madrid,28034,Spain,Freyre,Diego,1
10395.0,46.0,123.76,4.0,5692.0,2020-03-17,2407.0,5,5,115.0,S50_1392,Lyon Souveniers,+33 1 46 62 7555,27 rue du Colonel Pierre Avia,Paris,75508,France,Da Cunha,Daniel,1
10412.0,26.0,133.11,3.0,3460.0,2020-05-03,2361.0,5,5,115.0,S50_1392,Euro Shopping Channel,(91) 555 94 44,"C/ Moralzarzal, 86",Madrid,28034,Spain,Freyre,Diego,1
10425.0,18.0,105.33,2.0,1895.0,2020-05-31,2334.0,2,5,115.0,S50_1392,La Rochelle Gifts,40.67.8555,"67, rue des Cinquante Otages",Nantes,44000,France,Labrune,Janine,2
10104.0,32.0,53.31,2.0,1705.0,2018-01-31,3186.0,5,4,58.0,S50_1514,Euro Shopping Channel,(91) 555 94 44,"C/ Moralzarzal, 86",Madrid,28034,Spain,Freyre,Diego,2
10117.0,21.0,49.21,11.0,1033.0,2018-04-16,3112.0,5,4,58.0,S50_1514,"Dragon Souveniers, Ltd.",+65 221 7555,"Bronz Sok., Bronz Apt. 3/6 Tesvikiye",Singapore,79903,Singapore,Natividad,Eric,2
10127.0,46.0,69.12,4.0,3179.0,2018-06-03,3065.0,5,4,58.0,S50_1514,Muscle Machine Inc,2125557413,4092 Furth Circle,NYC,10022,USA,Young,Jeff,1
10142.0,42.0,49.79,14.0,2091.0,2018-08-08,3000.0,5,4,58.0,S50_1514,Mini Gifts Distributors Ltd.,4155551450,5677 Strong St.,San Rafael,97562,USA,Nelson,Valarie,2
10153.0,31.0,57.41,13.0,1779.0,2018-09-28,2950.0,5,4,58.0,S50_1514,Euro Shopping Channel,(91) 555 94 44,"C/ Moralzarzal, 86",Madrid,28034,Spain,Freyre,Diego,2
10165.0,38.0,66.78,5.0,2537.0,2018-10-22,2927.0,5,4,58.0,S50_1514,"Dragon Souveniers, Ltd.",+65 221 7555,"Bronz Sok., Bronz Apt. 3/6 Tesvikiye",Singapore,79903,Singapore,Natividad,Eric,2
10176.0,38.0,64.44,4.0,2448.0,2018-11-06,2913.0,5,4,58.0,S50_1514,L'ordine Souveniers,0522-556555,Strada Provinciale 124,Reggio Emilia,42100,Italy,Moroni,Maurizio,2
10185.0,20.0,48.62,15.0,972.0,2018-11-14,2906.0,5,4,58.0,S50_1514,Mini Creations Ltd.,5085559555,4575 Hillside Dr.,New Bedford,50553,USA,Tam,Wing C,2
10196.0,46.0,62.09,7.0,2856.0,2018-11-26,2895.0,5,4,58.0,S50_1514,Super Scale Inc.,2035559545,567 North Pendale Street,New Haven,97823,USA,Murphy,Leslie,2
10208.0,30.0,65.61,15.0,1968.0,2019-01-02,2859.0,5,4,58.0,S50_1514,"Saveley & Henriot, Co.",78.32.5555,"2, rue du Commerce",Lyon,69004,France,Saveley,Mary,2
10220.0,30.0,68.54,4.0,2056.0,2019-02-12,2819.0,5,4,58.0,S50_1514,"Clover Collections, Co.",+353 1862 1555,25 Maiden Lane,Dublin,2,Ireland,Cassidy,Dean,2
10230.0,43.0,52.14,2.0,2242.0,2019-03-15,2789.0,5,4,58.0,S50_1514,"Blauer See Auto, Co.",+49 69 66 90 2555,Lyonerstr. 34,Frankfurt,60528,Germany,Keitel,Roland,2
10247.0,49.0,63.85,4.0,3128.0,2019-05-05,2739.0,5,4,58.0,S50_1514,Suominen Souveniers,+358 9 8045 555,"Software Engineering Center, SEC Oy",Espoo,FIN-02271,Finland,Suominen,Kalle,1
10272.0,43.0,56.82,4.0,2443.0,2019-07-20,2664.0,5,4,58.0,S50_1514,Diecast Classics Inc.,2155551555,7586 Pompton St.,Allentown,70267,USA,Yu,Kyung,2
10282.0,37.0,66.78,7.0,2470.0,2019-08-20,2634.0,5,4,58.0,S50_1514,Mini Gifts Distributors Ltd.,4155551450,5677 Strong St.,San Rafael,97562,USA,Nelson,Valarie,2
10292.0,35.0,55.07,1.0,1927.0,2019-09-08,2616.0,5,4,58.0,S50_1514,Land of Toys Inc.,2125557818,897 Long Airport Avenue,NYC,10022,USA,Yu,Kwai,2
10306.0,34.0,60.34,15.0,2051.0,2019-10-14,2581.0,5,4,58.0,S50_1514,"AV Stores, Co.",(171) 555-1555,Fauntleroy Circus,Manchester,EC2 5NT,UK,Ashworth,Victoria,2
10314.0,38.0,61.51,7.0,2337.0,2019-10-22,2574.0,5,4,58.0,S50_1514,Heintze Collectables,86 21 3555,Smagsloget 45,Aaarhus,8200,Denmark,Ibsen,Palle,2
10325.0,44.0,134.84,7.0,5932.0,2019-11-05,2561.0,5,4,58.0,S50_1514,Baane Mini Imports,07-98 9555,Erling Skakkes gate 78,Stavern,4110,Norway,Bergulfsen,Jonas,1
10337.0,21.0,109.37,6.0,2296.0,2019-11-21,2546.0,5,4,58.0,S50_1514,Classic Legends Inc.,2125558493,5905 Pompton St.,NYC,10022,USA,Hernandez,Maria,2
10350.0,44.0,147.52,17.0,6490.0,2019-12-02,2536.0,5,4,58.0,S50_1514,Euro Shopping Channel,(91) 555 94 44,"C/ Moralzarzal, 86",Madrid,28034,Spain,Freyre,Diego,1
10359.0,25.0,64.93,4.0,1623.0,2019-12-15,2524.0,5,4,58.0,S50_1514,Reims Collectables,26.47.1555,59 rue de l'Abbaye,Reims,51100,France,Henriot,Paul,2
10372.0,24.0,58.58,9.0,1405.0,2020-01-26,2483.0,5,4,58.0,S50_1514,"Tokyo Collectables, Ltd",+81 3 3584 0555,2-2-8 Roppongi,Minato-ku,106-0032,Japan,Shimamura,Akiko,2
10383.0,38.0,60.06,10.0,2282.0,2020-02-22,2457.0,5,4,58.0,S50_1514,Euro Shopping Channel,(91) 555 94 44,"C/ Moralzarzal, 86",Madrid,28034,Spain,Freyre,Diego,2
10395.0,45.0,199.49,3.0,7951.5,2020-03-17,2434.0,5,4,58.0,S50_1514,Lyon Souveniers,+33 1 46 62 7555,27 rue du Colonel Pierre Avia,Paris,75508,France,Da Cunha,Daniel,0
10413.0,51.0,63.85,4.0,3256.0,2020-05-05,2386.0,5,4,58.0,S50_1514,Gift Depot Inc.,2035552570,25593 South Bay Ln.,Bridgewater,97562,USA,King,Julie,1
10108.0,34.0,82.99,14.0,2821.0,2018-03-03,3181.0,5,1,81.0,S50_4713,Cruz & Sons Co.,+63 2 555 3587,15 McCallum Street - NatWest Center #13-03,Makati City,1227 MM,Philippines,Cruz,Arnold,2
10121.0,44.0,74.85,1.0,3293.0,2018-05-07,3117.0,5,1,81.0,S50_4713,Reims Collectables,26.47.1555,59 rue de l'Abbaye,Reims,51100,France,Henriot,Paul,1
10135.0,44.0,96.0,15.0,4224.0,2018-07-02,3062.0,5,1,81.0,S50_4713,Mini Gifts Distributors Ltd.,4155551450,5677 Strong St.,San Rafael,97562,USA,Nelson,Valarie,1
10145.0,38.0,81.36,2.0,3091.0,2018-08-25,3009.0,5,1,81.0,S50_4713,Toys4GrownUps.com,6265557265,78934 Hillside Dr.,Pasadena,90003,USA,Young,Julie,1
10169.0,48.0,80.55,10.0,3866.0,2018-11-04,2939.0,5,1,81.0,S50_4713,"Anna's Decorations, Ltd",02 9936 8555,201 Miller Street,North Sydney,2060,Australia,O'Hara,Anna,1
10180.0,21.0,93.56,5.0,1964.0,2018-11-11,2933.0,5,1,81.0,S50_4713,Daedalus Designs Imports,20.16.1555,"184, chausse de Tournai",Lille,59000,France,Rance,Martine,2
10190.0,40.0,66.72,2.0,2668.0,2018-11-19,2926.0,5,1,81.0,S50_4713,Euro Shopping Channel,(91) 555 94 44,"C/ Moralzarzal, 86",Madrid,28034,Spain,Freyre,Diego,2
10211.0,40.0,80.55,10.0,3222.0,2019-01-15,2870.0,5,1,81.0,S50_4713,Auto Canal Petit,(1) 47.55.6555,"25, rue Lauriston",Paris,75016,France,Perrier,Dominique,1
10224.0,50.0,77.29,3.0,3864.0,2019-02-21,2834.0,5,1,81.0,S50_4713,Daedalus Designs Imports,20.16.1555,"184, chausse de Tournai",Lille,59000,France,Rance,Martine,1
10237.0,20.0,68.34,3.0,1366.0,2019-04-05,2792.0,5,1,81.0,S50_4713,Vitachrome Inc.,2125551500,2678 Kingston Rd.,NYC,10022,USA,Frick,Michael,2
10252.0,48.0,72.41,7.0,3475.0,2019-05-26,2742.0,5,1,81.0,S50_4713,Auto Canal Petit,(1) 47.55.6555,"25, rue Lauriston",Paris,75016,France,Perrier,Dominique,1
10264.0,47.0,89.5,5.0,4206.0,2019-06-30,2708.0,5,1,81.0,S50_4713,Gifts4AllAges.com,6175559555,8616 Spinnaker Dr.,Boston,51003,USA,Yoshido,Juri,1
10276.0,21.0,70.78,11.0,1486.0,2019-08-02,2676.0,5,1,81.0,S50_4713,Online Mini Collectables,6175557555,7635 Spinnaker Dr.,Brickhaven,58339,USA,Barajas,Miguel,2
10285.0,39.0,78.92,2.0,3077.0,2019-08-27,2652.0,5,1,81.0,S50_4713,Marta's Replicas Co.,6175558555,39323 Spinnaker Dr.,Cambridge,51247,USA,Hernandez,Marta,1
10299.0,44.0,80.55,5.0,3544.0,2019-09-30,2619.0,5,1,81.0,S50_4713,"Toys of Finland, Co.",90-224 8555,Keskuskatu 45,Helsinki,21240,Finland,Karttunen,Matti,1
10309.0,28.0,88.68,1.0,2483.0,2019-10-15,2605.0,5,1,81.0,S50_4713,Baane Mini Imports,07-98 9555,Erling Skakkes gate 78,Stavern,4110,Norway,Bergulfsen,Jonas,2
10319.0,45.0,77.29,6.0,3478.0,2019-11-03,2587.0,5,1,81.0,S50_4713,Microscale Inc.,2125551957,5290 North Pendale Street,NYC,10022,USA,Kuo,Kee,1
10331.0,20.0,182.89,5.0,3657.0,2019-11-17,2574.0,5,1,81.0,S50_4713,Motor Mint Distributors Inc.,2155559857,11328 Douglas Av.,Philadelphia,71270,USA,Hernandez,Rosa,1
10341.0,38.0,123.22,3.0,4682.0,2019-11-24,2568.0,5,1,81.0,S50_4713,Salzburg Collectables,6562-9555,Geislweg 14,Salzburg,5020,Austria,Pipps,Georg,1
10356.0,26.0,151.45,4.0,3937.0,2019-12-09,2554.0,5,1,81.0,S50_4713,Lyon Souveniers,+33 1 46 62 7555,27 rue du Colonel Pierre Avia,Paris,75508,France,Da Cunha,Daniel,1
10365.0,44.0,113.28,2.0,4984.0,2020-01-07,2526.0,5,1,81.0,S50_4713,Mini Creations Ltd.,5085559555,4575 Hillside Dr.,New Bedford,50553,USA,Tam,Wing C,1
10375.0,49.0,110.34,8.0,5406.0,2020-02-03,2500.0,5,1,81.0,S50_4713,La Rochelle Gifts,40.67.8555,"67, rue des Cinquante Otages",Nantes,44000,France,Labrune,Janine,1
10390.0,22.0,158.69,13.0,3491.0,2020-03-04,2471.0,5,1,81.0,S50_4713,Mini Gifts Distributors Ltd.,4155551450,5677 Strong St.,San Rafael,97562,USA,Nelson,Valarie,1
10403.0,31.0,68.34,3.0,2118.0,2020-04-08,2437.0,5,1,81.0,S50_4713,"UK Collectables, Ltd.",(171) 555-2282,Berkeley Gardens 12  Brewery,Liverpool,WX1 6LT,UK,Devon,Elizabeth,2
10105.0,41.0,70.67,5.0,2897.0,2018-02-11,3225.0,5,3,66.0,S700_1138,Danish Wholesale Imports,31 12 3555,Vinb'ltet 34,Kobenhavn,1734,Denmark,Petersen,Jytte,2
10119.0,25.0,76.67,14.0,1916.0,2018-04-28,3150.0,5,3,66.0,S700_1138,Salzburg Collectables,6562-9555,Geislweg 14,Salzburg,5020,Austria,Pipps,Georg,2
10129.0,31.0,60.0,5.0,1860.0,2018-06-12,3106.0,5,3,66.0,S700_1138,"Stylish Desk Decors, Co.",(171) 555-0297,35 King George,London,WX3 6FW,UK,Brown,Ann,2
10142.0,41.0,64.0,2.0,2624.0,2018-08-08,3050.0,5,3,66.0,S700_1138,Mini Gifts Distributors Ltd.,4155551450,5677 Strong St.,San Rafael,97562,USA,Nelson,Valarie,2
10153.0,43.0,64.67,1.0,2780.0,2018-09-28,3000.0,5,3,66.0,S700_1138,Euro Shopping Channel,(91) 555 94 44,"C/ Moralzarzal, 86",Madrid,28034,Spain,Freyre,Diego,2
10167.0,43.0,75.34,12.0,3239.0,2018-10-23,2976.0,0,3,66.0,S700_1138,Scandinavian Gift Ideas,0695-34 6555,?kergatan 24,Boras,S-844 67,Sweden,Larsson,Maria,1
10177.0,24.0,76.0,3.0,1824.0,2018-11-07,2962.0,5,3,66.0,S700_1138,CAF Imports,+34 913 728 555,"Merchants House, 27-30 Merchant's Quay",Madrid,28023,Spain,Fernandez,Jesus,2
10185.0,21.0,54.0,3.0,1134.0,2018-11-14,2956.0,5,3,66.0,S700_1138,Mini Creations Ltd.,5085559555,4575 Hillside Dr.,New Bedford,50553,USA,Tam,Wing C,2
10197.0,23.0,64.67,9.0,1487.0,2018-11-26,2945.0,5,3,66.0,S700_1138,Enaco Distributors,(93) 203 4555,"Rambla de Catalu¤a, 23",Barcelona,8022,Spain,Saavedra,Eduardo,2
10208.0,38.0,74.67,3.0,2837.0,2019-01-02,2909.0,5,3,66.0,S700_1138,"Saveley & Henriot, Co.",78.32.5555,"2, rue du Commerce",Lyon,69004,France,Saveley,Mary,2
10222.0,31.0,62.67,15.0,1942.0,2019-02-19,2862.0,5,3,66.0,S700_1138,Collectable Mini Designs Co.,7605558146,361 Furth Circle,San Diego,91217,USA,Thompson,Valarie,2
10233.0,36.0,70.67,3.0,2544.0,2019-03-29,2825.0,5,3,66.0,S700_1138,Tekni Collectables Inc.,2015559350,7476 Moss Rd.,Newark,94019,USA,Brown,William,2
10248.0,36.0,71.34,6.0,2568.0,2019-05-07,2787.0,0,3,66.0,S700_1138,Land of Toys Inc.,2125557818,897 Long Airport Avenue,NYC,10022,USA,Yu,Kwai,2
10261.0,34.0,62.0,4.0,2108.0,2019-06-17,2747.0,5,3,66.0,S700_1138,Quebec Home Shopping Network,(514) 555-8054,43 rue St. Laurent,Montreal,H1J 1C3,Canada,Fresnisre,Jean,2
10273.0,21.0,65.34,7.0,1372.0,2019-07-21,2714.0,5,3,66.0,S700_1138,Petit Auto,(02) 5554 67,Rue Joseph-Bens 532,Bruxelles,B-1180,Belgium,Dewey,Catherine,2
10283.0,45.0,78.67,9.0,3540.0,2019-08-20,2685.0,5,3,66.0,S700_1138,"Royal Canadian Collectables, Ltd.",(604) 555-4555,23 Tsawassen Blvd.,Tsawassen,T2F 8M4,Canada,Lincoln,Elizabeth,1
10295.0,26.0,75.34,4.0,1958.0,2019-09-10,2665.0,5,3,66.0,S700_1138,Gifts4AllAges.com,6175559555,8616 Spinnaker Dr.,Boston,51003,USA,Yoshido,Juri,2
10306.0,50.0,54.0,3.0,2700.0,2019-10-14,2632.0,5,3,66.0,S700_1138,"AV Stores, Co.",(171) 555-1555,Fauntleroy Circus,Manchester,EC2 5NT,UK,Ashworth,Victoria,2
10315.0,41.0,62.0,2.0,2542.0,2019-10-29,2618.0,5,3,66.0,S700_1138,La Rochelle Gifts,40.67.8555,"67, rue des Cinquante Otages",Nantes,44000,France,Labrune,Janine,2
10326.0,39.0,60.0,1.0,2340.0,2019-11-09,2608.0,5,3,66.0,S700_1138,"Volvo Model Replicas, Co",0921-12 3555,Berguvsvgen  8,Lule,S-958 22,Sweden,Berglund,Christina,2
10339.0,22.0,128.02,5.0,2816.0,2019-11-23,2595.0,5,3,66.0,S700_1138,"Tokyo Collectables, Ltd",+81 3 3584 0555,2-2-8 Roppongi,Minato-ku,106-0032,Japan,Shimamura,Akiko,2
10350.0,46.0,76.67,11.0,3526.0,2019-12-02,2587.0,5,3,66.0,S700_1138,Euro Shopping Channel,(91) 555 94 44,"C/ Moralzarzal, 86",Madrid,28034,Spain,Freyre,Diego,1
10373.0,44.0,105.18,14.0,4627.0,2020-01-31,2528.0,5,3,66.0,S700_1138,"Oulu Toy Supplies, Inc.",981-443655,Torikatu 38,Oulu,90110,Finland,Koskitalo,Pirkko,1
10385.0,25.0,77.34,1.0,1933.0,2020-02-28,2501.0,5,3,66.0,S700_1138,Mini Gifts Distributors Ltd.,4155551450,5677 Strong St.,San Rafael,97562,USA,Nelson,Valarie,2
10396.0,39.0,66.67,1.0,2600.0,2020-03-23,2478.0,5,3,66.0,S700_1138,Mini Gifts Distributors Ltd.,4155551450,5677 Strong St.,San Rafael,97562,USA,Nelson,Valarie,2
10414.0,37.0,71.34,6.0,2639.0,2020-05-06,2435.0,3,3,66.0,S700_1138,Gifts4AllAges.com,6175559555,8616 Spinnaker Dr.,Boston,51003,USA,Yoshido,Juri,2
10106.0,31.0,106.87,7.0,3312.0,2018-02-17,3245.0,5,2,91.0,S700_1691,Rovelli Gifts,035-640555,Via Ludovico il Moro 22,Bergamo,24100,Italy,Rovelli,Giovanni,1
10120.0,47.0,82.21,13.0,3863.0,2018-04-29,3175.0,5,2,91.0,S700_1691,"Australian Collectors, Co.",03 9520 4555,636 St Kilda Road,Melbourne,3004,Australia,Ferguson,Peter,1
10133.0,24.0,77.64,8.0,1863.0,2018-06-27,3117.0,5,2,91.0,S700_1691,Euro Shopping Channel,(91) 555 94 44,"C/ Moralzarzal, 86",Madrid,28034,Spain,Freyre,Diego,2
10143.0,36.0,109.61,2.0,3945.0,2018-08-10,3074.0,5,2,91.0,S700_1691,Mini Creations Ltd.,5085559555,4575 Hillside Dr.,New Bedford,50553,USA,Tam,Wing C,1
10156.0,48.0,103.21,2.0,4954.0,2018-10-08,3016.0,5,2,91.0,S700_1691,Euro Shopping Channel,(91) 555 94 44,"C/ Moralzarzal, 86",Madrid,28034,Spain,Freyre,Diego,1
10168.0,28.0,98.65,14.0,2762.0,2018-10-28,2997.0,5,2,91.0,S700_1691,Technics Stores Inc.,6505556809,9408 Furth Circle,Burlingame,94217,USA,Hirano,Juri,2
10199.0,48.0,83.12,2.0,3989.0,2018-12-01,2964.0,5,2,91.0,S700_1691,West Coast Collectables Co.,3105553722,3675 Furth Circle,Burbank,94019,USA,Thompson,Steve,1
10210.0,21.0,78.55,12.0,1649.0,2019-01-12,2923.0,5,2,91.0,S700_1691,Osaka Souveniers Co.,+81 06 6342 5555,"Dojima Avanza 4F, 1-6-20 Dojima, Kita-ku",Osaka,530-0003,Japan,Kentary,Mory,2
10223.0,25.0,101.39,14.0,2534.0,2019-02-20,2885.0,5,2,91.0,S700_1691,"Australian Collectors, Co.",03 9520 4555,636 St Kilda Road,Melbourne,3004,Australia,Ferguson,Peter,2
10235.0,25.0,103.21,8.0,2580.0,2019-04-02,2845.0,5,2,91.0,S700_1691,"Royal Canadian Collectables, Ltd.",(604) 555-4555,23 Tsawassen Blvd.,Tsawassen,T2F 8M4,Canada,Lincoln,Elizabeth,2
10250.0,31.0,91.34,9.0,2831.0,2019-05-11,2807.0,5,2,91.0,S700_1691,The Sharp Gifts Warehouse,4085553659,3086 Ingle Ln.,San Jose,94217,USA,Frick,Sue,2
10262.0,40.0,84.03,4.0,3361.0,2019-06-24,2764.0,0,2,91.0,S700_1691,Euro Shopping Channel,(91) 555 94 44,"C/ Moralzarzal, 86",Madrid,28034,Spain,Freyre,Diego,1
10275.0,32.0,89.51,14.0,2864.0,2019-07-23,2736.0,5,2,91.0,S700_1691,La Rochelle Gifts,40.67.8555,"67, rue des Cinquante Otages",Nantes,44000,France,Labrune,Janine,2
10284.0,24.0,83.12,6.0,1994.0,2019-08-21,2708.0,5,2,91.0,S700_1691,"Norway Gifts By Mail, Co.",+47 2212 1555,"Drammensveien 126 A, PB 744 Sentrum",Oslo,N 0106,Norway,Klaeboe,Jan,2
10296.0,42.0,102.3,2.0,4296.0,2019-09-15,2684.0,5,2,91.0,S700_1691,"Bavarian Collectables Imports, Co.",+49 89 61 08 9555,Hansastr. 15,Munich,80686,Germany,Donnermeyer,Michael,1
10308.0,21.0,105.95,12.0,2224.0,2019-10-15,2655.0,5,2,91.0,S700_1691,Mini Classics,9145554562,3758 North Pendale Street,White Plains,24067,USA,Frick,Steve,2
10316.0,34.0,82.21,4.0,2795.0,2019-11-01,2639.0,5,2,91.0,S700_1691,giftsbymail.co.uk,(198) 555-8888,Garden House Crowther Way,Cowes,PO31 7PJ,UK,Bennett,Helen,2
10328.0,27.0,102.3,8.0,2762.0,2019-11-12,2629.0,5,2,91.0,S700_1691,Rovelli Gifts,035-640555,Via Ludovico il Moro 22,Bergamo,24100,Italy,Rovelli,Giovanni,2
10340.0,30.0,88.6,5.0,2658.0,2019-11-24,2618.0,5,2,91.0,S700_1691,Enaco Distributors,(93) 203 4555,"Rambla de Catalu¤a, 23",Barcelona,8022,Spain,Saavedra,Eduardo,2
10353.0,39.0,129.33,9.0,5043.0,2019-12-04,2609.0,5,2,91.0,S700_1691,Gift Ideas Corp.,2035554407,2440 Pompton St.,Glendale,97561,USA,Lewis,Dan,1
10361.0,20.0,60.54,4.0,1210.0,2019-12-17,2597.0,5,2,91.0,S700_1691,Souveniers And Things Co.,+61 2 9495 8555,"Monitor Money Building, 815 Pacific Hwy",Chatswood,2067,Australia,Huxley,Adrian,2
10375.0,37.0,81.87,6.0,3029.0,2020-02-03,2550.0,5,2,91.0,S700_1691,La Rochelle Gifts,40.67.8555,"67, rue des Cinquante Otages",Nantes,44000,France,Labrune,Janine,1
10388.0,46.0,214.6325,2.0,7951.5,2020-03-03,2522.0,5,2,91.0,S700_1691,FunGiftIdeas.com,5085552555,1785 First Street,New Bedford,50553,USA,Benitez,Violeta,0
10398.0,47.0,87.69,6.0,4121.0,2020-03-30,2496.0,5,2,91.0,S700_1691,Reims Collectables,26.47.1555,59 rue de l'Abbaye,Reims,51100,France,Henriot,Paul,1
10401.0,11.0,103.21,8.0,1135.0,2020-04-03,2493.0,3,2,91.0,S700_1691,Tekni Collectables Inc.,2015559350,7476 Moss Rd.,Newark,94019,USA,Brown,William,2
10416.0,23.0,91.34,9.0,2100.0,2020-05-10,2457.0,5,2,91.0,S700_1691,L'ordine Souveniers,0522-556555,Strada Provinciale 124,Reggio Emilia,42100,Italy,Moroni,Maurizio,2
10105.0,29.0,70.15,12.0,2034.0,2018-02-11,3277.0,5,3,86.0,S700_1938,Danish Wholesale Imports,31 12 3555,Vinb'ltet 34,Kobenhavn,1734,Denmark,Petersen,Jytte,2
10117.0,38.0,79.68,6.0,3027.0,2018-04-16,3214.0,5,3,86.0,S700_1938,"Dragon Souveniers, Ltd.",+65 221 7555,"Bronz Sok., Bronz Apt. 3/6 Tesvikiye",Singapore,79903,Singapore,Natividad,Eric,1
10128.0,32.0,97.0,3.0,3104.0,2018-06-06,3164.0,5,3,86.0,S700_1938,Euro Shopping Channel,(91) 555 94 44,"C/ Moralzarzal, 86",Madrid,28034,Spain,Freyre,Diego,1
10142.0,43.0,84.01,9.0,3612.0,2018-08-08,3102.0,5,3,86.0,S700_1938,Mini Gifts Distributors Ltd.,4155551450,5677 Strong St.,San Rafael,97562,USA,Nelson,Valarie,1
10153.0,31.0,87.48,8.0,2711.0,2018-09-28,3052.0,5,3,86.0,S700_1938,Euro Shopping Channel,(91) 555 94 44,"C/ Moralzarzal, 86",Madrid,28034,Spain,Freyre,Diego,2
10166.0,29.0,103.93,3.0,3013.0,2018-10-21,3030.0,5,3,86.0,S700_1938,FunGiftIdeas.com,5085552555,1785 First Street,New Bedford,50553,USA,Benitez,Violeta,1
10177.0,31.0,88.34,10.0,2738.0,2018-11-07,3014.0,5,3,86.0,S700_1938,CAF Imports,+34 913 728 555,"Merchants House, 27-30 Merchant's Quay",Madrid,28023,Spain,Fernandez,Jesus,2
10185.0,30.0,94.4,10.0,2832.0,2018-11-14,3008.0,5,3,86.0,S700_1938,Mini Creations Ltd.,5085559555,4575 Hillside Dr.,New Bedford,50553,USA,Tam,Wing C,2
10196.0,50.0,94.4,2.0,4720.0,2018-11-26,2997.0,5,3,86.0,S700_1938,Super Scale Inc.,2035559545,567 North Pendale Street,New Haven,97823,USA,Murphy,Leslie,1
10208.0,40.0,80.55,10.0,3222.0,2019-01-02,2961.0,5,3,86.0,S700_1938,"Saveley & Henriot, Co.",78.32.5555,"2, rue du Commerce",Lyon,69004,France,Saveley,Mary,1
10221.0,23.0,97.0,4.0,2231.0,2019-02-18,2915.0,5,3,86.0,S700_1938,Petit Auto,(02) 5554 67,Rue Joseph-Bens 532,Bruxelles,B-1180,Belgium,Dewey,Catherine,2
10232.0,26.0,88.34,7.0,2296.0,2019-03-20,2886.0,5,3,86.0,S700_1938,giftsbymail.co.uk,(198) 555-8888,Garden House Crowther Way,Cowes,PO31 7PJ,UK,Bennett,Helen,2
10248.0,40.0,103.93,13.0,4157.0,2019-05-07,2839.0,0,3,86.0,S700_1938,Land of Toys Inc.,2125557818,897 Long Airport Avenue,NYC,10022,USA,Yu,Kwai,1
10273.0,21.0,102.2,14.0,2146.0,2019-07-21,2765.0,5,3,86.0,S700_1938,Petit Auto,(02) 5554 67,Rue Joseph-Bens 532,Bruxelles,B-1180,Belgium,Dewey,Catherine,2
10282.0,43.0,86.61,2.0,3724.0,2019-08-20,2736.0,5,3,86.0,S700_1938,Mini Gifts Distributors Ltd.,4155551450,5677 Strong St.,San Rafael,97562,USA,Nelson,Valarie,1
10293.0,29.0,71.89,5.0,2084.0,2019-09-09,2717.0,5,3,86.0,S700_1938,Amica Models & Co.,011-4988555,Via Monte Bianco 34,Torino,10100,Italy,Accorti,Paolo,2
10306.0,38.0,91.81,10.0,3488.0,2019-10-14,2683.0,5,3,86.0,S700_1938,"AV Stores, Co.",(171) 555-1555,Fauntleroy Circus,Manchester,EC2 5NT,UK,Ashworth,Victoria,1
10314.0,23.0,76.22,2.0,1753.0,2019-10-22,2676.0,5,3,86.0,S700_1938,Heintze Collectables,86 21 3555,Smagsloget 45,Aaarhus,8200,Denmark,Ibsen,Palle,2
10327.0,20.0,173.46,7.0,3469.0,2019-11-10,2658.0,4,3,86.0,S700_1938,Danish Wholesale Imports,31 12 3555,Vinb'ltet 34,Kobenhavn,1734,Denmark,Petersen,Jytte,1
10337.0,36.0,70.3,9.0,2530.0,2019-11-21,2648.0,5,3,86.0,S700_1938,Classic Legends Inc.,2125558493,5905 Pompton St.,NYC,10022,USA,Hernandez,Maria,2
10350.0,28.0,104.44,4.0,2924.0,2019-12-02,2638.0,5,3,86.0,S700_1938,Euro Shopping Channel,(91) 555 94 44,"C/ Moralzarzal, 86",Madrid,28034,Spain,Freyre,Diego,2
10372.0,44.0,102.2,2.0,4496.0,2020-01-26,2584.0,5,3,86.0,S700_1938,"Tokyo Collectables, Ltd",+81 3 3584 0555,2-2-8 Roppongi,Minato-ku,106-0032,Japan,Shimamura,Akiko,1
10397.0,32.0,80.55,5.0,2577.0,2020-03-28,2523.0,5,3,86.0,S700_1938,Alpha Cognac,61.77.6555,1 rue Alsace-Lorraine,Toulouse,31000,France,Roulet,Annette,2
10414.0,34.0,103.93,13.0,3533.0,2020-05-06,2485.0,3,3,86.0,S700_1938,Gifts4AllAges.com,6175559555,8616 Spinnaker Dr.,Boston,51003,USA,Yoshido,Juri,1
10106.0,30.0,105.91,16.0,3177.0,2018-02-17,3295.0,5,3,90.0,S700_2047,Rovelli Gifts,035-640555,Via Ludovico il Moro 22,Bergamo,24100,Italy,Rovelli,Giovanni,1
10119.0,29.0,94.14,7.0,2730.0,2018-04-28,3226.0,5,3,90.0,S700_2047,Salzburg Collectables,6562-9555,Geislweg 14,Salzburg,5020,Austria,Pipps,Georg,2
10131.0,22.0,85.99,8.0,1891.0,2018-06-16,3178.0,5,3,90.0,S700_2047,Gift Ideas Corp.,2035554407,2440 Pompton St.,Glendale,97561,USA,Lewis,Dan,2
10143.0,26.0,100.48,11.0,2612.0,2018-08-10,3124.0,5,3,90.0,S700_2047,Mini Creations Ltd.,5085559555,4575 Hillside Dr.,New Bedford,50553,USA,Tam,Wing C,2
10155.0,32.0,91.43,9.0,2925.0,2018-10-06,3068.0,5,3,90.0,S700_2047,"Toys of Finland, Co.",90-224 8555,Keskuskatu 45,Helsinki,21240,Finland,Karttunen,Matti,2
10167.0,29.0,101.38,5.0,2940.0,2018-10-23,3052.0,0,3,90.0,S700_2047,Scandinavian Gift Ideas,0695-34 6555,?kergatan 24,Boras,S-844 67,Sweden,Larsson,Maria,2
10178.0,34.0,96.86,8.0,3293.0,2018-11-08,3037.0,5,3,90.0,S700_2047,Alpha Cognac,61.77.6555,1 rue Alsace-Lorraine,Toulouse,31000,France,Roulet,Annette,1
10186.0,24.0,99.57,5.0,2389.0,2018-11-14,3032.0,5,3,90.0,S700_2047,"Double Decker Gift Stores, Ltd",(171) 555-7555,120 Hanover Sq.,London,WA1 1DP,UK,Hardy,Thomas,2
10197.0,24.0,90.52,2.0,2172.0,2018-11-26,3021.0,5,3,90.0,S700_2047,Enaco Distributors,(93) 203 4555,"Rambla de Catalu¤a, 23",Barcelona,8022,Spain,Saavedra,Eduardo,2
10222.0,26.0,102.29,8.0,2659.0,2019-02-19,2937.0,5,3,90.0,S700_2047,Collectable Mini Designs Co.,7605558146,361 Furth Circle,San Diego,91217,USA,Thompson,Valarie,2
10249.0,40.0,95.95,4.0,3838.0,2019-05-08,2860.0,5,3,90.0,S700_2047,Cambridge Collectables Co.,6175555555,4658 Baden Av.,Cambridge,51247,USA,Tseng,Kyung,1
10262.0,44.0,94.14,13.0,4142.0,2019-06-24,2814.0,0,3,90.0,S700_2047,Euro Shopping Channel,(91) 555 94 44,"C/ Moralzarzal, 86",Madrid,28034,Spain,Freyre,Diego,1
10274.0,24.0,90.52,5.0,2172.0,2019-07-21,2788.0,5,3,90.0,S700_2047,Collectables For Less Inc.,6175558555,7825 Douglas Av.,Brickhaven,58339,USA,Nelson,Allen,2
10283.0,20.0,94.14,2.0,1882.0,2019-08-20,2759.0,5,3,90.0,S700_2047,"Royal Canadian Collectables, Ltd.",(604) 555-4555,23 Tsawassen Blvd.,Tsawassen,T2F 8M4,Canada,Lincoln,Elizabeth,2
10296.0,34.0,102.29,11.0,3477.0,2019-09-15,2734.0,5,3,90.0,S700_2047,"Bavarian Collectables Imports, Co.",+49 89 61 08 9555,Hansastr. 15,Munich,80686,Germany,Donnermeyer,Michael,1
10307.0,34.0,97.76,5.0,3323.0,2019-10-14,2706.0,5,3,90.0,S700_2047,"Classic Gift Ideas, Inc",2155554695,782 First Street,Philadelphia,71270,USA,Cervantes,Francisca,1
10316.0,45.0,93.24,13.0,4195.0,2019-11-01,2689.0,5,3,90.0,S700_2047,giftsbymail.co.uk,(198) 555-8888,Garden House Crowther Way,Cowes,PO31 7PJ,UK,Bennett,Helen,1
10328.0,41.0,101.38,9.0,4156.0,2019-11-12,2679.0,5,3,90.0,S700_2047,Rovelli Gifts,035-640555,Via Ludovico il Moro 22,Bergamo,24100,Italy,Rovelli,Giovanni,1
10339.0,55.0,71.25,15.0,3918.0,2019-11-23,2669.0,5,3,90.0,S700_2047,"Tokyo Collectables, Ltd",+81 3 3584 0555,2-2-8 Roppongi,Minato-ku,106-0032,Japan,Shimamura,Akiko,1
10352.0,23.0,102.29,3.0,2352.0,2019-12-03,2660.0,5,3,90.0,S700_2047,Auto-Moto Classics Inc.,6175558428,16780 Pompton St.,Brickhaven,58339,USA,Taylor,Leslie,2
10361.0,24.0,45.39,14.0,1089.0,2019-12-17,2647.0,5,3,90.0,S700_2047,Souveniers And Things Co.,+61 2 9495 8555,"Monitor Money Building, 815 Pacific Hwy",Chatswood,2067,Australia,Huxley,Adrian,2
10373.0,32.0,84.41,15.0,2701.0,2020-01-31,2603.0,5,3,90.0,S700_2047,"Oulu Toy Supplies, Inc.",981-443655,Torikatu 38,Oulu,90110,Finland,Koskitalo,Pirkko,2
10386.0,29.0,85.76,13.0,2487.0,2020-03-01,2574.0,4,3,90.0,S700_2047,Euro Shopping Channel,(91) 555 94 44,"C/ Moralzarzal, 86",Madrid,28034,Spain,Freyre,Diego,2
10398.0,36.0,108.62,7.0,3910.0,2020-03-30,2546.0,5,3,90.0,S700_2047,Reims Collectables,26.47.1555,59 rue de l'Abbaye,Reims,51100,France,Henriot,Paul,1
10400.0,46.0,87.8,5.0,4038.0,2020-04-01,2545.0,5,3,90.0,S700_2047,The Sharp Gifts Warehouse,4085553659,3086 Ingle Ln.,San Jose,94217,USA,Frick,Sue,1
10415.0,32.0,95.95,4.0,3070.0,2020-05-09,2508.0,1,3,90.0,S700_2047,"Australian Collectables, Ltd",61-9-3844-6555,7 Allen Street,Glen Waverly,3150,Australia,Connery,Sean,1
10106.0,34.0,110.69,9.0,3763.0,2018-02-17,3321.0,5,2,99.0,S700_2466,Rovelli Gifts,035-640555,Via Ludovico il Moro 22,Bergamo,24100,Italy,Rovelli,Giovanni,1
10120.0,24.0,107.7,15.0,2584.0,2018-04-29,3251.0,5,2,99.0,S700_2466,"Australian Collectors, Co.",03 9520 4555,636 St Kilda Road,Melbourne,3004,Australia,Ferguson,Peter,2
10131.0,40.0,110.69,1.0,4427.0,2018-06-16,3204.0,5,2,99.0,S700_2466,Gift Ideas Corp.,2035554407,2440 Pompton St.,Glendale,97561,USA,Lewis,Dan,1
10143.0,26.0,82.77,4.0,2152.0,2018-08-10,3150.0,5,2,99.0,S700_2466,Mini Creations Ltd.,5085559555,4575 Hillside Dr.,New Bedford,50553,USA,Tam,Wing C,2
10155.0,20.0,117.67,2.0,2353.0,2018-10-06,3094.0,5,2,99.0,S700_2466,"Toys of Finland, Co.",90-224 8555,Keskuskatu 45,Helsinki,21240,Finland,Karttunen,Matti,2
10168.0,31.0,110.69,16.0,3431.0,2018-10-28,3073.0,5,2,99.0,S700_2466,Technics Stores Inc.,6505556809,9408 Furth Circle,Burlingame,94217,USA,Hirano,Juri,1
10178.0,22.0,87.75,1.0,1930.0,2018-11-08,3063.0,5,2,99.0,S700_2466,Alpha Cognac,61.77.6555,1 rue Alsace-Lorraine,Toulouse,31000,France,Roulet,Annette,2
10198.0,42.0,113.68,1.0,4774.0,2018-11-27,3045.0,5,2,99.0,S700_2466,Cruz & Sons Co.,+63 2 555 3587,15 McCallum Street - NatWest Center #13-03,Makati City,1227 MM,Philippines,Cruz,Arnold,1
10210.0,26.0,99.72,14.0,2592.0,2019-01-12,3000.0,5,2,99.0,S700_2466,Osaka Souveniers Co.,+81 06 6342 5555,"Dojima Avanza 4F, 1-6-20 Dojima, Kita-ku",Osaka,530-0003,Japan,Kentary,Mory,2
10222.0,37.0,87.75,1.0,3246.0,2019-02-19,2963.0,5,2,99.0,S700_2466,Collectable Mini Designs Co.,7605558146,361 Furth Circle,San Diego,91217,USA,Thompson,Valarie,1
10235.0,38.0,88.75,10.0,3372.0,2019-04-02,2922.0,5,2,99.0,S700_2466,"Royal Canadian Collectables, Ltd.",(604) 555-4555,23 Tsawassen Blvd.,Tsawassen,T2F 8M4,Canada,Lincoln,Elizabeth,1
10250.0,35.0,111.69,11.0,3909.0,2019-05-11,2884.0,5,2,99.0,S700_2466,The Sharp Gifts Warehouse,4085553659,3086 Ingle Ln.,San Jose,94217,USA,Frick,Sue,1
10262.0,33.0,90.75,6.0,2994.0,2019-06-24,2841.0,0,2,99.0,S700_2466,Euro Shopping Channel,(91) 555 94 44,"C/ Moralzarzal, 86",Madrid,28034,Spain,Freyre,Diego,2
10275.0,39.0,114.68,16.0,4472.0,2019-07-23,2813.0,5,2,99.0,S700_2466,La Rochelle Gifts,40.67.8555,"67, rue des Cinquante Otages",Nantes,44000,France,Labrune,Janine,1
10284.0,45.0,101.71,8.0,4576.0,2019-08-21,2785.0,5,2,99.0,S700_2466,"Norway Gifts By Mail, Co.",+47 2212 1555,"Drammensveien 126 A, PB 744 Sentrum",Oslo,N 0106,Norway,Klaeboe,Jan,1
10296.0,24.0,101.71,4.0,2441.0,2019-09-15,2761.0,5,2,99.0,S700_2466,"Bavarian Collectables Imports, Co.",+49 89 61 08 9555,Hansastr. 15,Munich,80686,Germany,Donnermeyer,Michael,2
10308.0,35.0,88.75,14.0,3106.0,2019-10-15,2732.0,5,2,99.0,S700_2466,Mini Classics,9145554562,3758 North Pendale Street,White Plains,24067,USA,Frick,Steve,1
10316.0,23.0,117.67,6.0,2706.0,2019-11-01,2716.0,5,2,99.0,S700_2466,giftsbymail.co.uk,(198) 555-8888,Garden House Crowther Way,Cowes,PO31 7PJ,UK,Bennett,Helen,2
10328.0,37.0,108.69,10.0,4021.0,2019-11-12,2706.0,5,2,99.0,S700_2466,Rovelli Gifts,035-640555,Via Ludovico il Moro 22,Bergamo,24100,Italy,Rovelli,Giovanni,1
10340.0,55.0,87.75,7.0,4826.0,2019-11-24,2695.0,5,2,99.0,S700_2466,Enaco Distributors,(93) 203 4555,"Rambla de Catalu¤a, 23",Barcelona,8022,Spain,Saavedra,Eduardo,1
10352.0,49.0,100.72,2.0,4935.0,2019-12-03,2687.0,5,2,99.0,S700_2466,Auto-Moto Classics Inc.,6175558428,16780 Pompton St.,Brickhaven,58339,USA,Taylor,Leslie,1
10361.0,26.0,105.95,9.0,2754.0,2019-12-17,2674.0,5,2,99.0,S700_2466,Souveniers And Things Co.,+61 2 9495 8555,"Monitor Money Building, 815 Pacific Hwy",Chatswood,2067,Australia,Huxley,Adrian,2
10375.0,33.0,116.87,1.0,3856.0,2020-02-03,2627.0,5,2,99.0,S700_2466,La Rochelle Gifts,40.67.8555,"67, rue des Cinquante Otages",Nantes,44000,France,Labrune,Janine,1
10386.0,37.0,83.84,14.0,3102.0,2020-03-01,2601.0,4,2,99.0,S700_2466,Euro Shopping Channel,(91) 555 94 44,"C/ Moralzarzal, 86",Madrid,28034,Spain,Freyre,Diego,1
10398.0,22.0,86.76,8.0,1908.0,2020-03-30,2573.0,5,2,99.0,S700_2466,Reims Collectables,26.47.1555,59 rue de l'Abbaye,Reims,51100,France,Henriot,Paul,2
10401.0,67.0,88.75,10.0,7543.0,2020-04-03,2570.0,3,2,99.0,S700_2466,Tekni Collectables Inc.,2015559350,7476 Moss Rd.,Newark,94019,USA,Brown,William,0
10416.0,22.0,111.69,11.0,2457.0,2020-05-10,2534.0,5,2,99.0,S700_2466,L'ordine Souveniers,0522-556555,Strada Provinciale 124,Reggio Emilia,42100,Italy,Moroni,Maurizio,2
10105.0,31.0,65.77,3.0,2038.0,2018-02-11,3354.0,5,3,72.0,S700_2610,Danish Wholesale Imports,31 12 3555,Vinb'ltet 34,Kobenhavn,1734,Denmark,Petersen,Jytte,2
10119.0,38.0,65.77,12.0,2499.0,2018-04-28,3279.0,5,3,72.0,S700_2610,Salzburg Collectables,6562-9555,Geislweg 14,Salzburg,5020,Austria,Pipps,Georg,2
10129.0,45.0,85.29,3.0,3838.0,2018-06-12,3235.0,5,3,72.0,S700_2610,"Stylish Desk Decors, Co.",(171) 555-0297,35 King George,London,WX3 6FW,UK,Brown,Ann,1
10143.0,31.0,85.29,16.0,2643.0,2018-08-10,3177.0,5,3,72.0,S700_2610,Mini Creations Ltd.,5085559555,4575 Hillside Dr.,New Bedford,50553,USA,Tam,Wing C,2
10154.0,36.0,64.33,1.0,2315.0,2018-10-02,3125.0,5,3,72.0,S700_2610,Boards & Toys Co.,3105552373,4097 Douglas Av.,Glendale,92561,USA,Young,Leslie,2
10167.0,46.0,70.11,10.0,3225.0,2018-10-23,3105.0,0,3,72.0,S700_2610,Scandinavian Gift Ideas,0695-34 6555,?kergatan 24,Boras,S-844 67,Sweden,Larsson,Maria,1
10177.0,32.0,76.62,1.0,2451.0,2018-11-07,3091.0,5,3,72.0,S700_2610,CAF Imports,+34 913 728 555,"Merchants House, 27-30 Merchant's Quay",Madrid,28023,Spain,Fernandez,Jesus,2
10185.0,39.0,57.82,1.0,2254.0,2018-11-14,3085.0,5,3,72.0,S700_2610,Mini Creations Ltd.,5085559555,4575 Hillside Dr.,New Bedford,50553,USA,Tam,Wing C,2
10197.0,50.0,78.79,7.0,3939.0,2018-11-26,3074.0,5,3,72.0,S700_2610,Enaco Distributors,(93) 203 4555,"Rambla de Catalu¤a, 23",Barcelona,8022,Spain,Saavedra,Eduardo,1
10208.0,46.0,74.45,1.0,3424.0,2019-01-02,3038.0,5,3,72.0,S700_2610,"Saveley & Henriot, Co.",78.32.5555,"2, rue du Commerce",Lyon,69004,France,Saveley,Mary,1
10222.0,36.0,80.95,13.0,2914.0,2019-02-19,2991.0,5,3,72.0,S700_2610,Collectable Mini Designs Co.,7605558146,361 Furth Circle,San Diego,91217,USA,Thompson,Valarie,2
10233.0,29.0,82.4,1.0,2389.0,2019-03-29,2954.0,5,3,72.0,S700_2610,Tekni Collectables Inc.,2015559350,7476 Moss Rd.,Newark,94019,USA,Brown,William,2
10248.0,32.0,75.89,4.0,2428.0,2019-05-07,2916.0,0,3,72.0,S700_2610,Land of Toys Inc.,2125557818,897 Long Airport Avenue,NYC,10022,USA,Yu,Kwai,2
10261.0,44.0,68.67,2.0,3021.0,2019-06-17,2876.0,5,3,72.0,S700_2610,Quebec Home Shopping Network,(514) 555-8054,43 rue St. Laurent,Montreal,H1J 1C3,Canada,Fresnisre,Jean,1
10273.0,42.0,62.16,5.0,2610.0,2019-07-21,2843.0,5,3,72.0,S700_2610,Petit Auto,(02) 5554 67,Rue Joseph-Bens 532,Bruxelles,B-1180,Belgium,Dewey,Catherine,2
10283.0,47.0,65.77,7.0,3091.0,2019-08-20,2814.0,5,3,72.0,S700_2610,"Royal Canadian Collectables, Ltd.",(604) 555-4555,23 Tsawassen Blvd.,Tsawassen,T2F 8M4,Canada,Lincoln,Elizabeth,1
10295.0,44.0,58.55,2.0,2576.0,2019-09-10,2794.0,5,3,72.0,S700_2610,Gifts4AllAges.com,6175559555,8616 Spinnaker Dr.,Boston,51003,USA,Yoshido,Juri,2
10306.0,43.0,75.17,1.0,3232.0,2019-10-14,2761.0,5,3,72.0,S700_2610,"AV Stores, Co.",(171) 555-1555,Fauntleroy Circus,Manchester,EC2 5NT,UK,Ashworth,Victoria,1
10316.0,48.0,74.45,18.0,3573.0,2019-11-01,2744.0,5,3,72.0,S700_2610,giftsbymail.co.uk,(198) 555-8888,Garden House Crowther Way,Cowes,PO31 7PJ,UK,Bennett,Helen,1
10327.0,21.0,96.31,1.0,2022.0,2019-11-10,2736.0,4,3,72.0,S700_2610,Danish Wholesale Imports,31 12 3555,Vinb'ltet 34,Kobenhavn,1734,Denmark,Petersen,Jytte,2
10339.0,50.0,74.35,9.0,3717.0,2019-11-23,2724.0,5,3,72.0,S700_2610,"Tokyo Collectables, Ltd",+81 3 3584 0555,2-2-8 Roppongi,Minato-ku,106-0032,Japan,Shimamura,Akiko,1
10350.0,29.0,75.35,12.0,2185.0,2019-12-02,2716.0,5,3,72.0,S700_2610,Euro Shopping Channel,(91) 555 94 44,"C/ Moralzarzal, 86",Madrid,28034,Spain,Freyre,Diego,2
10373.0,41.0,70.33,16.0,2883.0,2020-01-31,2657.0,5,3,72.0,S700_2610,"Oulu Toy Supplies, Inc.",981-443655,Torikatu 38,Oulu,90110,Finland,Koskitalo,Pirkko,2
10386.0,37.0,135.61,10.0,5017.0,2020-03-01,2628.0,4,3,72.0,S700_2610,Euro Shopping Channel,(91) 555 94 44,"C/ Moralzarzal, 86",Madrid,28034,Spain,Freyre,Diego,1
10397.0,22.0,66.5,4.0,1463.0,2020-03-28,2602.0,5,3,72.0,S700_2610,Alpha Cognac,61.77.6555,1 rue Alsace-Lorraine,Toulouse,31000,France,Roulet,Annette,2
10414.0,31.0,75.89,4.0,2352.0,2020-05-06,2564.0,3,3,72.0,S700_2610,Gifts4AllAges.com,6175559555,8616 Spinnaker Dr.,Boston,51003,USA,Yoshido,Juri,2
10103.0,42.0,106.21,6.0,4460.0,2018-01-29,3393.0,5,0,101.0,S700_2824,Baane Mini Imports,07-98 9555,Erling Skakkes gate 78,Stavern,4110,Norway,Bergulfsen,Jonas,1
10114.0,42.0,113.29,10.0,4758.0,2018-04-01,3332.0,5,0,101.0,S700_2824,"La Corne D'abondance, Co.",(1) 42.34.2555,"265, boulevard Charonne",Paris,75012,France,Bertrand,Marie,1
10126.0,45.0,102.16,6.0,4597.0,2018-05-28,3276.0,5,0,101.0,S700_2824,"Corrida Auto Replicas, Ltd",(91) 555 22 82,"C/ Araquil, 67",Madrid,28023,Spain,Sommer,Mart¡n,1
10140.0,36.0,114.3,6.0,4114.0,2018-07-24,3220.0,5,0,101.0,S700_2824,Technics Stores Inc.,6505556809,9408 Furth Circle,Burlingame,94217,USA,Hirano,Juri,1
10150.0,20.0,105.2,3.0,2104.0,2018-09-19,3164.0,5,0,101.0,S700_2824,"Dragon Souveniers, Ltd.",+65 221 7555,"Bronz Sok., Bronz Apt. 3/6 Tesvikiye",Singapore,79903,Singapore,Natividad,Eric,2
10164.0,39.0,81.93,4.0,3195.0,2018-10-21,3133.0,4,0,101.0,S700_2824,Mini Auto Werke,7675-3555,Kirchgasse 6,Graz,8010,Austria,Mendel,Roland,1
10175.0,42.0,85.98,11.0,3611.0,2018-11-06,3118.0,5,0,101.0,S700_2824,"Stylish Desk Decors, Co.",(171) 555-0297,35 King George,London,WX3 6FW,UK,Brown,Ann,1
10183.0,23.0,86.99,3.0,2000.0,2018-11-13,3112.0,5,0,101.0,S700_2824,"Classic Gift Ideas, Inc",2155554695,782 First Street,Philadelphia,71270,USA,Cervantes,Francisca,2
10194.0,26.0,89.01,6.0,2314.0,2018-11-25,3101.0,5,0,101.0,S700_2824,"Saveley & Henriot, Co.",78.32.5555,"2, rue du Commerce",Lyon,69004,France,Saveley,Mary,2
10206.0,33.0,117.33,1.0,3871.0,2018-12-05,3092.0,5,0,101.0,S700_2824,Canadian Gift Exchange Network,(604) 555-3392,1900 Oak St.,Vancouver,V3F 2K1,Canada,Tannamuri,Yoshi,1
10217.0,31.0,88.0,6.0,2728.0,2019-02-04,3032.0,5,0,101.0,S700_2824,Handji Gifts& Co,+65 224 1555,Village Close - 106 Linden Road Sandown,Singapore,69045,Singapore,Victorino,Wendy,2
10229.0,50.0,112.28,11.0,5614.0,2019-03-11,2998.0,5,0,101.0,S700_2824,Mini Gifts Distributors Ltd.,4155551450,5677 Strong St.,San Rafael,97562,USA,Nelson,Valarie,1
10245.0,44.0,105.2,4.0,4628.0,2019-05-04,2945.0,5,0,101.0,S700_2824,Super Scale Inc.,2035559545,567 North Pendale Street,New Haven,97823,USA,Murphy,Leslie,1
10258.0,45.0,80.92,1.0,3641.0,2019-06-15,2904.0,5,0,101.0,S700_2824,"Tokyo Collectables, Ltd",+81 3 3584 0555,2-2-8 Roppongi,Minato-ku,106-0032,Japan,Shimamura,Akiko,1
10270.0,46.0,88.0,4.0,4048.0,2019-07-19,2871.0,5,0,101.0,S700_2824,Souveniers And Things Co.,+61 2 9495 8555,"Monitor Money Building, 815 Pacific Hwy",Chatswood,2067,Australia,Huxley,Adrian,1
10281.0,27.0,85.98,11.0,2321.0,2019-08-19,2841.0,5,0,101.0,S700_2824,Diecast Classics Inc.,2155551555,7586 Pompton St.,Allentown,70267,USA,Yu,Kyung,2
10291.0,28.0,116.32,6.0,3256.0,2019-09-08,2822.0,5,0,101.0,S700_2824,Scandinavian Gift Ideas,0695-34 6555,?kergatan 24,Boras,S-844 67,Sweden,Larsson,Maria,1
10304.0,40.0,105.2,1.0,4208.0,2019-10-11,2790.0,5,0,101.0,S700_2824,Auto Assoc. & Cie.,30.59.8555,"67, avenue de l'Europe",Versailles,78000,France,Tonini,Daniel,1
10313.0,30.0,99.13,9.0,2973.0,2019-10-22,2780.0,5,0,101.0,S700_2824,Canadian Gift Exchange Network,(604) 555-3392,1900 Oak St.,Vancouver,V3F 2K1,Canada,Tannamuri,Yoshi,2
10324.0,34.0,124.95,5.0,4248.0,2019-11-05,2767.0,5,0,101.0,S700_2824,Vitachrome Inc.,2125551500,2678 Kingston Rd.,NYC,10022,USA,Frick,Michael,1
10336.0,46.0,207.8,2.0,7951.5,2019-11-20,2753.0,5,0,101.0,S700_2824,"La Corne D'abondance, Co.",(1) 42.34.2555,"265, boulevard Charonne",Paris,75012,France,Bertrand,Marie,0
10348.0,32.0,82.83,7.0,2650.0,2019-11-01,2773.0,5,0,101.0,S700_2824,"Corrida Auto Replicas, Ltd",(91) 555 22 82,"C/ Araquil, 67",Madrid,28023,Spain,Sommer,Mart¡n,2
10358.0,27.0,139.31,3.0,3761.0,2019-12-10,2735.0,5,0,101.0,S700_2824,Euro Shopping Channel,(91) 555 94 44,"C/ Moralzarzal, 86",Madrid,28034,Spain,Freyre,Diego,1
10371.0,34.0,126.51,3.0,4301.0,2020-01-23,2692.0,5,0,101.0,S700_2824,Mini Gifts Distributors Ltd.,4155551450,5677 Strong St.,San Rafael,97562,USA,Nelson,Valarie,1
10382.0,34.0,54.84,9.0,1864.0,2020-02-17,2668.0,5,0,101.0,S700_2824,Mini Gifts Distributors Ltd.,4155551450,5677 Strong St.,San Rafael,97562,USA,Nelson,Valarie,2
10411.0,34.0,105.2,4.0,3576.0,2020-05-01,2595.0,5,0,101.0,S700_2824,Quebec Home Shopping Network,(514) 555-8054,43 rue St. Laurent,Montreal,H1J 1C3,Canada,Fresnisre,Jean,1
10424.0,46.0,80.92,1.0,3722.0,2020-05-31,2566.0,2,0,101.0,S700_2824,Euro Shopping Channel,(91) 555 94 44,"C/ Moralzarzal, 86",Madrid,28034,Spain,Freyre,Diego,1
10106.0,32.0,124.58,1.0,3986.0,2018-02-17,3401.0,5,2,118.0,S700_2834,Rovelli Gifts,035-640555,Via Ludovico il Moro 22,Bergamo,24100,Italy,Rovelli,Giovanni,1
10120.0,24.0,142.38,7.0,3417.0,2018-04-29,3331.0,5,2,118.0,S700_2834,"Australian Collectors, Co.",03 9520 4555,636 St Kilda Road,Melbourne,3004,Australia,Ferguson,Peter,1
10133.0,27.0,99.67,2.0,2691.0,2018-06-27,3273.0,5,2,118.0,S700_2834,Euro Shopping Channel,(91) 555 94 44,"C/ Moralzarzal, 86",Madrid,28034,Spain,Freyre,Diego,2
10145.0,20.0,137.63,13.0,2752.0,2018-08-25,3215.0,5,2,118.0,S700_2834,Toys4GrownUps.com,6265557265,78934 Hillside Dr.,Pasadena,90003,USA,Young,Julie,2
10168.0,36.0,125.77,8.0,4527.0,2018-10-28,3152.0,5,2,118.0,S700_2834,Technics Stores Inc.,6505556809,9408 Furth Circle,Burlingame,94217,USA,Hirano,Juri,1
10188.0,29.0,136.45,8.0,3957.0,2018-11-18,3132.0,5,2,118.0,S700_2834,Herkku Gifts,+47 2267 3215,"Drammen 121, PR 744 Sentrum",Bergen,N 5804,Norway,Oeztan,Veysel,1
10210.0,25.0,112.72,6.0,2818.0,2019-01-12,3078.0,5,2,118.0,S700_2834,Osaka Souveniers Co.,+81 06 6342 5555,"Dojima Avanza 4F, 1-6-20 Dojima, Kita-ku",Osaka,530-0003,Japan,Kentary,Mory,2
10223.0,29.0,110.34,8.0,3199.0,2019-02-20,3040.0,5,2,118.0,S700_2834,"Australian Collectors, Co.",03 9520 4555,636 St Kilda Road,Melbourne,3004,Australia,Ferguson,Peter,1
10235.0,25.0,96.11,2.0,2402.0,2019-04-02,3000.0,5,2,118.0,S700_2834,"Royal Canadian Collectables, Ltd.",(604) 555-4555,23 Tsawassen Blvd.,Tsawassen,T2F 8M4,Canada,Lincoln,Elizabeth,2
10250.0,44.0,137.63,3.0,6055.0,2019-05-11,2962.0,5,2,118.0,S700_2834,The Sharp Gifts Warehouse,4085553659,3086 Ingle Ln.,San Jose,94217,USA,Frick,Sue,1
10263.0,47.0,116.28,9.0,5465.0,2019-06-28,2915.0,5,2,118.0,S700_2834,Gift Depot Inc.,2035552570,25593 South Bay Ln.,Bridgewater,97562,USA,King,Julie,1
10275.0,48.0,132.89,8.0,6378.0,2019-07-23,2891.0,5,2,118.0,S700_2834,La Rochelle Gifts,40.67.8555,"67, rue des Cinquante Otages",Nantes,44000,France,Labrune,Janine,1
10285.0,45.0,119.84,13.0,5392.0,2019-08-27,2857.0,5,2,118.0,S700_2834,Marta's Replicas Co.,6175558555,39323 Spinnaker Dr.,Cambridge,51247,USA,Hernandez,Marta,1
10297.0,35.0,113.9,3.0,3986.0,2019-09-16,2838.0,5,2,118.0,S700_2834,"Clover Collections, Co.",+353 1862 1555,25 Maiden Lane,Dublin,2,Ireland,Cassidy,Dean,1
10308.0,31.0,129.33,6.0,4009.0,2019-10-15,2810.0,5,2,118.0,S700_2834,Mini Classics,9145554562,3758 North Pendale Street,White Plains,24067,USA,Frick,Steve,1
10318.0,50.0,142.38,8.0,7119.0,2019-11-02,2793.0,5,2,118.0,S700_2834,Diecast Classics Inc.,2155551555,7586 Pompton St.,Allentown,70267,USA,Yu,Kyung,0
10328.0,33.0,123.4,11.0,4072.0,2019-11-12,2784.0,5,2,118.0,S700_2834,Rovelli Gifts,035-640555,Via Ludovico il Moro 22,Bergamo,24100,Italy,Rovelli,Giovanni,1
10340.0,29.0,141.19,6.0,4094.0,2019-11-24,2773.0,5,2,118.0,S700_2834,Enaco Distributors,(93) 203 4555,"Rambla de Catalu¤a, 23",Barcelona,8022,Spain,Saavedra,Eduardo,1
10353.0,48.0,68.8,4.0,3302.0,2019-12-04,2764.0,5,2,118.0,S700_2834,Gift Ideas Corp.,2035554407,2440 Pompton St.,Glendale,97561,USA,Lewis,Dan,1
10361.0,44.0,72.42,5.0,3186.0,2019-12-17,2752.0,5,2,118.0,S700_2834,Souveniers And Things Co.,+61 2 9495 8555,"Monitor Money Building, 815 Pacific Hwy",Chatswood,2067,Australia,Huxley,Adrian,1
10375.0,25.0,66.73,10.0,1668.0,2020-02-03,2705.0,5,2,118.0,S700_2834,La Rochelle Gifts,40.67.8555,"67, rue des Cinquante Otages",Nantes,44000,France,Labrune,Janine,2
10388.0,50.0,143.09,3.0,7154.0,2020-03-03,2677.0,5,2,118.0,S700_2834,FunGiftIdeas.com,5085552555,1785 First Street,New Bedford,50553,USA,Benitez,Violeta,0
10398.0,23.0,122.21,9.0,2810.0,2020-03-30,2651.0,5,2,118.0,S700_2834,Reims Collectables,26.47.1555,59 rue de l'Abbaye,Reims,51100,France,Henriot,Paul,2
10401.0,21.0,96.11,2.0,2018.0,2020-04-03,2648.0,3,2,118.0,S700_2834,Tekni Collectables Inc.,2015559350,7476 Moss Rd.,Newark,94019,USA,Brown,William,2
10416.0,41.0,137.63,3.0,5642.0,2020-05-10,2612.0,5,2,118.0,S700_2834,L'ordine Souveniers,0522-556555,Strada Provinciale 124,Reggio Emilia,42100,Italy,Moroni,Maurizio,1
10106.0,44.0,74.4,8.0,3273.0,2018-02-17,3426.0,5,2,80.0,S700_3167,Rovelli Gifts,035-640555,Via Ludovico il Moro 22,Bergamo,24100,Italy,Rovelli,Giovanni,1
10120.0,43.0,76.0,14.0,3268.0,2018-04-29,3356.0,5,2,80.0,S700_3167,"Australian Collectors, Co.",03 9520 4555,636 St Kilda Road,Melbourne,3004,Australia,Ferguson,Peter,1
10143.0,28.0,96.0,3.0,2688.0,2018-08-10,3254.0,5,2,80.0,S700_3167,Mini Creations Ltd.,5085559555,4575 Hillside Dr.,New Bedford,50553,USA,Tam,Wing C,2
10155.0,43.0,86.4,1.0,3715.0,2018-10-06,3198.0,5,2,80.0,S700_3167,"Toys of Finland, Co.",90-224 8555,Keskuskatu 45,Helsinki,21240,Finland,Karttunen,Matti,1
10168.0,48.0,96.0,15.0,4608.0,2018-10-28,3177.0,5,2,80.0,S700_3167,Technics Stores Inc.,6505556809,9408 Furth Circle,Burlingame,94217,USA,Hirano,Juri,1
10199.0,38.0,82.4,3.0,3131.0,2018-12-01,3144.0,5,2,80.0,S700_3167,West Coast Collectables Co.,3105553722,3675 Furth Circle,Burbank,94019,USA,Thompson,Steve,1
10210.0,31.0,86.4,13.0,2678.0,2019-01-12,3103.0,5,2,80.0,S700_3167,Osaka Souveniers Co.,+81 06 6342 5555,"Dojima Avanza 4F, 1-6-20 Dojima, Kita-ku",Osaka,530-0003,Japan,Kentary,Mory,2
10223.0,26.0,67.2,15.0,1747.0,2019-02-20,3065.0,5,2,80.0,S700_3167,"Australian Collectors, Co.",03 9520 4555,636 St Kilda Road,Melbourne,3004,Australia,Ferguson,Peter,2
10235.0,32.0,92.0,9.0,2944.0,2019-04-02,3025.0,5,2,80.0,S700_3167,"Royal Canadian Collectables, Ltd.",(604) 555-4555,23 Tsawassen Blvd.,Tsawassen,T2F 8M4,Canada,Lincoln,Elizabeth,2
10250.0,44.0,67.2,10.0,2956.0,2019-05-11,2987.0,5,2,80.0,S700_3167,The Sharp Gifts Warehouse,4085553659,3086 Ingle Ln.,San Jose,94217,USA,Frick,Sue,2
10262.0,27.0,76.0,5.0,2052.0,2019-06-24,2944.0,0,2,80.0,S700_3167,Euro Shopping Channel,(91) 555 94 44,"C/ Moralzarzal, 86",Madrid,28034,Spain,Freyre,Diego,2
10275.0,43.0,73.6,15.0,3164.0,2019-07-23,2916.0,5,2,80.0,S700_3167,La Rochelle Gifts,40.67.8555,"67, rue des Cinquante Otages",Nantes,44000,France,Labrune,Janine,1
10284.0,25.0,69.6,7.0,1740.0,2019-08-21,2888.0,5,2,80.0,S700_3167,"Norway Gifts By Mail, Co.",+47 2212 1555,"Drammensveien 126 A, PB 744 Sentrum",Oslo,N 0106,Norway,Klaeboe,Jan,2
10296.0,22.0,80.8,3.0,1777.0,2019-09-15,2864.0,5,2,80.0,S700_3167,"Bavarian Collectables Imports, Co.",+49 89 61 08 9555,Hansastr. 15,Munich,80686,Germany,Donnermeyer,Michael,2
10308.0,21.0,87.2,13.0,1831.0,2019-10-15,2835.0,5,2,80.0,S700_3167,Mini Classics,9145554562,3758 North Pendale Street,White Plains,24067,USA,Frick,Steve,2
10316.0,48.0,75.2,5.0,3609.0,2019-11-01,2819.0,5,2,80.0,S700_3167,giftsbymail.co.uk,(198) 555-8888,Garden House Crowther Way,Cowes,PO31 7PJ,UK,Bennett,Helen,1
10328.0,33.0,64.0,13.0,2112.0,2019-11-12,2809.0,5,2,80.0,S700_3167,Rovelli Gifts,035-640555,Via Ludovico il Moro 22,Bergamo,24100,Italy,Rovelli,Giovanni,2
10341.0,34.0,107.18,5.0,3644.0,2019-11-24,2798.0,5,2,80.0,S700_3167,Salzburg Collectables,6562-9555,Geislweg 14,Salzburg,5020,Austria,Pipps,Georg,1
10353.0,43.0,81.95,6.0,3523.0,2019-12-04,2789.0,5,2,80.0,S700_3167,Gift Ideas Corp.,2035554407,2440 Pompton St.,Glendale,97561,USA,Lewis,Dan,1
10361.0,44.0,113.68,10.0,5001.0,2019-12-17,2777.0,5,2,80.0,S700_3167,Souveniers And Things Co.,+61 2 9495 8555,"Monitor Money Building, 815 Pacific Hwy",Chatswood,2067,Australia,Huxley,Adrian,1
10375.0,44.0,118.38,11.0,5208.0,2020-02-03,2730.0,5,2,80.0,S700_3167,La Rochelle Gifts,40.67.8555,"67, rue des Cinquante Otages",Nantes,44000,France,Labrune,Janine,1
10386.0,32.0,94.34,17.0,3018.0,2020-03-01,2704.0,4,2,80.0,S700_3167,Euro Shopping Channel,(91) 555 94 44,"C/ Moralzarzal, 86",Madrid,28034,Spain,Freyre,Diego,1
10398.0,29.0,65.6,10.0,1902.0,2020-03-30,2676.0,5,2,80.0,S700_3167,Reims Collectables,26.47.1555,59 rue de l'Abbaye,Reims,51100,France,Henriot,Paul,2
10401.0,67.0,92.0,9.0,7084.0,2020-04-03,2673.0,3,2,80.0,S700_3167,Tekni Collectables Inc.,2015559350,7476 Moss Rd.,Newark,94019,USA,Brown,William,0
10416.0,39.0,67.2,10.0,2620.0,2020-05-10,2637.0,5,2,80.0,S700_3167,L'ordine Souveniers,0522-556555,Strada Provinciale 124,Reggio Emilia,42100,Italy,Moroni,Maurizio,2
10105.0,39.0,81.14,6.0,3164.0,2018-02-11,3457.0,5,3,100.0,S700_3505,Danish Wholesale Imports,31 12 3555,Vinb'ltet 34,Kobenhavn,1734,Denmark,Petersen,Jytte,1
10118.0,36.0,117.2,1.0,4219.0,2018-04-21,3389.0,5,3,100.0,S700_3505,Enaco Distributors,(93) 203 4555,"Rambla de Catalu¤a, 23",Barcelona,8022,Spain,Saavedra,Eduardo,1
10129.0,42.0,91.15,6.0,3828.0,2018-06-12,3338.0,5,3,100.0,S700_3505,"Stylish Desk Decors, Co.",(171) 555-0297,35 King George,London,WX3 6FW,UK,Brown,Ann,1
10142.0,21.0,111.19,3.0,2334.0,2018-08-08,3282.0,5,3,100.0,S700_3505,Mini Gifts Distributors Ltd.,4155551450,5677 Strong St.,San Rafael,97562,USA,Nelson,Valarie,2
10153.0,50.0,88.15,2.0,4407.0,2018-09-28,3232.0,5,3,100.0,S700_3505,Euro Shopping Channel,(91) 555 94 44,"C/ Moralzarzal, 86",Madrid,28034,Spain,Freyre,Diego,1
10167.0,24.0,117.2,13.0,2812.0,2018-10-23,3208.0,0,3,100.0,S700_3505,Scandinavian Gift Ideas,0695-34 6555,?kergatan 24,Boras,S-844 67,Sweden,Larsson,Maria,2
10177.0,44.0,92.16,4.0,4055.0,2018-11-07,3194.0,5,3,100.0,S700_3505,CAF Imports,+34 913 728 555,"Merchants House, 27-30 Merchant's Quay",Madrid,28023,Spain,Fernandez,Jesus,1
10185.0,37.0,105.18,4.0,3891.0,2018-11-14,3188.0,5,3,100.0,S700_3505,Mini Creations Ltd.,5085559555,4575 Hillside Dr.,New Bedford,50553,USA,Tam,Wing C,1
10197.0,27.0,92.16,10.0,2488.0,2018-11-26,3177.0,5,3,100.0,S700_3505,Enaco Distributors,(93) 203 4555,"Rambla de Catalu¤a, 23",Barcelona,8022,Spain,Saavedra,Eduardo,2
10208.0,37.0,120.2,4.0,4447.0,2019-01-02,3141.0,5,3,100.0,S700_3505,"Saveley & Henriot, Co.",78.32.5555,"2, rue du Commerce",Lyon,69004,France,Saveley,Mary,1
10222.0,38.0,110.19,16.0,4187.0,2019-02-19,3094.0,5,3,100.0,S700_3505,Collectable Mini Designs Co.,7605558146,361 Furth Circle,San Diego,91217,USA,Thompson,Valarie,1
10232.0,48.0,96.16,1.0,4615.0,2019-03-20,3066.0,5,3,100.0,S700_3505,giftsbymail.co.uk,(198) 555-8888,Garden House Crowther Way,Cowes,PO31 7PJ,UK,Bennett,Helen,1
10248.0,30.0,108.18,7.0,3245.0,2019-05-07,3019.0,0,3,100.0,S700_3505,Land of Toys Inc.,2125557818,897 Long Airport Avenue,NYC,10022,USA,Yu,Kwai,1
10261.0,25.0,88.15,5.0,2203.0,2019-06-17,2979.0,5,3,100.0,S700_3505,Quebec Home Shopping Network,(514) 555-8054,43 rue St. Laurent,Montreal,H1J 1C3,Canada,Fresnisre,Jean,2
10273.0,40.0,86.15,8.0,3446.0,2019-07-21,2946.0,5,3,100.0,S700_3505,Petit Auto,(02) 5554 67,Rue Joseph-Bens 532,Bruxelles,B-1180,Belgium,Dewey,Catherine,1
10283.0,22.0,88.15,10.0,1939.0,2019-08-20,2917.0,5,3,100.0,S700_3505,"Royal Canadian Collectables, Ltd.",(604) 555-4555,23 Tsawassen Blvd.,Tsawassen,T2F 8M4,Canada,Lincoln,Elizabeth,2
10295.0,34.0,102.17,5.0,3473.0,2019-09-10,2897.0,5,3,100.0,S700_3505,Gifts4AllAges.com,6175559555,8616 Spinnaker Dr.,Boston,51003,USA,Yoshido,Juri,1
10306.0,32.0,90.15,4.0,2884.0,2019-10-14,2864.0,5,3,100.0,S700_3505,"AV Stores, Co.",(171) 555-1555,Fauntleroy Circus,Manchester,EC2 5NT,UK,Ashworth,Victoria,2
10315.0,31.0,86.15,3.0,2670.0,2019-10-29,2850.0,5,3,100.0,S700_3505,La Rochelle Gifts,40.67.8555,"67, rue des Cinquante Otages",Nantes,44000,France,Labrune,Janine,2
10327.0,43.0,80.0,2.0,3440.0,2019-11-10,2839.0,4,3,100.0,S700_3505,Danish Wholesale Imports,31 12 3555,Vinb'ltet 34,Kobenhavn,1734,Denmark,Petersen,Jytte,1
10337.0,31.0,89.38,1.0,2770.0,2019-11-21,2829.0,5,3,100.0,S700_3505,Classic Legends Inc.,2125558493,5905 Pompton St.,NYC,10022,USA,Hernandez,Maria,2
10350.0,31.0,77.34,13.0,2397.0,2019-12-02,2819.0,5,3,100.0,S700_3505,Euro Shopping Channel,(91) 555 94 44,"C/ Moralzarzal, 86",Madrid,28034,Spain,Freyre,Diego,2
10373.0,34.0,96.34,2.0,3275.0,2020-01-31,2760.0,5,3,100.0,S700_3505,"Oulu Toy Supplies, Inc.",981-443655,Torikatu 38,Oulu,90110,Finland,Koskitalo,Pirkko,1
10386.0,45.0,92.08,2.0,4143.0,2020-03-01,2731.0,4,3,100.0,S700_3505,Euro Shopping Channel,(91) 555 94 44,"C/ Moralzarzal, 86",Madrid,28034,Spain,Freyre,Diego,1
10397.0,48.0,108.18,3.0,5192.0,2020-03-28,2705.0,5,3,100.0,S700_3505,Alpha Cognac,61.77.6555,1 rue Alsace-Lorraine,Toulouse,31000,France,Roulet,Annette,1
10414.0,28.0,108.18,7.0,3029.0,2020-05-06,2667.0,3,3,100.0,S700_3505,Gifts4AllAges.com,6175559555,8616 Spinnaker Dr.,Boston,51003,USA,Yoshido,Juri,1
10105.0,22.0,116.19,7.0,2556.0,2018-02-11,3483.0,5,3,99.0,S700_3962,Danish Wholesale Imports,31 12 3555,Vinb'ltet 34,Kobenhavn,1734,Denmark,Petersen,Jytte,2
10117.0,45.0,83.42,1.0,3753.0,2018-04-16,3420.0,5,3,99.0,S700_3962,"Dragon Souveniers, Ltd.",+65 221 7555,"Bronz Sok., Bronz Apt. 3/6 Tesvikiye",Singapore,79903,Singapore,Natividad,Eric,1
10129.0,30.0,85.41,7.0,2562.0,2018-06-12,3364.0,5,3,99.0,S700_3962,"Stylish Desk Decors, Co.",(171) 555-0297,35 King George,London,WX3 6FW,UK,Brown,Ann,2
10142.0,38.0,85.41,4.0,3245.0,2018-08-08,3308.0,5,3,99.0,S700_3962,Mini Gifts Distributors Ltd.,4155551450,5677 Strong St.,San Rafael,97562,USA,Nelson,Valarie,1
10153.0,20.0,110.23,3.0,2204.0,2018-09-28,3258.0,5,3,99.0,S700_3962,Euro Shopping Channel,(91) 555 94 44,"C/ Moralzarzal, 86",Madrid,28034,Spain,Freyre,Diego,2
10167.0,28.0,107.25,14.0,3003.0,2018-10-23,3234.0,0,3,99.0,S700_3962,Scandinavian Gift Ideas,0695-34 6555,?kergatan 24,Boras,S-844 67,Sweden,Larsson,Maria,1
10177.0,24.0,105.27,5.0,2526.0,2018-11-07,3220.0,5,3,99.0,S700_3962,CAF Imports,+34 913 728 555,"Merchants House, 27-30 Merchant's Quay",Madrid,28023,Spain,Fernandez,Jesus,2
10185.0,22.0,79.45,5.0,1747.0,2018-11-14,3214.0,5,3,99.0,S700_3962,Mini Creations Ltd.,5085559555,4575 Hillside Dr.,New Bedford,50553,USA,Tam,Wing C,2
10197.0,35.0,93.35,11.0,3267.0,2018-11-26,3203.0,5,3,99.0,S700_3962,Enaco Distributors,(93) 203 4555,"Rambla de Catalu¤a, 23",Barcelona,8022,Spain,Saavedra,Eduardo,1
10208.0,33.0,85.41,5.0,2818.0,2019-01-02,3167.0,5,3,99.0,S700_3962,"Saveley & Henriot, Co.",78.32.5555,"2, rue du Commerce",Lyon,69004,France,Saveley,Mary,2
10222.0,31.0,95.34,17.0,2955.0,2019-02-19,3120.0,5,3,99.0,S700_3962,Collectable Mini Designs Co.,7605558146,361 Furth Circle,San Diego,91217,USA,Thompson,Valarie,2
10232.0,35.0,82.43,2.0,2885.0,2019-03-20,3092.0,5,3,99.0,S700_3962,giftsbymail.co.uk,(198) 555-8888,Garden House Crowther Way,Cowes,PO31 7PJ,UK,Bennett,Helen,2
10248.0,35.0,90.37,8.0,3162.0,2019-05-07,3045.0,0,3,99.0,S700_3962,Land of Toys Inc.,2125557818,897 Long Airport Avenue,NYC,10022,USA,Yu,Kwai,1
10261.0,50.0,81.43,6.0,4071.0,2019-06-17,3005.0,5,3,99.0,S700_3962,Quebec Home Shopping Network,(514) 555-8054,43 rue St. Laurent,Montreal,H1J 1C3,Canada,Fresnisre,Jean,1
10273.0,26.0,114.21,9.0,2969.0,2019-07-21,2972.0,5,3,99.0,S700_3962,Petit Auto,(02) 5554 67,Rue Joseph-Bens 532,Bruxelles,B-1180,Belgium,Dewey,Catherine,2
10283.0,38.0,89.38,11.0,3396.0,2019-08-20,2943.0,5,3,99.0,S700_3962,"Royal Canadian Collectables, Ltd.",(604) 555-4555,23 Tsawassen Blvd.,Tsawassen,T2F 8M4,Canada,Lincoln,Elizabeth,1
10294.0,45.0,104.28,1.0,4692.0,2019-09-10,2923.0,5,3,99.0,S700_3962,Online Mini Collectables,6175557555,7635 Spinnaker Dr.,Brickhaven,58339,USA,Barajas,Miguel,1
10306.0,30.0,117.19,5.0,3515.0,2019-10-14,2890.0,5,3,99.0,S700_3962,"AV Stores, Co.",(171) 555-1555,Fauntleroy Circus,Manchester,EC2 5NT,UK,Ashworth,Victoria,1
10315.0,37.0,91.37,4.0,3380.0,2019-10-29,2876.0,5,3,99.0,S700_3962,La Rochelle Gifts,40.67.8555,"67, rue des Cinquante Otages",Nantes,44000,France,Labrune,Janine,1
10327.0,37.0,86.61,3.0,3204.0,2019-11-10,2865.0,4,3,99.0,S700_3962,Danish Wholesale Imports,31 12 3555,Vinb'ltet 34,Kobenhavn,1734,Denmark,Petersen,Jytte,1
10337.0,36.0,71.89,7.0,2588.0,2019-11-21,2855.0,5,3,99.0,S700_3962,Classic Legends Inc.,2125558493,5905 Pompton St.,NYC,10022,USA,Hernandez,Maria,2
10350.0,25.0,114.19,16.0,2854.0,2019-12-02,2845.0,5,3,99.0,S700_3962,Euro Shopping Channel,(91) 555 94 44,"C/ Moralzarzal, 86",Madrid,28034,Spain,Freyre,Diego,2
10373.0,37.0,108.8,8.0,4025.0,2020-01-31,2786.0,5,3,99.0,S700_3962,"Oulu Toy Supplies, Inc.",981-443655,Torikatu 38,Oulu,90110,Finland,Koskitalo,Pirkko,1
10386.0,30.0,95.48,3.0,2864.0,2020-03-01,2757.0,4,3,99.0,S700_3962,Euro Shopping Channel,(91) 555 94 44,"C/ Moralzarzal, 86",Madrid,28034,Spain,Freyre,Diego,2
10397.0,36.0,105.27,2.0,3789.0,2020-03-28,2731.0,5,3,99.0,S700_3962,Alpha Cognac,61.77.6555,1 rue Alsace-Lorraine,Toulouse,31000,France,Roulet,Annette,1
10414.0,27.0,90.37,8.0,2439.0,2020-05-06,2693.0,3,3,99.0,S700_3962,Gifts4AllAges.com,6175559555,8616 Spinnaker Dr.,Boston,51003,USA,Yoshido,Juri,2
10106.0,48.0,61.44,10.0,2949.0,2018-02-17,3503.0,5,2,74.0,S700_4002,Rovelli Gifts,035-640555,Via Ludovico il Moro 22,Bergamo,24100,Italy,Rovelli,Giovanni,2
10119.0,26.0,59.22,1.0,1539.0,2018-04-28,3434.0,5,2,74.0,S700_4002,Salzburg Collectables,6562-9555,Geislweg 14,Salzburg,5020,Austria,Pipps,Georg,2
10131.0,26.0,85.13,2.0,2213.0,2018-06-16,3386.0,5,2,74.0,S700_4002,Gift Ideas Corp.,2035554407,2440 Pompton St.,Glendale,97561,USA,Lewis,Dan,2
10143.0,34.0,85.87,5.0,2919.0,2018-08-10,3332.0,5,2,74.0,S700_4002,Mini Creations Ltd.,5085559555,4575 Hillside Dr.,New Bedford,50553,USA,Tam,Wing C,2
10155.0,44.0,85.87,3.0,3778.0,2018-10-06,3276.0,5,2,74.0,S700_4002,"Toys of Finland, Co.",90-224 8555,Keskuskatu 45,Helsinki,21240,Finland,Karttunen,Matti,1
10168.0,39.0,82.91,17.0,3233.0,2018-10-28,3255.0,5,2,74.0,S700_4002,Technics Stores Inc.,6505556809,9408 Furth Circle,Burlingame,94217,USA,Hirano,Juri,1
10178.0,45.0,76.25,2.0,3431.0,2018-11-08,3245.0,5,2,74.0,S700_4002,Alpha Cognac,61.77.6555,1 rue Alsace-Lorraine,Toulouse,31000,France,Roulet,Annette,1
10198.0,40.0,63.67,2.0,2546.0,2018-11-27,3227.0,5,2,74.0,S700_4002,Cruz & Sons Co.,+63 2 555 3587,15 McCallum Street - NatWest Center #13-03,Makati City,1227 MM,Philippines,Cruz,Arnold,2
10210.0,42.0,70.33,15.0,2953.0,2019-01-12,3182.0,5,2,74.0,S700_4002,Osaka Souveniers Co.,+81 06 6342 5555,"Dojima Avanza 4F, 1-6-20 Dojima, Kita-ku",Osaka,530-0003,Japan,Kentary,Mory,2
10222.0,43.0,74.03,2.0,3183.0,2019-02-19,3145.0,5,2,74.0,S700_4002,Collectable Mini Designs Co.,7605558146,361 Furth Circle,San Diego,91217,USA,Thompson,Valarie,1
10235.0,34.0,72.55,11.0,2466.0,2019-04-02,3104.0,5,2,74.0,S700_4002,"Royal Canadian Collectables, Ltd.",(604) 555-4555,23 Tsawassen Blvd.,Tsawassen,T2F 8M4,Canada,Lincoln,Elizabeth,2
10250.0,38.0,62.19,12.0,2363.0,2019-05-11,3066.0,5,2,74.0,S700_4002,The Sharp Gifts Warehouse,4085553659,3086 Ingle Ln.,San Jose,94217,USA,Frick,Sue,2
10262.0,35.0,71.07,7.0,2487.0,2019-06-24,3023.0,0,2,74.0,S700_4002,Euro Shopping Channel,(91) 555 94 44,"C/ Moralzarzal, 86",Madrid,28034,Spain,Freyre,Diego,2
10275.0,31.0,72.55,17.0,2249.0,2019-07-23,2995.0,5,2,74.0,S700_4002,La Rochelle Gifts,40.67.8555,"67, rue des Cinquante Otages",Nantes,44000,France,Labrune,Janine,2
10284.0,32.0,64.41,9.0,2061.0,2019-08-21,2967.0,5,2,74.0,S700_4002,"Norway Gifts By Mail, Co.",+47 2212 1555,"Drammensveien 126 A, PB 744 Sentrum",Oslo,N 0106,Norway,Klaeboe,Jan,2
10296.0,47.0,86.62,5.0,4071.0,2019-09-15,2943.0,5,2,74.0,S700_4002,"Bavarian Collectables Imports, Co.",+49 89 61 08 9555,Hansastr. 15,Munich,80686,Germany,Donnermeyer,Michael,1
10308.0,39.0,68.11,15.0,2656.0,2019-10-15,2914.0,5,2,74.0,S700_4002,Mini Classics,9145554562,3758 North Pendale Street,White Plains,24067,USA,Frick,Steve,2
10316.0,44.0,62.19,7.0,2736.0,2019-11-01,2898.0,5,2,74.0,S700_4002,giftsbymail.co.uk,(198) 555-8888,Garden House Crowther Way,Cowes,PO31 7PJ,UK,Bennett,Helen,2
10328.0,39.0,85.87,12.0,3348.0,2019-11-12,2888.0,5,2,74.0,S700_4002,Rovelli Gifts,035-640555,Via Ludovico il Moro 22,Bergamo,24100,Italy,Rovelli,Giovanni,1
10339.0,50.0,57.86,8.0,2893.0,2019-11-23,2878.0,5,2,74.0,S700_4002,"Tokyo Collectables, Ltd",+81 3 3584 0555,2-2-8 Roppongi,Minato-ku,106-0032,Japan,Shimamura,Akiko,2
10352.0,22.0,75.51,1.0,1661.0,2019-12-03,2869.0,5,2,74.0,S700_4002,Auto-Moto Classics Inc.,6175558428,16780 Pompton St.,Brickhaven,58339,USA,Taylor,Leslie,2
10361.0,35.0,122.21,11.0,4277.0,2019-12-17,2856.0,5,2,74.0,S700_4002,Souveniers And Things Co.,+61 2 9495 8555,"Monitor Money Building, 815 Pacific Hwy",Chatswood,2067,Australia,Huxley,Adrian,1
10373.0,45.0,55.62,17.0,2502.0,2020-01-31,2812.0,5,2,74.0,S700_4002,"Oulu Toy Supplies, Inc.",981-443655,Torikatu 38,Oulu,90110,Finland,Koskitalo,Pirkko,2
10386.0,44.0,86.4,15.0,3801.0,2020-03-01,2783.0,4,2,74.0,S700_4002,Euro Shopping Channel,(91) 555 94 44,"C/ Moralzarzal, 86",Madrid,28034,Spain,Freyre,Diego,1
10398.0,36.0,87.36,12.0,3144.0,2020-03-30,2755.0,5,2,74.0,S700_4002,Reims Collectables,26.47.1555,59 rue de l'Abbaye,Reims,51100,France,Henriot,Paul,1
10401.0,28.0,72.55,11.0,2031.0,2020-04-03,2752.0,3,2,74.0,S700_4002,Tekni Collectables Inc.,2015559350,7476 Moss Rd.,Newark,94019,USA,Brown,William,2
10416.0,43.0,62.19,12.0,2674.0,2020-05-10,2716.0,5,2,74.0,S700_4002,L'ordine Souveniers,0522-556555,Strada Provinciale 124,Reggio Emilia,42100,Italy,Moroni,Maurizio,2
10106.0,48.0,52.64,15.0,2526.0,2018-02-17,3530.0,5,2,49.0,S72_1253,Rovelli Gifts,035-640555,Via Ludovico il Moro 22,Bergamo,24100,Italy,Rovelli,Giovanni,2
10119.0,28.0,48.17,6.0,1348.0,2018-04-28,3461.0,5,2,49.0,S72_1253,Salzburg Collectables,6562-9555,Geislweg 14,Salzburg,5020,Austria,Pipps,Georg,2
10131.0,21.0,41.71,7.0,875.0,2018-06-16,3413.0,5,2,49.0,S72_1253,Gift Ideas Corp.,2035554407,2440 Pompton St.,Glendale,97561,USA,Lewis,Dan,2
10143.0,37.0,50.65,10.0,1874.0,2018-08-10,3359.0,5,2,49.0,S72_1253,Mini Creations Ltd.,5085559555,4575 Hillside Dr.,New Bedford,50553,USA,Tam,Wing C,2
10155.0,34.0,49.16,8.0,1671.0,2018-10-06,3303.0,5,2,49.0,S72_1253,"Toys of Finland, Co.",90-224 8555,Keskuskatu 45,Helsinki,21240,Finland,Karttunen,Matti,2
10167.0,40.0,41.71,4.0,1668.0,2018-10-23,3287.0,0,2,49.0,S72_1253,Scandinavian Gift Ideas,0695-34 6555,?kergatan 24,Boras,S-844 67,Sweden,Larsson,Maria,2
10178.0,45.0,51.15,7.0,2301.0,2018-11-08,3272.0,5,2,49.0,S72_1253,Alpha Cognac,61.77.6555,1 rue Alsace-Lorraine,Toulouse,31000,France,Roulet,Annette,2
10186.0,28.0,52.14,4.0,1459.0,2018-11-14,3267.0,5,2,49.0,S72_1253,"Double Decker Gift Stores, Ltd",(171) 555-7555,120 Hanover Sq.,London,WA1 1DP,UK,Hardy,Thomas,2
10197.0,29.0,41.71,1.0,1209.0,2018-11-26,3256.0,5,2,49.0,S72_1253,Enaco Distributors,(93) 203 4555,"Rambla de Catalu¤a, 23",Barcelona,8022,Spain,Saavedra,Eduardo,2
10222.0,31.0,45.69,7.0,1416.0,2019-02-19,3172.0,5,2,49.0,S72_1253,Collectable Mini Designs Co.,7605558146,361 Furth Circle,San Diego,91217,USA,Thompson,Valarie,2
10249.0,32.0,57.61,3.0,1843.0,2019-05-08,3095.0,5,2,49.0,S72_1253,Cambridge Collectables Co.,6175555555,4658 Baden Av.,Cambridge,51247,USA,Tseng,Kyung,2
10262.0,21.0,57.11,12.0,1199.0,2019-06-24,3049.0,0,2,49.0,S72_1253,Euro Shopping Channel,(91) 555 94 44,"C/ Moralzarzal, 86",Madrid,28034,Spain,Freyre,Diego,2
10274.0,32.0,58.6,4.0,1875.0,2019-07-21,3023.0,5,2,49.0,S72_1253,Collectables For Less Inc.,6175558555,7825 Douglas Av.,Brickhaven,58339,USA,Nelson,Allen,2
10283.0,43.0,57.61,1.0,2477.0,2019-08-20,2994.0,5,2,49.0,S72_1253,"Royal Canadian Collectables, Ltd.",(604) 555-4555,23 Tsawassen Blvd.,Tsawassen,T2F 8M4,Canada,Lincoln,Elizabeth,2
10296.0,21.0,45.19,10.0,948.0,2019-09-15,2969.0,5,2,49.0,S72_1253,"Bavarian Collectables Imports, Co.",+49 89 61 08 9555,Hansastr. 15,Munich,80686,Germany,Donnermeyer,Michael,2
10307.0,34.0,53.63,4.0,1823.0,2019-10-14,2941.0,5,2,49.0,S72_1253,"Classic Gift Ideas, Inc",2155554695,782 First Street,Philadelphia,71270,USA,Cervantes,Francisca,2
10316.0,34.0,43.7,12.0,1485.0,2019-11-01,2924.0,5,2,49.0,S72_1253,giftsbymail.co.uk,(198) 555-8888,Garden House Crowther Way,Cowes,PO31 7PJ,UK,Bennett,Helen,2
10329.0,44.0,86.13,8.0,3789.0,2019-11-15,2911.0,5,2,49.0,S72_1253,Land of Toys Inc.,2125557818,897 Long Airport Avenue,NYC,10022,USA,Yu,Kwai,1
10339.0,27.0,76.31,6.0,2060.0,2019-11-23,2904.0,5,2,49.0,S72_1253,"Tokyo Collectables, Ltd",+81 3 3584 0555,2-2-8 Roppongi,Minato-ku,106-0032,Japan,Shimamura,Akiko,2
10352.0,49.0,52.64,4.0,2579.0,2019-12-03,2895.0,5,2,49.0,S72_1253,Auto-Moto Classics Inc.,6175558428,16780 Pompton St.,Brickhaven,58339,USA,Taylor,Leslie,2
10361.0,23.0,95.2,12.0,2189.0,2019-12-17,2882.0,5,2,49.0,S72_1253,Souveniers And Things Co.,+61 2 9495 8555,"Monitor Money Building, 815 Pacific Hwy",Chatswood,2067,Australia,Huxley,Adrian,2
10373.0,25.0,64.97,9.0,1624.0,2020-01-31,2838.0,5,2,49.0,S72_1253,"Oulu Toy Supplies, Inc.",981-443655,Torikatu 38,Oulu,90110,Finland,Koskitalo,Pirkko,2
10386.0,50.0,87.15,16.0,4357.0,2020-03-01,2809.0,4,2,49.0,S72_1253,Euro Shopping Channel,(91) 555 94 44,"C/ Moralzarzal, 86",Madrid,28034,Spain,Freyre,Diego,1
10398.0,34.0,40.22,1.0,1367.0,2020-03-30,2781.0,5,2,49.0,S72_1253,Reims Collectables,26.47.1555,59 rue de l'Abbaye,Reims,51100,France,Henriot,Paul,2
10400.0,20.0,56.12,4.0,1122.0,2020-04-01,2780.0,5,2,49.0,S72_1253,The Sharp Gifts Warehouse,4085553659,3086 Ingle Ln.,San Jose,94217,USA,Frick,Sue,2
10415.0,42.0,57.61,3.0,2419.0,2020-05-09,2743.0,1,2,49.0,S72_1253,"Australian Collectables, Ltd",61-9-3844-6555,7 Allen Street,Glen Waverly,3150,Australia,Connery,Sean,2
10105.0,25.0,56.78,8.0,1419.0,2018-02-11,3562.0,5,3,54.0,S72_3212,Danish Wholesale Imports,31 12 3555,Vinb'ltet 34,Kobenhavn,1734,Denmark,Petersen,Jytte,2
10117.0,50.0,43.68,2.0,2184.0,2018-04-16,3499.0,5,3,54.0,S72_3212,"Dragon Souveniers, Ltd.",+65 221 7555,"Bronz Sok., Bronz Apt. 3/6 Tesvikiye",Singapore,79903,Singapore,Natividad,Eric,2
10129.0,32.0,64.97,8.0,2079.0,2018-06-12,3443.0,5,3,54.0,S72_3212,"Stylish Desk Decors, Co.",(171) 555-0297,35 King George,London,WX3 6FW,UK,Brown,Ann,2
10142.0,39.0,44.23,5.0,1724.0,2018-08-08,3387.0,5,3,54.0,S72_3212,Mini Gifts Distributors Ltd.,4155551450,5677 Strong St.,San Rafael,97562,USA,Nelson,Valarie,2
10153.0,50.0,60.06,4.0,3003.0,2018-09-28,3337.0,5,3,54.0,S72_3212,Euro Shopping Channel,(91) 555 94 44,"C/ Moralzarzal, 86",Madrid,28034,Spain,Freyre,Diego,1
10167.0,38.0,48.59,15.0,1846.0,2018-10-23,3313.0,0,3,54.0,S72_3212,Scandinavian Gift Ideas,0695-34 6555,?kergatan 24,Boras,S-844 67,Sweden,Larsson,Maria,2
10177.0,40.0,50.23,6.0,2009.0,2018-11-07,3299.0,5,3,54.0,S72_3212,CAF Imports,+34 913 728 555,"Merchants House, 27-30 Merchant's Quay",Madrid,28023,Spain,Fernandez,Jesus,2
10185.0,28.0,64.43,6.0,1804.0,2018-11-14,3293.0,5,3,54.0,S72_3212,Mini Creations Ltd.,5085559555,4575 Hillside Dr.,New Bedford,50553,USA,Tam,Wing C,2
10197.0,42.0,50.23,12.0,2109.0,2018-11-26,3282.0,5,3,54.0,S72_3212,Enaco Distributors,(93) 203 4555,"Rambla de Catalu¤a, 23",Barcelona,8022,Spain,Saavedra,Eduardo,2
10208.0,42.0,63.88,6.0,2682.0,2019-01-02,3246.0,5,3,54.0,S72_3212,"Saveley & Henriot, Co.",78.32.5555,"2, rue du Commerce",Lyon,69004,France,Saveley,Mary,2
10222.0,36.0,63.34,18.0,2280.0,2019-02-19,3199.0,5,3,54.0,S72_3212,Collectable Mini Designs Co.,7605558146,361 Furth Circle,San Diego,91217,USA,Thompson,Valarie,2
10232.0,24.0,49.69,3.0,1192.0,2019-03-20,3171.0,5,3,54.0,S72_3212,giftsbymail.co.uk,(198) 555-8888,Garden House Crowther Way,Cowes,PO31 7PJ,UK,Bennett,Helen,2
10248.0,23.0,65.52,9.0,1506.0,2019-05-07,3124.0,0,3,54.0,S72_3212,Land of Toys Inc.,2125557818,897 Long Airport Avenue,NYC,10022,USA,Yu,Kwai,2
10261.0,29.0,50.78,7.0,1472.0,2019-06-17,3084.0,5,3,54.0,S72_3212,Quebec Home Shopping Network,(514) 555-8054,43 rue St. Laurent,Montreal,H1J 1C3,Canada,Fresnisre,Jean,2
10273.0,37.0,45.86,10.0,1696.0,2019-07-21,3051.0,5,3,54.0,S72_3212,Petit Auto,(02) 5554 67,Rue Joseph-Bens 532,Bruxelles,B-1180,Belgium,Dewey,Catherine,2
10283.0,33.0,51.32,12.0,1693.0,2019-08-20,3022.0,5,3,54.0,S72_3212,"Royal Canadian Collectables, Ltd.",(604) 555-4555,23 Tsawassen Blvd.,Tsawassen,T2F 8M4,Canada,Lincoln,Elizabeth,2
10293.0,32.0,60.06,1.0,1921.0,2019-09-09,3003.0,5,3,54.0,S72_3212,Amica Models & Co.,011-4988555,Via Monte Bianco 34,Torino,10100,Italy,Accorti,Paolo,2
10306.0,35.0,59.51,6.0,2082.0,2019-10-14,2969.0,5,3,54.0,S72_3212,"AV Stores, Co.",(171) 555-1555,Fauntleroy Circus,Manchester,EC2 5NT,UK,Ashworth,Victoria,2
10315.0,40.0,55.69,5.0,2227.0,2019-10-29,2955.0,5,3,54.0,S72_3212,La Rochelle Gifts,40.67.8555,"67, rue des Cinquante Otages",Nantes,44000,France,Labrune,Janine,2
10327.0,37.0,86.74,4.0,3209.0,2019-11-10,2944.0,4,3,54.0,S72_3212,Danish Wholesale Imports,31 12 3555,Vinb'ltet 34,Kobenhavn,1734,Denmark,Petersen,Jytte,1
10337.0,42.0,97.16,5.0,4080.0,2019-11-21,2934.0,5,3,54.0,S72_3212,Classic Legends Inc.,2125558493,5905 Pompton St.,NYC,10022,USA,Hernandez,Maria,1
10350.0,20.0,112.22,15.0,2244.0,2019-12-02,2924.0,5,3,54.0,S72_3212,Euro Shopping Channel,(91) 555 94 44,"C/ Moralzarzal, 86",Madrid,28034,Spain,Freyre,Diego,2
10373.0,29.0,137.19,1.0,3978.0,2020-01-31,2865.0,5,3,54.0,S72_3212,"Oulu Toy Supplies, Inc.",981-443655,Torikatu 38,Oulu,90110,Finland,Koskitalo,Pirkko,1
10386.0,43.0,125.99,4.0,5417.0,2020-03-01,2836.0,4,3,54.0,S72_3212,Euro Shopping Channel,(91) 555 94 44,"C/ Moralzarzal, 86",Madrid,28034,Spain,Freyre,Diego,1
10397.0,34.0,62.24,1.0,2116.0,2020-03-28,2810.0,5,3,54.0,S72_3212,Alpha Cognac,61.77.6555,1 rue Alsace-Lorraine,Toulouse,31000,France,Roulet,Annette,2
10414.0,47.0,65.52,9.0,3079.0,2020-05-06,2772.0,3,3,54.0,S72_3212,Gifts4AllAges.com,6175559555,8616 Spinnaker Dr.,Boston,51003,USA,Yoshido,Juri,1
